n,lstate,i,p_error,sim_type,decoder_type,shots,prep_rate,count_accept,LER,LER_error,N_samples,LER_undecided,prep_rate_SEM,prep_rate_SD,LER_SEM,LER_SD,LER_error_SEM,LER_error_SD,LER_undecided_SEM,LER_undecided_SD,eff,eff_SEM,eff_SD,skip,s_l,CNOT,hadamard,meas,cost,cost_SEM,count_accept,count_logerror,count_undecided,count_detect_discard,total_meta_shots,detect_normal,decoding_normal
5,x,8,0.0001,m2,val,170000,0.9997999741117631,169950,0.0,0.0,17,0.0,7.327522419638825e-05,0.00015414361688904273,0.0,0.0,0.0,0.0,0.0,0.0,0.9997058823529412,0.00010424399113897342,0.0002192902991336423,0,3,144,80,128,0.9999501730103805,2.4319665936593276e-05,169950,0.0,0,16,0,0,99.17074999865144
5,x,8,0.00025,m2,val,180000,0.99922759048958,179815,0.0,0.0,18,0.0,0.00017274317882792252,0.0003739220606722789,0.0,0.0,0.0,0.0,0.0,0.0,0.9989722222222223,0.00017488151399187773,0.00037855072790151067,0,3,144,80,128,0.999864705882353,3.8645539356978344e-05,179815,0.0,0,46,0,0,94.44240449694917
5,x,8,0.0005,m2,val,170000,0.9986876284244462,169701,0.0,0.0,17,0.0,0.00019675899880219558,0.0004139072116593016,0.0,0.0,0.0,0.0,0.0,0.0,0.9982411764705882,0.00026577107249620597,0.0005590827572120132,0,3,144,80,128,0.9997633217993079,7.914379783573128e-05,169701,0.0,0,76,0,0,110.7468913323246
5,x,8,0.00075,m2,val,180000,0.9980596504736715,179516,0.0,0.0,18,0.0,0.00019559616624709628,0.00042338992508391754,0.0,0.0,0.0,0.0,0.0,0.0,0.997311111111111,0.00022736667508293717,0.0004921607686744386,0,3,144,80,128,0.9996029411764705,5.5803389849969426e-05,179516,0.0,0,135,0,0,101.19968613702804
5,x,8,0.001,m2,val,980000,0.9975101767536074,976638,0.0,0.0,26,0.0,0.00019876405598498795,0.0005170927551368889,0.0,0.0,0.0,0.0,0.0,0.0,0.9966646153846154,0.00023404435616621383,0.000608875887315196,0,3,144,80,128,0.9995512217194571,5.0622871448058576e-05,976638,0.0,0,881,0,0,345.8507854321506
5,x,8,0.0025,m2,val,980000,0.9938091612946983,971918,0.0,0.0,26,0.0,0.0003693715842717198,0.0009609351612082556,0.0,0.0,0.0,0.0,0.0,0.0,0.9916542307692308,0.00043839629956759704,0.0011405057582561456,0,3,144,80,128,0.9988519909502263,8.235402912473389e-05,971918,0.0,0,2182,0,0,327.2105834730901
5,x,8,0.005,m2,val,980000,0.9873578947006395,962919,0.0,0.0,26,0.0,0.0007199282243622153,0.0018729224818413981,0.0,0.0,0.0,0.0,0.0,0.0,0.9828207692307692,0.0008749188735125116,0.0022761369432912825,0,3,144,80,128,0.9975669457013574,0.0001595218500920045,962919,0.0,0,4578,0,0,371.12501372629777
5,x,8,0.0075,m2,val,980000,0.980796898194946,955164,0.0,0.0,26,0.0,0.0011067369906323614,0.0028792211794129415,0.0,0.0,0.0,0.0,0.0,0.0,0.9739915384615384,0.0014067627926631127,0.003659750474890557,0,3,144,80,128,0.9963260859728507,0.00037189678623652763,955164,0.0,0,6604,0,0,340.959296975052
5,x,8,0.01,m2,val,980000,0.975199395946079,947242,5.963044141785489e-07,0.0,26,1.1926088283570977e-06,0.0009703652667485095,0.002524444607379244,6.472290407909018e-07,1.6837926065085452e-06,0.0,0.0,1.2944580815818036e-06,3.3675852130170904e-06,0.9668525,0.001073799368869533,0.0027935326201782478,0,3,144,80,128,0.9954690497737556,0.00027699163522278884,947242,0.0,3,8887,0,0,351.7693653299939
5,x,8,0.1,m2,val,100000,0.7806779863940144,70925,0.0002666442885754225,0.0,10,0.000533288577150845,0.012721318290610815,0.020524663590964276,0.00010162919634046513,0.00016396925367771374,0.0,0.0,0.00020325839268093025,0.0003279385073554275,0.70906,0.01684496695765369,0.027177787090032032,0,3,144,80,128,0.9516435294117647,0.009923233899041487,70925,0.0,38,9134,0,0,40.051161783747375
5,x,8,0.15,m2,val,100000,0.7005005645654251,61655,0.0004322424092825428,0.0,10,0.0008644848185650856,0.008831924893672823,0.014249489177319672,0.00016599372894424453,0.0002678154391675662,0.0,0.0,0.00033198745788848907,0.0005356308783351324,0.616285,0.012606583024753367,0.020339548913385457,0,3,144,80,128,0.9364547058823529,0.004114140825785447,61655,0.0,53,12003,0,0,50.44052482396364
5,x,8,0.3,m2,val,100000,0.47131719386838544,37004,0.001452392687389394,0.0,10,0.002904785374778788,0.02890831624562915,0.04664087890644678,0.0003411390249111995,0.0005503960803511788,0.0,0.0,0.000682278049822399,0.0011007921607023576,0.36950500000000003,0.02266250064744744,0.0365638364902931,0,3,144,80,128,0.8865205882352942,0.008786000698185286,37004,0.0,107,21435,0,0,43.367966750171036
5,x,8,0.5,m2,val,100000,0.2921498027071148,19992,0.004911508865426115,5.227391531625719e-05,10,0.009718469900219715,0.018573785208993117,0.02996707450569633,0.0012787356684001352,0.002063121039511341,0.00010245687401986407,0.00016530463461413377,0.0025728532240065307,0.00415105932304492,0.198965,0.016256661436811422,0.02622861086252528,0,3,144,80,128,0.8322135294117647,0.009788678970968379,19992,1.0,189,31693,0,0,39.95922846533358
5,x,8,0.7,m2,val,100000,0.1809623731852781,9966,0.011604374795304684,0.0014573605328250957,10,0.020294028524959176,0.017852826044292384,0.02880387396466226,0.0022021292358077467,0.00355293065673393,0.0010053247479408652,0.0016219979549121455,0.0039052551706280397,0.006300765909864339,0.09851,0.015178051243087094,0.024488373658625114,0,3,144,80,128,0.758625294117647,0.021462617618264068,9966,13.0,204,45593,0,0,23.80235766293481
5,x,8,0.9,m2,val,100000,0.1081500986109539,5194,0.01960379522524738,0.0030658673675142975,10,0.03307585571546617,0.014866487997544451,0.023985695346834777,0.0037186003431850466,0.005999615710381909,0.0015800571828366622,0.0025492752709555928,0.005219251367065594,0.008420776531058573,0.05095499999999999,0.008149393212312735,0.013148287805726728,0,3,144,80,128,0.7241447058823529,0.01127029079691027,5194,14.0,169,52106,0,0,19.011062175035477
5,x,8,1.0,m2,val,100000,0.08485742667984528,3655,0.019377164544571262,0.0027321299764340974,10,0.033290069136274324,0.01488746695146572,0.02401954293730362,0.004963001907723732,0.008007341867432554,0.0025382847927143248,0.004095286375074304,0.006873121492191766,0.011089142117541417,0.0358,0.009250609397343627,0.014924997673552771,0,3,144,80,128,0.6916229411764705,0.023601595804365955,3655,10.0,130,58249,0,0,19.642382682301104
5,x,11,0.001,m2,val,800000,0.9987579426530949,798497,0.0,0.0,8,0.0,0.00015584365487406263,0.00022489409217621559,0.0,0.0,0.0,0.0,0.0,0.0,0.99812125,0.00021446548090544361,0.00030948978750749637,1,2,112,80,96,0.9997057692307693,3.174220493231185e-05,798497,0.0,0,510,0,0,493.60524687008
5,x,11,0.0025,m2,val,800000,0.9967898713118313,796173,0.0,0.0,8,0.0,0.0003371793169095913,0.00048657506420942846,0.0,0.0,0.0,0.0,0.0,0.0,0.99521625,0.00044779118180238994,0.0006461962881796084,1,2,112,80,96,0.9992713461538462,6.690130547722643e-05,796173,0.0,0,1263,0,0,608.6300456058234
5,x,11,0.005,m2,val,800000,0.9935960318551397,792418,0.0,0.0,8,0.0,0.0006546813922484327,0.0009447543917867691,0.0,0.0,0.0,0.0,0.0,0.0,0.9905225,0.0010246491350701422,0.0014786456158061801,1,2,112,80,96,0.9985721153846154,0.00019842664228087372,792418,0.0,0,2475,0,0,451.5271991833579
5,x,11,0.0075,m2,val,800000,0.9906384803915536,788751,0.0,0.0,8,0.0,0.0009132309423616981,0.0013178608002721182,0.0,0.0,0.0,0.0,0.0,0.0,0.98593875,0.0014656743439454513,0.002115078097173414,1,2,112,80,96,0.99781,0.0002959666765185924,788751,0.0,0,3796,0,0,553.6663738018833
5,x,11,0.01,m2,val,800000,0.9872722045105801,785245,0.0,0.0,8,0.0,0.00127328454331695,0.0018374451733865955,0.0,0.0,0.0,0.0,0.0,0.0,0.98155625,0.0019525762219437103,0.002817714055755116,1,2,112,80,96,0.9973271153846154,0.0003316570304667116,785245,0.0,0,4633,0,0,600.5098985009827
5,x,13,0.001,m2,val,900000,0.9995063670520695,899025,0.0,0.0,9,0.0,7.230949279198017e-05,0.00011067779508976556,0.0,0.0,0.0,0.0,0.0,0.0,0.9989166666666667,0.0001512223234549421,0.00023146273998205422,2,1,80,48,64,0.9998033333333333,3.270294282072867e-05,899025,0.0,0,531,0,0,718.7990994621068
5,x,13,0.0025,m2,val,900000,0.9987382828887346,897649,0.0,0.0,9,0.0,0.00011010766368776894,0.0001685321382976055,0.0,0.0,0.0,0.0,0.0,0.0,0.9973877777777778,0.0001859355496992924,0.00028459522913157,2,1,80,48,64,0.9995492592592592,3.6486354252520916e-05,897649,0.0,0,1217,0,0,638.8474797089584
5,x,13,0.005,m2,val,900000,0.9977112663589117,895845,0.0,0.0,9,0.0,0.0002621753415222941,0.0004012887880443277,0.0,0.0,0.0,0.0,0.0,0.0,0.9953833333333333,0.0003928701453548166,0.0006013318551349234,2,1,80,48,64,0.9992222222222222,5.6559366822024184e-05,895845,0.0,0,2100,0,0,715.879021638073
5,x,13,0.0075,m2,val,900000,0.9962859240105639,893119,0.0,0.0,9,0.0,0.0005018290883798971,0.0007681057475202507,0.0,0.0,0.0,0.0,0.0,0.0,0.9923544444444445,0.0010376648351579985,0.001588262502792855,2,1,80,48,64,0.9986844444444445,0.00019015379870118094,893119,0.0,0,3552,0,0,694.2661723042838
5,x,13,0.01,m2,val,900000,0.9953250629201139,891484,0.0,0.0,9,0.0,0.00040566060162005316,0.0006209090841123263,0.0,0.0,0.0,0.0,0.0,0.0,0.9905377777777777,0.0007952691632241856,0.0012172487192206923,2,1,80,48,64,0.9983966666666666,0.00016811964875138748,891484,0.0,0,4329,0,0,704.6068935911171
5,x,25,0.0001,m2,val,180000,0.9999444444444444,179990,0.0,0.0,18,0.0,3.952602260949039e-05,8.555852638929628e-05,0.0,0.0,0.0,0.0,0.0,0.0,0.9999444444444444,3.952602260949039e-05,8.555852638929628e-05,3,0,48,16,32,1.0,0.0,179990,0.0,0,0,0,0,104.58471888490021
5,x,25,0.00025,m2,val,180000,0.9998611111111111,179975,0.0,0.0,18,0.0,7.622222222220753e-05,0.00016499158227682928,0.0,0.0,0.0,0.0,0.0,0.0,0.9998611111111111,7.622222222220753e-05,0.00016499158227682928,3,0,48,16,32,1.0,0.0,179975,0.0,0,0,0,0,105.52742671221495
5,x,25,0.0005,m2,val,180000,0.999738888888889,179953,0.0,0.0,18,0.0,0.00010163344219428872,0.0002199970290946302,0.0,0.0,0.0,0.0,0.0,0.0,0.999738888888889,0.00010163344219428872,0.0002199970290946302,3,0,48,16,32,1.0,0.0,179953,0.0,0,0,0,0,102.18992701079696
5,x,25,0.00075,m2,val,180000,0.99965,179937,0.0,0.0,18,0.0,0.00010540640304992613,0.00022816402768495453,0.0,0.0,0.0,0.0,0.0,0.0,0.99965,0.00010540640304992613,0.00022816402768495453,3,0,48,16,32,1.0,0.0,179937,0.0,0,0,0,0,96.3302213139832
5,x,25,0.001,m2,val,180000,0.9994999999999999,179910,0.0,0.0,18,0.0,8.963659383449898e-05,0.00019402850002909745,0.0,0.0,0.0,0.0,0.0,0.0,0.9994999999999999,8.963659383449898e-05,0.00019402850002909745,3,0,48,16,32,1.0,0.0,179910,0.0,0,0,0,0,99.24999885354191
5,x,25,0.0025,m2,val,180000,0.998761111111111,179777,0.0,0.0,18,0.0,0.00017583607107905715,0.0003806169741955135,0.0,0.0,0.0,0.0,0.0,0.0,0.998761111111111,0.00017583607107905715,0.0003806169741955135,3,0,48,16,32,1.0,0.0,179777,0.0,0,0,0,0,102.59518551453948
5,x,25,0.005,m2,val,180000,0.9974500000000001,179541,0.0,0.0,18,0.0,0.00046475352945110117,0.0010060113436385371,0.0,0.0,0.0,0.0,0.0,0.0,0.9974500000000001,0.00046475352945110117,0.0010060113436385371,3,0,48,16,32,1.0,0.0,179541,0.0,0,0,0,0,112.7243885686621
5,x,25,0.0075,m2,val,180000,0.9965555555555555,179380,0.0,0.0,18,0.0,0.0006372285216594354,0.001379352884176119,0.0,0.0,0.0,0.0,0.0,0.0,0.9965555555555555,0.0006372285216594354,0.001379352884176119,3,0,48,16,32,1.0,0.0,179380,0.0,0,0,0,0,98.86612340714782
5,x,25,0.01,m2,val,180000,0.9946611111111111,179039,0.0,0.0,18,0.0,0.0009853833982463717,0.002132973315210164,0.0,0.0,0.0,0.0,0.0,0.0,0.9946611111111111,0.0009853833982463717,0.002132973315210164,3,0,48,16,32,1.0,0.0,179039,0.0,0,0,0,0,104.99569725757465
5,x,25,0.1,m2,val,100000,0.94962,94962,0.0,0.0,10,0.0,0.007948024890639345,0.012823398752107668,0.0,0.0,0.0,0.0,0.0,0.0,0.94962,0.007948024890639345,0.012823398752107668,3,0,48,16,32,1.0,0.0,94962,0.0,0,0,0,0,58.02950307773426
5,x,25,0.15,m2,val,100000,0.9246000000000001,92460,0.0,0.0,10,0.0,0.013209165652850472,0.02131175992524108,0.0,0.0,0.0,0.0,0.0,0.0,0.9246000000000001,0.013209165652850472,0.02131175992524108,3,0,48,16,32,1.0,0.0,92460,0.0,0,0,0,0,69.40756395552307
5,x,25,0.3,m2,val,100000,0.88093,88093,5.461496450027307e-06,0.0,10,1.0922992900054615e-05,0.014251176937595934,0.02299294819431961,1.0704533042053521e-05,1.7270768215010264e-05,0.0,0.0,2.1409066084107043e-05,3.454153643002053e-05,0.8809250000000001,0.014246002247024313,0.022984599312486493,3,0,48,16,32,1.0,0.0,88093,0.0,1,0,0,0,63.092903460841626
5,x,25,0.5,m2,val,100000,0.79811,79811,9.949631073492454e-05,0.0,10,0.00019899262146984907,0.020448800014344765,0.03299223646051699,6.577265046014978e-05,0.00010611805265316079,0.0,0.0,0.00013154530092029956,0.00021223610530632158,0.79803,0.02043780908501584,0.0329745036185367,3,0,48,16,32,1.0,0.0,79811,0.0,16,0,0,0,67.79376190993935
5,x,25,0.7,m2,val,100000,0.6915,69150,0.000160986406489967,0.0,10,0.000321972812979934,0.0492142430982468,0.0794026028120825,8.214717315456253e-05,0.000132536821690131,0.0,0.0,0.00016429434630912506,0.000265073643380262,0.69139,0.04921094457383328,0.07939728094980475,3,0,48,16,32,1.0,0.0,69150,0.0,22,0,0,0,68.35751050896943
5,x,25,0.9,m2,val,100000,0.62127,62127,0.00046877109010759287,7.502142527523237e-05,10,0.0007874993296647209,0.07982832436350172,0.1287955748894779,0.00018108274224869187,0.0002921601583954424,0.00010671873994006558,0.00017218075879274917,0.00023045880611234846,0.0003718238439582426,0.621005,0.07986060888347897,0.12884766295901529,3,0,48,16,32,1.0,0.0,62127,3.0,47,0,0,0,72.22527816472575
5,x,25,1.0,m2,val,100000,0.60021,60021,0.0011664738298024129,0.00015538518738891267,10,0.002022177284827,0.06119982574978824,0.0987402253952821,0.0008840113358411511,0.0014262700503398361,0.00017214121720661227,0.00027773383957482785,0.0014816840508329726,0.0023905593741718875,0.59947,0.0609899320275805,0.09840158140102336,3,0,48,16,32,1.0,0.0,60021,10.0,128,0,0,0,61.53570249443874
5,z,8,0.0001,m2,val,170000,0.9999411764705881,169990,0.0,0.0,17,0.0,3.385998035876643e-05,7.122871199006805e-05,0.0,0.0,0.0,0.0,0.0,0.0,0.9999411764705881,3.385998035876643e-05,7.122871199006805e-05,3,0,48,48,32,1.0,0.0,169990,0.0,0,0,0,0,89.42251436365768
5,z,8,0.00025,m2,val,170000,0.9998823529411766,169980,0.0,0.0,17,0.0,7.744898979819857e-05,0.00016292365588538638,0.0,0.0,0.0,0.0,0.0,0.0,0.9998823529411766,7.744898979819857e-05,0.00016292365588538638,3,0,48,48,32,1.0,0.0,169980,0.0,0,0,0,0,95.68263494502753
5,z,8,0.0005,m2,val,170000,0.9998,169966,0.0,0.0,17,0.0,8.569851395512754e-05,0.00018027756377319386,0.0,0.0,0.0,0.0,0.0,0.0,0.9998,8.569851395512754e-05,0.00018027756377319386,3,0,48,48,32,1.0,0.0,169966,0.0,0,0,0,0,100.7640443155542
5,z,8,0.00075,m2,val,170000,0.9996058823529412,169933,0.0,0.0,17,0.0,0.00011457126338861773,0.00024101501051619005,0.0,0.0,0.0,0.0,0.0,0.0,0.9996058823529412,0.00011457126338861773,0.00024101501051619005,3,0,48,48,32,1.0,0.0,169933,0.0,0,0,0,0,89.82444550190121
5,z,8,0.001,m2,val,1070000,0.9994488461538461,1069521,0.0,0.0,26,0.0,0.00011520515574425359,0.00029971088632981885,0.0,0.0,0.0,0.0,0.0,0.0,0.9994488461538461,0.00011520515574425359,0.00029971088632981885,3,0,48,48,32,1.0,0.0,1069521,0.0,0,0,0,0,945.0965767826419
5,z,8,0.0025,m2,val,1070000,0.9988342307692307,1068832,0.0,0.0,26,0.0,0.00017585025315902528,0.0004574815675143373,0.0,0.0,0.0,0.0,0.0,0.0,0.9988342307692307,0.00017585025315902528,0.0004574815675143373,3,0,48,48,32,1.0,0.0,1068832,0.0,0,0,0,0,955.6522064246237
5,z,8,0.005,m2,val,1070000,0.9974238461538462,1067325,0.0,0.0,26,0.0,0.0003235750768702577,0.0008417936893233312,0.0,0.0,0.0,0.0,0.0,0.0,0.9974238461538462,0.0003235750768702577,0.0008417936893233312,3,0,48,48,32,1.0,0.0,1067325,0.0,0,0,0,0,908.1793871866539
5,z,8,0.0075,m2,val,1080000,0.9964785185185185,1076135,0.0,0.0,27,0.0,0.0003851310571874138,0.001021020242787728,0.0,0.0,0.0,0.0,0.0,0.0,0.9964785185185185,0.0003851310571874138,0.001021020242787728,3,0,48,48,32,1.0,0.0,1076135,0.0,0,0,0,0,931.2322041415609
5,z,8,0.01,m2,val,1080000,0.9943414814814815,1074532,0.0,0.0,27,0.0,0.0011472894241298882,0.0030415768983358244,0.0,0.0,0.0,0.0,0.0,0.0,0.9943414814814815,0.0011472894241298882,0.0030415768983358244,3,0,48,48,32,1.0,0.0,1074532,0.0,0,0,0,0,940.9090612526052
5,z,8,0.1,m2,val,100000,0.95098,95098,0.0,0.0,10,0.0,0.008453274969304297,0.013638572750352816,0.0,0.0,0.0,0.0,0.0,0.0,0.95098,0.008453274969304297,0.013638572750352816,3,0,48,48,32,1.0,0.0,95098,0.0,0,0,0,0,44.527200842276216
5,z,8,0.15,m2,val,100000,0.93056,93056,0.0,0.0,10,0.0,0.011250096472870298,0.018150984056580013,0.0,0.0,0.0,0.0,0.0,0.0,0.93056,0.011250096472870298,0.018150984056580013,3,0,48,48,32,1.0,0.0,93056,0.0,0,0,0,0,57.73576559731737
5,z,8,0.3,m2,val,100000,0.84731,84731,5.927682276229994e-06,0.0,10,1.1855364552459987e-05,0.043926340357770155,0.07087106367669861,1.1618257261410787e-05,1.874497723869816e-05,0.0,0.0,2.3236514522821575e-05,3.748995447739632e-05,0.8473050000000001,0.04392652656470804,0.07087136410426995,3,0,48,48,32,1.0,0.0,84731,0.0,1,0,0,0,55.197715582791716
5,z,8,0.5,m2,val,100000,0.7758700000000001,77587,9.48884863135593e-05,2.4770869457517957e-05,10,0.00014023523371208267,0.033935079861013046,0.054751094357403794,8.067081325269456e-05,0.00013015485233500574,4.8550904136735194e-05,7.833236710845626e-05,0.00013151106380882827,0.00021218086691205914,0.775795,0.03392107185734423,0.054728493746656115,3,0,48,48,32,1.0,0.0,77587,2.0,11,0,0,0,61.567438839003444
5,z,8,0.7,m2,val,100000,0.74832,74832,0.0003091900554173378,5.355188835597293e-05,10,0.0005112763341227298,0.018400047408634584,0.02968676472773685,0.00011904709072406785,0.00019207140586977454,5.784311719706066e-05,9.332448842181955e-05,0.00021710469260941955,0.00035027822416147474,0.74809,0.018420859330419707,0.029720342827393106,3,0,48,48,32,1.0,0.0,74832,4.0,38,0,0,0,67.27148728165776
5,z,8,0.9,m2,val,100000,0.67251,67251,0.000843235948165227,0.00010334148839225772,10,0.0014797889195459389,0.05738836600473421,0.09259078967874361,0.00036698782197346205,0.0005921007096839436,0.00010780161207925155,0.00017392787224916067,0.0006273108344996465,0.0010121076724080693,0.67196,0.05739849542418339,0.09260713255467963,3,0,48,48,32,1.0,0.0,67251,6.0,98,0,0,0,62.65440655173734
5,z,8,1.0,m2,val,100000,0.6106100000000001,61061,0.0011126483069642933,0.00016063917072100083,10,0.001904018272486585,0.06334396997403234,0.10219960263023421,0.0006536649069309348,0.0010546275165427236,0.00019800932160910092,0.0003194696195048754,0.0009740161326735793,0.001571484416835337,0.609955,0.06336745213432173,0.10223748891130342,3,0,48,48,32,1.0,0.0,61061,9.0,113,0,0,0,62.090376547537744
5,z,11,0.001,m2,val,800000,0.9973452282375517,797191,1.630659733756155e-05,0.0,8,3.26131946751231e-05,0.00023140194117087477,0.00033393037098297163,9.056671835366922e-06,1.3069457285243197e-05,0.0,0.0,1.8113343670733843e-05,2.6138914570486393e-05,0.9964725,0.00022901556715649655,0.0003304866541502896,0,3,144,80,128,0.9995453676470588,4.868724147762514e-05,797191,0.0,26,687,0,0,296.3136122042779
5,z,11,0.0025,m2,val,800000,0.9936035579677006,793308,2.8993266732821325e-05,0.0,8,5.798653346564265e-05,0.0004595427483887425,0.0006631546808791495,3.100787334715138e-06,4.4746688803968064e-06,0.0,0.0,6.201574669430276e-06,8.949337760793613e-06,0.99160625,0.0005056700628868513,0.0007297198581843276,0,3,144,80,128,0.9989511029411765,8.216054842802975e-05,793308,0.0,46,1585,0,0,297.75791724282317
5,z,11,0.005,m2,val,800000,0.9868680977604652,785478,5.665583990887747e-05,0.0,8,0.00011331167981775495,0.0007504759688292512,0.001082993156483077,1.4163334373987721e-05,2.043875465318213e-05,0.0,0.0,2.8326668747975443e-05,4.087750930636426e-05,0.981791875,0.001568936995428749,0.0022640938545349302,0,3,144,80,128,0.9973066176470589,0.0007204571751402536,785478,0.0,89,4070,0,0,260.2656136979349
5,z,11,0.0075,m2,val,800000,0.9809871807199064,778576,8.989805592066831e-05,0.0,8,0.00017979611184133662,0.0010914726892739418,0.0015750770205418812,2.6062941067535807e-05,3.7610780339836586e-05,0.0,0.0,5.2125882135071613e-05,7.522156067967317e-05,0.9731325,0.0011353991368677327,0.0016384661816990344,0,3,144,80,128,0.995809044117647,0.0006956961107806701,778576,0.0,140,6333,0,0,307.73283217288554
5,z,11,0.01,m2,val,800000,0.9738572339126776,771681,0.00012896346138397395,0.0,8,0.0002579269227679479,0.002015378635256051,0.0029083426523429452,3.821902824114693e-05,5.515292661158197e-05,0.0,0.0,7.643805648229386e-05,0.00011030585322316394,0.964476875,0.0017340669466964131,0.0025023887694703784,0,3,144,80,128,0.9949719117647059,0.0013471422677083492,771681,0.0,199,7598,0,0,249.05597397428937
5,z,13,0.001,m2,val,800000,0.9973563615388251,797163,8.781003569900404e-06,0.0,8,1.7562007139800807e-05,0.0001706572828093203,0.000246271269251716,4.828445934507323e-06,6.9678099242505e-06,0.0,0.0,9.656891869014646e-06,1.3935619848501e-05,0.996445,0.00017333023394664715,0.0002501285383843366,0,3,144,80,128,0.9995208823529411,3.9414981431502194e-05,797163,0.0,14,724,0,0,273.60815908084624
5,z,13,0.0025,m2,val,800000,0.9933755455028167,792802,2.143928547266173e-05,0.0,8,4.287857094532346e-05,0.0007185732038306473,0.0010369550718522325,1.2903109620873737e-05,1.8620155737373882e-05,0.0,0.0,2.5806219241747475e-05,3.7240311474747764e-05,0.9909812499999999,0.000650052522877925,0.0009380745858253146,0,3,144,80,128,0.9987353676470588,0.000109751850367837,792802,0.0,34,1911,0,0,233.2274419697933
5,z,13,0.005,m2,val,800000,0.9870835311818515,785974,4.323110629015194e-05,0.0,8,8.646221258030388e-05,0.001031680021433689,0.0014887917125927434,1.4400630495752122e-05,2.0781190769200245e-05,0.0,0.0,2.8801260991504244e-05,4.156238153840049e-05,0.982425,0.0015935840925410665,0.0022996614657689774,0,3,144,80,128,0.9975236764705883,0.0003289798826949634,785974,0.0,68,3742,0,0,316.2412507941481
5,z,13,0.0075,m2,val,800000,0.9809502686570089,779529,8.015217540265902e-05,0.0,8,0.00016030435080531804,0.0016790889147509837,0.002423051342521595,1.5378526250612068e-05,2.2192367747883927e-05,0.0,0.0,3.0757052501224136e-05,4.438473549576785e-05,0.974333125,0.002598714392853693,0.0037501399378651597,0,3,144,80,128,0.9964694852941176,0.0005715052456643004,779529,0.0,125,5335,0,0,250.9562448381912
5,z,13,0.01,m2,val,800000,0.9745525024651468,772650,7.709114345722681e-05,0.0,8,0.00015418228691445362,0.002256703318860917,0.003256592285495392,2.603146645570015e-05,3.756536011235861e-05,0.0,0.0,5.20629329114003e-05,7.513072022471722e-05,0.965738125,0.00242143442728169,0.003494311640264178,0,3,144,80,128,0.9952518382352941,0.00026332849774551376,772650,0.0,119,7175,0,0,227.15061136777513
5,z,25,0.0001,m2,val,170000,0.9997764447010579,169946,0.0,0.0,17,0.0,7.978565764092769e-05,0.0001678391295218947,0.0,0.0,0.0,0.0,0.0,0.0,0.9996823529411766,0.00010255669374803577,0.0002157408576210581,0,3,144,80,128,0.9999501730103807,2.2633519258193763e-05,169946,0.0,0,16,0,0,64.89122197916731
5,z,25,0.00025,m2,val,170000,0.9994351787945801,169870,0.0,0.0,17,0.0,0.00011393750732313012,0.00023968182521063837,0.0,0.0,0.0,0.0,0.0,0.0,0.9992352941176472,0.0001290315805875651,0.0002714340998994532,0,3,144,80,128,0.9998941176470588,2.669325036982883e-05,169870,0.0,0,34,0,0,59.51110428897664
5,z,25,0.0005,m2,val,170000,0.9985936032479161,169699,0.0,0.0,17,0.0,0.00023742870260204073,0.0004994610302967228,0.0,0.0,0.0,0.0,0.0,0.0,0.9982294117647058,0.00026667606673167377,0.0005609865259994667,0,3,144,80,128,0.9998069204152249,6.287957384162356e-05,169699,0.0,0,62,0,0,59.861178767401725
5,z,25,0.00075,m2,val,170000,0.9982107427772171,169602,0.0,0.0,17,0.0,0.00022870138389961348,0.000481102021705633,0.0,0.0,0.0,0.0,0.0,0.0,0.9976588235294118,0.0003030174204454662,0.0006374351178055376,0,3,144,80,128,0.9997072664359861,8.208995358386016e-05,169602,0.0,0,94,0,0,64.16624578787014
5,z,25,0.001,m2,val,170000,0.9973979252094687,169419,0.0,0.0,17,0.0,0.0002418594410001633,0.0005087816437737326,0.0,0.0,0.0,0.0,0.0,0.0,0.9965823529411765,0.00022812507951366407,0.00047988969320778805,0,3,144,80,128,0.9995671280276817,7.295899780977063e-05,169419,0.0,0,139,0,0,74.34034111024812
5,z,25,0.0025,m2,val,170000,0.9939525113768506,168634,0.0,0.0,17,0.0,0.0004517945912612502,0.0009504065412514757,0.0,0.0,0.0,0.0,0.0,0.0,0.9919647058823529,0.0005639550216426809,0.0011863500624134016,0,3,144,80,128,0.9989411764705882,0.00013813022731740186,168634,0.0,0,340,0,0,85.6456377953291
5,z,25,0.005,m2,val,170000,0.9878497944695221,167161,0.0,0.0,17,0.0,0.0008158544419718799,0.0017162520609078648,0.0,0.0,0.0,0.0,0.0,0.0,0.9833000000000001,0.0009294057557512355,0.0019551214796017105,0,3,144,80,128,0.9975615916955017,0.00020473925817739874,167161,0.0,0,783,0,0,96.13768623955548
5,z,25,0.0075,m2,val,170000,0.9809543020136149,165690,0.0,0.0,17,0.0,0.0012936015004700373,0.0027212528693344173,0.0,0.0,0.0,0.0,0.0,0.0,0.9746470588235293,0.0013957911301096468,0.002936221561603223,0,3,144,80,128,0.9965961937716263,0.000354546560972881,165690,0.0,0,1093,0,0,97.03263754956424
5,z,25,0.01,m2,val,170000,0.9744540229510706,164135,3.0513294642475725e-06,0.0,17,6.102658928495145e-06,0.0018382047474734373,0.0038668940486453166,5.980605749925243e-06,1.258095367965209e-05,0.0,0.0,1.1961211499850487e-05,2.516190735930418e-05,0.9654970588235294,0.002032457407717765,0.004275528863055819,0,3,144,80,128,0.9951356401384084,0.0005540149909252305,164135,0.0,1,1562,0,0,91.60145225003362
5,z,25,0.1,m2,val,100000,0.7792795538068077,71529,0.0002158314266710038,0.0,10,0.0004316628533420076,0.014771463746746955,0.023832382558329084,8.696432011652249e-05,0.00014030884017153606,0.0,0.0,0.00017392864023304497,0.0002806176803430721,0.715135,0.013569939759302957,0.02189383538299715,0,3,144,80,128,0.9565405882352941,0.0025281350146811187,71529,0.0,31,8209,0,0,28.850175986997783
5,z,25,0.15,m2,val,100000,0.6790941176224334,60008,0.0003856056925278013,0.0,10,0.0007712113850556026,0.013021044792122563,0.021008244417439287,0.00017908415974437716,0.0002889356314539129,0.0,0.0,0.0003581683194887543,0.0005778712629078258,0.59985,0.01238038223068164,0.01997459497572965,0,3,144,80,128,0.9384029411764706,0.0037057303262934545,60008,0.0,46,11635,0,0,29.548977920785546
5,z,25,0.3,m2,val,100000,0.4876195663271285,38165,0.001973400120825229,0.0001307606453690886,10,0.0036852789509122805,0.012373201652465667,0.01996300978079115,0.0006632369009814382,0.0010700710384555661,0.00013716797756624813,0.0002213077709939918,0.001251373386138964,0.0020189745426104615,0.38089500000000004,0.011561078548109411,0.018652724704152183,0,3,144,80,128,0.8850276470588236,0.00878027717950449,38165,5.0,141,21717,0,0,21.19573118770495
5,z,25,0.5,m2,val,100000,0.29008076676645334,18300,0.004648186839870375,0.00036947251105800383,10,0.008557428657624742,0.020532014959195728,0.033126496032503894,0.0011188199486842217,0.0018051119027932894,0.0003120444606090544,0.0005034547075322983,0.001998539537551936,0.003224457618654965,0.182165,0.01876478683788098,0.030275237864924826,0,3,144,80,128,0.8032494117647058,0.01440569231505333,18300,6.0,155,37164,0,0,21.857327326666564
5,z,25,0.7,m2,val,100000,0.16949932798227288,9460,0.009923296735718302,0.0007255445292784912,10,0.01839550441287962,0.031271699457466266,0.05045397785196184,0.002152144444006511,0.0034722848452741263,0.0006153760299490136,0.0009928519755667722,0.004365568746119576,0.007043439040705724,0.09365,0.019571504841932257,0.03157680231506104,0,3,144,80,128,0.7636758823529413,0.012312279336558816,9460,7.0,176,44639,0,0,13.921251997817308
5,z,25,0.9,m2,val,100000,0.09895811207901042,4434,0.022500993222934886,0.004332245112088436,10,0.0363374962216929,0.01534168219818133,0.024752376981995783,0.0061945844150103025,0.009994385668170557,0.001996208345079894,0.003220696456473388,0.00957649005885538,0.01545077580405252,0.04338499999999999,0.007063074986938132,0.011395614409841083,0,3,144,80,128,0.7103588235294118,0.024049262430862865,4434,17.0,157,54710,0,0,18.567677215207368
5,z,25,1.0,m2,val,100000,0.08229321627352101,3389,0.024976005049605513,0.004085995102012046,10,0.04178001989518693,0.005452230915460506,0.008796667358183751,0.0038675130664332057,0.006239872535913792,0.0017177165885915522,0.0027713759156141353,0.008434406551131373,0.01360813031296968,0.03304,0.0027579567283689487,0.004449706607057244,0,3,144,80,128,0.6881129411764706,0.005960282601878552,3389,13.0,144,58912,0,0,14.755095765925944
