n,lstate,i,p_error,sim_type,N_samples,total_meta_shots,shots,count_accept,count_logerror,count_undecided,count_detect_discard,prep_rate,prep_rate_SEM,prep_rate_SD,LER,LER_SEM,LER_SD,detect_normal,decoding_normal
3,x,2.0,0.0001,m1,2051,0.0,205100000.0,204264556.0,0.0,139.0,0.0,0.995926650414432,8.756578631696725e-06,0.00020233043288586948,3.4024208131379777e-07,5.7502032268942494e-08,1.3286480451027504e-06,0.0,124.75078783221298
3,x,2.0,0.0001,normal,2051,0.0,205100000.0,204057427.0,0.0,108.0,0.0,0.994916757679181,9.615242807132553e-06,0.0002221708182266285,2.6463130020704673e-07,5.045348215763591e-08,1.1657835000307594e-06,0.0,371.88815388105644
3,x,2.0,0.0005,m1,2051,0.0,205100000.0,200961138.0,6.0,3201.0,0.0,0.9798202730375427,1.889170384144837e-05,0.00043651370894516237,7.994048127654853e-06,2.851582990648101e-07,6.588897846692631e-06,0.0,183.02476667404508
3,x,2.0,0.0005,normal,2051,0.0,205100000.0,199946821.0,4.0,3099.0,0.0,0.9748747976596782,2.112158067301458e-05,0.00048803747908294517,7.769486845400775e-06,2.6826060728470733e-07,6.19845799153453e-06,0.0,1262.1875000540563
3,x,2.0,0.001,m1,2051,0.0,205100000.0,196907296.0,14.0,12288.0,0.0,0.9600550755728913,2.623227950871916e-05,0.0006061258274287708,3.127350446545771e-05,5.546050981749874e-07,1.2814764112123574e-05,0.0,284.8370624606659
3,x,2.0,0.001,normal,2051,0.0,205100000.0,194927298.0,17.0,12248.0,0.0,0.9504012579229644,2.954007427516974e-05,0.0006825560834845973,3.150420337148482e-05,5.599803283629138e-07,1.2938964749898652e-05,0.0,2000.3598410139903
3,x,2.0,0.005,m1,2051,0.0,205100000.0,167428358.0,2065.0,256624.0,0.0,0.8163254900048756,5.323517974336894e-05,0.0012300576989332462,0.0007787065786139821,3.0519029802406956e-06,7.05175933534815e-05,0.0,1031.1828381949563
3,x,2.0,0.005,normal,2040,0.0,204000000.0,158408133.0,2056.0,244263.0,0.0,0.7765104558823529,5.608159384966125e-05,0.0012923476582764118,0.0007839754739429474,3.107244674740078e-06,7.160353519653839e-05,0.0,4629.518747857931
3,x,2.0,0.01,m1,2051,0.0,205100000.0,136995736.0,13521.0,819106.0,0.0,0.6679460555826426,6.418092472317927e-05,0.0014829712412163963,0.0030882465494758453,6.717784323977703e-06,0.0001552218357731972,0.0,1607.188691012017
3,x,2.0,0.01,normal,2051,0.0,205100000.0,124156027.0,13507.0,750485.0,0.0,0.6053438664066308,6.821886289442093e-05,0.0015762722680805145,0.003131138149311923,7.1822668307547275e-06,0.00016595421774758245,0.0,8143.425452185062
3,x,3.0,0.0001,m1,2051,0.0,205100000.0,204640826.0,0.0,231.0,0.0,0.9977612189176012,6.6180863311219785e-06,0.00015291820339566865,5.64408740958862e-07,7.2484544773999e-08,1.6748355651797158e-06,0.0,117.03267752215916
3,x,3.0,0.0001,normal,2051,0.0,205100000.0,204433637.0,0.0,281.0,0.0,0.9967510336421258,7.813536129415895e-06,0.00018054039299225387,6.872647154812934e-07,8.001857372388314e-08,1.8489176356914676e-06,0.0,342.93041964596017
3,x,3.0,0.0005,m1,2051,0.0,205100000.0,202822012.0,8.0,5475.0,0.0,0.9888932813261824,1.4461897999581775e-05,0.00033415814619821394,1.3536496446366032e-05,3.5450132063969477e-07,8.191145044253858e-06,0.0,125.57921084306953
3,x,3.0,0.0005,normal,2051,0.0,205100000.0,201805218.0,12.0,7315.0,0.0,0.9839357289127254,1.7181821995188496e-05,0.0003970049979875341,1.8183246792370924e-05,4.306333315204152e-07,9.950259347437265e-06,0.0,1255.3906699127265
3,x,3.0,0.001,m1,2051,0.0,205100000.0,200579238.0,45.0,22154.0,0.0,0.9779582545099952,1.988437358603517e-05,0.0004594504411533256,5.5449335691848915e-05,7.288951059776225e-07,1.6841927483756057e-05,0.0,183.98719854107313
3,x,3.0,0.001,normal,2051,0.0,205100000.0,198580524.0,115.0,28466.0,0.0,0.9682131838127742,2.3884558812041298e-05,0.0005518791444680875,7.225293581657106e-05,8.359804075188749e-07,1.931625179783547e-05,0.0,1921.0122231220107
3,x,3.0,0.005,m1,2051,0.0,205100000.0,183860445.0,5949.0,498370.0,0.0,0.8964429302779132,4.23376751385219e-05,0.0009782588038610024,0.0013876464844613087,3.808210064745247e-06,8.799290491507082e-05,0.0,577.7135490280137
3,x,3.0,0.005,normal,2050,0.0,205000000.0,175259813.0,12607.0,627941.0,0.0,0.8549259170731708,4.850640241963897e-05,0.0011205208050390602,0.001863395935466192,4.548891018501663e-06,0.00010508153092843557,0.0,3649.0531285299567
3,x,3.0,0.01,m1,2051,0.0,205100000.0,165714655.0,42022.0,1746584.0,0.0,0.8079700390053632,5.31165988800074e-05,0.0012273177569507609,0.00552343229517228,8.1536161805609e-06,0.00018839831865684472,0.0,826.1255614709544
3,x,3.0,0.01,normal,2051,0.0,205100000.0,151725183.0,86322.0,2127653.0,0.0,0.7397619843978547,6.164603529470067e-05,0.0014243998177239643,0.007580462056676553,1.0056894603195879e-05,0.00023237567138227245,0.0,6510.031643545984
3,x,4.0,0.0001,m1,2051,0.0,205100000.0,204243552.0,93.0,370392.0,0.0,0.995824241833252,8.786432492320645e-06,0.00020302023934994754,0.0009071961472008129,2.9720838804514417e-06,6.867328478364104e-05,0.0,339.0233940890657
3,x,4.0,0.0001,normal,2051,0.0,205100000.0,203933695.0,207.0,370348.0,0.0,0.9943134812286689,1.0280887372760092e-05,0.00023755127202898876,0.0009090256447257238,2.936667740082917e-06,6.785495569492915e-05,0.0,1862.3433458441154
3,x,4.0,0.0005,m1,2051,0.0,205100000.0,200866599.0,2128.0,1823357.0,0.0,0.9793593320331545,1.8943376227951897e-05,0.0004377076565780495,0.004549319531683571,6.5403332120730215e-06,0.0001511216315955301,0.0,699.2621213412039
3,x,4.0,0.0005,normal,2051,0.0,205100000.0,199359287.0,5250.0,1815348.0,0.0,0.9720101755241345,2.205193039319974e-05,0.0005095342382097272,0.00457929308802358,6.530436847810789e-06,0.00015089296515520081,0.0,3159.704323221128
3,x,4.0,0.001,m1,2051,0.0,205100000.0,196749845.0,8203.0,3568585.0,0.0,0.9592873963920039,2.718174140896516e-05,0.0006280641946113641,0.009110532067149955,9.105522131782416e-06,0.00021039315834001958,0.0,1144.2123329319575
3,x,4.0,0.001,normal,2051,0.0,205100000.0,193837475.0,20084.0,3541073.0,0.0,0.9450876401755242,3.1478382335942887e-05,0.000727342834737285,0.009237741602303194,9.618606658748842e-06,0.0002222485437381912,0.0,5040.245418910021
3,x,4.0,0.005,m1,2051,0.0,205100000.0,167627417.0,170759.0,15228454.0,0.0,0.8172960360799609,5.357123770616797e-05,0.0012378226897987136,0.04644220374592915,2.1947331493294625e-05,0.0005071173649550771,0.0,2614.8848180199343
3,x,4.0,0.005,normal,2051,0.0,205100000.0,156499398.0,393202.0,14662896.0,0.0,0.7630394831789371,5.852057178706776e-05,0.0013521825270370168,0.04935895858335086,2.4309297735161148e-05,0.0005616932069910052,0.0,12380.133359034979
3,x,4.0,0.01,m1,2051,0.0,205100000.0,139177739.0,538370.0,25156155.0,0.0,0.678584783032667,6.47978106189225e-05,0.0014972250720305359,0.0942423974836233,3.311134774889009e-05,0.0007650743064439736,0.0,4200.294464130985
3,x,4.0,0.01,normal,2051,0.0,205100000.0,123116290.0,1148821.0,23470886.0,0.0,0.6002744514870795,6.70585413973595e-05,0.0015494617567310919,0.10465112710738078,3.835307829294109e-05,0.0008861902873146236,0.0,21847.98640459494
3,x,5.0,0.0001,m1,2051,0.0,205100000.0,205100000.0,0.0,357.0,0.0,1.0,0.0,0.0,8.70307167235495e-07,9.003158187354077e-08,2.0802792620322124e-06,0.0,40.833148372023416
3,x,5.0,0.0001,normal,2051,0.0,205100000.0,205100000.0,2.0,759.0,0.0,1.0,0.0,0.0,1.8600682593856657e-06,1.3374876629412416e-07,3.090413153407331e-06,0.0,320.07896813498877
3,x,5.0,0.0005,m1,2051,0.0,205100000.0,205100000.0,18.0,9411.0,0.0,1.0,0.0,0.0,2.303022915650902e-05,4.545556348392269e-07,1.050301062047464e-05,0.0,38.86498894377418
3,x,5.0,0.0005,normal,2051,0.0,205100000.0,205100000.0,44.0,19631.0,0.0,1.0,0.0,0.0,4.8071672354948803e-05,6.769440308468653e-07,1.564154044194453e-05,0.0,602.1165943429986
3,x,5.0,0.001,m1,2051,0.0,205100000.0,205100000.0,161.0,36889.0,0.0,1.0,0.0,0.0,9.071428571428571e-05,9.467781043216735e-07,2.1876355109843734e-05,0.0,55.31202199609551
3,x,5.0,0.001,normal,2051,0.0,205100000.0,205100000.0,374.0,78048.0,0.0,1.0,0.0,0.0,0.000192091662603608,1.3800004041308947e-06,3.1886435432645255e-05,0.0,865.1870320757835
3,x,5.0,0.005,m1,2051,0.0,205100000.0,205100000.0,15883.0,851685.0,0.0,1.0,0.0,0.0,0.0021537079473427597,4.559215530460425e-06,0.00010534571671165295,0.0,107.3341416239672
3,x,5.0,0.005,normal,2047,0.0,204700000.0,204700000.0,47010.0,1719653.0,0.0,1.0,0.0,0.0,0.004430075720566683,6.744612326582114e-06,0.0001556896856966219,0.0,1096.9484794271298
3,x,5.0,0.01,m1,2051,0.0,205100000.0,205100000.0,116433.0,3081995.0,0.0,1.0,0.0,0.0,0.008081084836665042,8.967193691626525e-06,0.00020719692675753162,0.0,121.50410145589775
3,x,5.0,0.01,normal,2051,0.0,205100000.0,205100000.0,327951.0,5945381.0,0.0,1.0,0.0,0.0,0.016092840078010723,1.2823424179810968e-05,0.00029629939666030733,0.0,2099.94106085691
3,x,6.0,0.0001,m1,2051,0.0,205100000.0,204243092.0,96.0,391628.0,0.0,0.9958219990248659,8.90376341238529e-06,0.00020573130001028868,0.0009592000906547271,2.992315149343576e-06,6.914075062446142e-05,0.0,731.4841075020645
3,x,6.0,0.0001,normal,2051,0.0,205100000.0,203933102.0,154.0,390916.0,0.0,0.994310589956119,1.0087879604268147e-05,0.00023309161409729902,0.0009591964832973682,3.042982721794806e-06,7.03114809174808e-05,0.0,8156.737585635954
3,x,6.0,0.0005,m1,2051,0.0,205100000.0,200863603.0,2696.0,1920694.0,0.0,0.9793447245246221,1.902057663797481e-05,0.00043949145742491936,0.004794510295070086,6.859174568370964e-06,0.0001584888137285341,0.0,1418.4914023519682
3,x,6.0,0.0005,normal,2051,0.0,205100000.0,199352877.0,3981.0,1911776.0,0.0,0.9719789224768405,2.1914424485097602e-05,0.0005063570121399512,0.004814925351685918,6.786050038183882e-06,0.00015679919059264713,0.0,9546.984996196235
3,x,6.0,0.001,m1,2051,0.0,205100000.0,196740450.0,10205.0,3745481.0,0.0,0.959241589468552,2.724011469870533e-05,0.0006294129740238335,0.009570710041673314,9.57845054592315e-06,0.00022132069234408316,0.0,2419.9207354121063
3,x,6.0,0.001,normal,2051,0.0,205100000.0,193813204.0,14995.0,3708444.0,0.0,0.9449693027791322,3.117445928586374e-05,0.0007203203565671105,0.00964441935434152,9.667139103700488e-06,0.00022336993954916827,0.0,12151.955708629135
3,x,6.0,0.005,m1,2051,0.0,205100000.0,167417342.0,211362.0,15482905.0,0.0,0.8162717796196978,5.32450786447003e-05,0.0012302864239953635,0.047502916747093504,2.1939810800807022e-05,0.0005069435910382747,0.0,5431.696004411968
3,x,6.0,0.005,normal,2051,0.0,205100000.0,155988735.0,295556.0,14682622.0,0.0,0.7605496587030717,5.950090880553457e-05,0.0013748342979698382,0.04895778881108028,2.3605261271233535e-05,0.0005454256659221358,0.0,15607.437010597025
3,x,6.0,0.01,m1,2051,0.0,205100000.0,138468206.0,668171.0,24613267.0,0.0,0.6751253339834228,6.349230774909035e-05,0.001467059984512136,0.09370246015771974,3.368092977665457e-05,0.0007782351290767362,0.0,7170.338260996906
3,x,6.0,0.01,normal,2051,0.0,205100000.0,121564685.0,893018.0,22325285.0,0.0,0.592709336908825,6.745361515715149e-05,0.0015585903728496308,0.09917069543456969,3.652125250297597e-05,0.0008438639266840533,0.0,30494.780785784056
3,x,7.0,0.0001,m1,2051,0.0,205100000.0,204722899.0,234.0,473192.0,0.0,0.9981613798147245,5.845468300239385e-06,0.0001350660093802975,0.0011568317696348603,3.3456687140600206e-06,7.73053754988446e-05,0.0,314.9711835521179
3,x,7.0,0.0001,normal,2051,0.0,205100000.0,204597205.0,531.0,658367.0,0.0,0.9975485372988786,6.63595854468909e-06,0.00015333116065440586,0.0016115300221287404,3.8924039900258875e-06,8.993829866585952e-05,0.0,2657.4193255310056
3,x,7.0,0.0005,m1,2051,0.0,205100000.0,203224307.0,6677.0,2331755.0,0.0,0.9908547391516334,1.3177364957705447e-05,0.00030447758974454795,0.00576975413131034,7.236499021526086e-06,0.00016720731248887776,0.0,638.3307339609959
3,x,7.0,0.0005,normal,2051,0.0,205100000.0,202605279.0,13035.0,3219930.0,0.0,0.9878365626523646,1.444474916353939e-05,0.000333761903377144,0.008010650132875602,8.73764548863708e-06,0.00020189296167796167,0.0,3544.7485053500855
3,x,7.0,0.001,m1,2051,0.0,205100000.0,201375757.0,26777.0,4575399.0,0.0,0.9818418186250609,1.851899289366219e-05,0.0004279018103282857,0.011493325925791265,1.0184717839276715e-05,0.00023532916860726072,0.0,812.6436920710694
3,x,7.0,0.001,normal,2051,0.0,205100000.0,200153779.0,50693.0,6264317.0,0.0,0.9758838566552901,2.1157463027317603e-05,0.0004888665805601836,0.01590203004011076,1.246653060358341e-05,0.0002880529759051823,0.0,5626.445897220019
3,x,7.0,0.005,m1,2051,0.0,205100000.0,187393723.0,573206.0,19571358.0,0.0,0.9136700292540224,3.891777667691979e-05,0.0008992382679570613,0.05527869862713793,2.3416369580791227e-05,0.0005410611145256128,0.0,1381.2039923789448
3,x,7.0,0.005,normal,2051,0.0,205100000.0,182020724.0,1032392.0,25349011.0,0.0,0.8874730570453437,4.370398479265432e-05,0.0010098288993748011,0.07530405286502004,2.654450676542772e-05,0.0006133401834764558,0.0,11861.446677972077
3,x,7.0,0.01,m1,2051,0.0,205100000.0,171838102.0,1907815.0,32401314.0,0.0,0.8378259483178937,5.0164298547184264e-05,0.00115910159291302,0.10538099520682867,3.240771945083133e-05,0.0007488161964988809,0.0,1780.9521551540874
3,x,7.0,0.01,normal,2051,0.0,205100000.0,162615586.0,3214602.0,39296676.0,0.0,0.79286,5.4075062519747625e-05,0.0012494641192790838,0.1405949520508014,3.770672638226321e-05,0.0008712556116399618,0.0,16968.560320854867
3,z,2.0,0.0001,m1,2051,0.0,205100000.0,204640826.0,120.0,310891.0,0.0,0.9977612189176012,6.6180863311219785e-06,0.00015291820339566865,0.000760188070108647,2.6190663974522877e-06,6.051642544899712e-05,0.0,267.604334031881
3,z,2.0,0.0001,normal,2051,0.0,205100000.0,204433637.0,191.0,413207.0,0.0,0.9967510336421258,7.813536129415895e-06,0.00018054039299225387,0.001011547939535557,2.9725898409028013e-06,6.868497555939405e-05,0.0,2282.0034450669787
3,z,2.0,0.0005,m1,2051,0.0,205100000.0,202822012.0,2938.0,1532570.0,0.0,0.9888932813261824,1.4461897999581775e-05,0.00033415814619821394,0.003792599665706924,5.896826047557927e-06,0.00013625268692686688,0.0,567.3299695720538
3,z,2.0,0.0005,normal,2051,0.0,205100000.0,201805218.0,5142.0,2032627.0,0.0,0.9839357289127254,1.7181821995188496e-05,0.0003970049979875341,0.005061588507784108,6.967132666477411e-06,0.00016098330497244816,0.0,3427.4135902608236
3,z,2.0,0.001,m1,2051,0.0,205100000.0,200579238.0,11457.0,3010381.0,0.0,0.9779582545099952,1.988437358603517e-05,0.0004594504411533256,0.007561339549887799,8.64790261992274e-06,0.0001998193534527508,0.0,800.1361824830387
3,z,2.0,0.001,normal,2051,0.0,205100000.0,198580524.0,20078.0,3958270.0,0.0,0.9682131838127742,2.3884558812041298e-05,0.0005518791444680875,0.010067520187316135,9.82697874900936e-06,0.0002270632113152212,0.0,4298.652269054151
3,z,2.0,0.005,m1,2051,0.0,205100000.0,183860445.0,252452.0,13138569.0,0.0,0.8964429302779132,4.23376751385219e-05,0.0009782588038610024,0.037102783267293056,1.898529984299791e-05,0.0004386763480655782,0.0,1295.5019737859493
3,z,2.0,0.005,normal,2051,0.0,205100000.0,175345385.0,421717.0,16366016.0,0.0,0.8549263042418334,4.848868491846886e-05,0.0011203846870178052,0.04907304146531905,2.2079876063870576e-05,0.0005101799538347373,0.0,11917.88982820821
3,z,2.0,0.01,m1,2051,0.0,205100000.0,165714655.0,871289.0,22264602.0,0.0,0.8079700390053632,5.31165988800074e-05,0.0012273177569507609,0.07243531436766447,2.803528347820981e-05,0.0006477862280242141,0.0,1550.7565084568823
3,z,2.0,0.01,normal,2051,0.0,205100000.0,151725183.0,1367768.0,26065436.0,0.0,0.7397619843978547,6.164603529470067e-05,0.0014243998177239643,0.09491160424416725,3.195414750881243e-05,0.000738335915188852,0.0,12887.738627324828
3,z,3.0,0.0001,m1,2051,0.0,205100000.0,204243552.0,42.0,228418.0,0.0,0.995824241833252,8.786432492320645e-06,0.00020302023934994754,0.0005593859422516678,2.26502660132761e-06,5.23359444390469e-05,0.0,485.9099547178038
3,z,3.0,0.0001,normal,2051,0.0,205100000.0,203933695.0,83.0,228350.0,0.0,0.9943134812286689,1.0280887372760092e-05,0.00023755127202898876,0.0005602702618438062,2.3141934531129346e-06,5.347199892148492e-05,0.0,7324.266336262151
3,z,3.0,0.0005,m1,2051,0.0,205100000.0,200866599.0,1175.0,1127932.0,0.0,0.9793593320331545,1.8943376227951897e-05,0.0004377076565780495,0.002813513031421946,5.229438017448839e-06,0.00012083194844962274,0.0,1043.5582380257729
3,z,3.0,0.0005,normal,2051,0.0,205100000.0,199359287.0,1734.0,1120824.0,0.0,0.9720101755241345,2.205193039319974e-05,0.0005095342382097272,0.0028197648953231084,5.103141079814612e-06,0.00011791371803812452,0.0,9181.209077465142
3,z,3.0,0.001,m1,2051,0.0,205100000.0,196749845.0,4378.0,2205460.0,0.0,0.9592873963920039,2.718174140896516e-05,0.0006280641946113641,0.0056269817035233165,7.272196614627525e-06,0.00016803214485423257,0.0,1958.2473007079075
3,z,3.0,0.001,normal,2051,0.0,205100000.0,193837475.0,6787.0,2182459.0,0.0,0.9450876401755242,3.1478382335942887e-05,0.000727342834737285,0.005664625625947882,7.449770824564768e-06,0.00017213519334807186,0.0,9747.745569208048
3,z,3.0,0.005,m1,2051,0.0,205100000.0,167627417.0,95747.0,9463740.0,0.0,0.8172960360799609,5.357123770616797e-05,0.0012378226897987136,0.028799685493328175,1.7969373839558173e-05,0.0004152022542783174,0.0,4258.858880286946
3,z,3.0,0.005,normal,2051,0.0,205100000.0,156499398.0,138787.0,9029149.0,0.0,0.7630394831789371,5.852057178706776e-05,0.0013521825270370168,0.029734063764626624,1.8778290098954995e-05,0.0004338931590044779,0.0,20674.972032195892
3,z,3.0,0.01,m1,2051,0.0,205100000.0,139177739.0,322737.0,15774576.0,0.0,0.678584783032667,6.47978106189225e-05,0.0014972250720305359,0.05898943763631956,2.6967815172788765e-05,0.000623121192350808,0.0,5906.571212646995
3,z,3.0,0.01,normal,2051,0.0,205100000.0,123116290.0,451692.0,14526260.0,0.0,0.6002744514870795,6.70585413973595e-05,0.0015494617567310919,0.06266285029877705,3.038161192329935e-05,0.000702000741472306,0.0,21210.078155152027
3,z,4.0,0.0001,m1,2051,0.0,205100000.0,205100000.0,0.0,159.0,0.0,1.0,0.0,0.0,3.876157971721112e-07,5.982249581057478e-08,1.3822649213533514e-06,0.0,38.95690794182191
3,z,4.0,0.0001,normal,2051,0.0,205100000.0,205100000.0,0.0,322.0,0.0,1.0,0.0,0.0,7.849829351535836e-07,8.62197019624672e-08,1.9922015612593685e-06,0.0,279.98401381419575
3,z,4.0,0.0005,m1,2051,0.0,205100000.0,205100000.0,5.0,3970.0,0.0,1.0,0.0,0.0,9.702584105314482e-06,3.040318834014696e-07,7.024992884441906e-06,0.0,44.06616012387066
3,z,4.0,0.0005,normal,2051,0.0,205100000.0,205100000.0,10.0,7839.0,0.0,1.0,0.0,0.0,1.915894685519259e-05,4.256808841316249e-07,9.835827573777251e-06,0.0,544.1877816229193
3,z,4.0,0.001,m1,2051,0.0,205100000.0,205100000.0,42.0,15074.0,0.0,1.0,0.0,0.0,3.69527059970746e-05,5.930246632121072e-07,1.3702490649187861e-05,0.0,52.15509119790786
3,z,4.0,0.001,normal,2051,0.0,205100000.0,205100000.0,106.0,30831.0,0.0,1.0,0.0,0.0,7.567771818625061e-05,8.824073295334913e-07,2.038899717292676e-05,0.0,729.9596631992835
3,z,4.0,0.005,m1,2051,0.0,205100000.0,205100000.0,4329.0,360562.0,0.0,1.0,0.0,0.0,0.0009000975134080937,2.965488469521073e-06,6.852089052045572e-05,0.0,99.20893284586363
3,z,4.0,0.005,normal,2051,0.0,205100000.0,205100000.0,12120.0,720278.0,0.0,1.0,0.0,0.0,0.0018150121891760116,4.1708863251682195e-06,9.637294098340333e-05,0.0,1157.6279345839275
3,z,4.0,0.01,m1,2051,0.0,205100000.0,205100000.0,32294.0,1359244.0,0.0,1.0,0.0,0.0,0.003471067771818625,5.673597976717518e-06,0.00013109475548981817,0.0,121.51865759907322
3,z,4.0,0.01,normal,2051,0.0,205100000.0,205100000.0,90723.0,2631398.0,0.0,1.0,0.0,0.0,0.00685725012189176,8.138588899010656e-06,0.0001880510966984701,0.0,1487.281524094939
3,z,5.0,0.0001,m1,2051,0.0,205100000.0,204243092.0,56.0,206698.0,0.0,0.9958219990248659,8.90376341238529e-06,0.00020573130001028868,0.0005062838325481045,2.1386565305138204e-06,4.94160242045594e-05,0.0,224.4796007909603
3,z,5.0,0.0001,normal,2051,0.0,205100000.0,203933102.0,116.0,207114.0,0.0,0.994310589956119,1.0087879604268147e-05,0.00023309161409729902,0.0005083679098540629,2.203708753154988e-06,5.0919127747709456e-05,0.0,2358.2186140609224
3,z,5.0,0.0005,m1,2051,0.0,205100000.0,200863603.0,1428.0,1022812.0,0.0,0.9793447245246221,1.902057663797481e-05,0.00043949145742491936,0.0025531449362909977,5.010337821002197e-06,0.00011576939611531699,0.0,701.7547415867921
3,z,5.0,0.0005,normal,2051,0.0,205100000.0,199352877.0,2869.0,1017437.0,0.0,0.9719789224768405,2.1914424485097602e-05,0.0005063570121399512,0.002566243108239239,4.995492841293716e-06,0.00011542638644259769,0.0,3144.1460587890842
3,z,5.0,0.001,m1,2051,0.0,205100000.0,196740450.0,5517.0,2006698.0,0.0,0.959241589468552,2.724011469870533e-05,0.0006294129740238335,0.0051279039139864036,7.196623753040118e-06,0.00016628595031381523,0.0,1039.1626862499575
3,z,5.0,0.001,normal,2051,0.0,205100000.0,193813204.0,11165.0,1986811.0,0.0,0.9449693027791322,3.117445928586374e-05,0.0007203203565671105,0.005183187481722602,7.1700912888600585e-06,0.00016567288838759118,0.0,4216.3641229128425
3,z,5.0,0.005,m1,2051,0.0,205100000.0,167417342.0,117407.0,8791108.0,0.0,0.8162717796196978,5.32450786447003e-05,0.0012302864239953635,0.026956367865386983,1.7080336601459422e-05,0.0003946600657362014,0.0,2339.39184579888
3,z,5.0,0.005,normal,2051,0.0,205100000.0,155988735.0,227548.0,8380551.0,0.0,0.7605496587030717,5.950090880553457e-05,0.0013748342979698382,0.028321420900172905,1.827063245407462e-05,0.0004221631677183077,0.0,11463.534246734913
3,z,5.0,0.01,m1,2051,0.0,205100000.0,138468206.0,384976.0,14972221.0,0.0,0.6751253339834228,6.349230774909035e-05,0.001467059984512136,0.05684403202207109,2.726938382463594e-05,0.0006300892695461844,0.0,3708.2558687239502
3,z,5.0,0.01,normal,2051,0.0,205100000.0,121564685.0,702553.0,13708047.0,0.0,0.592709336908825,6.745361515715149e-05,0.0015585903728496308,0.06216083101939983,3.0606017795340185e-05,0.0007071858873085806,0.0,14441.38658162397
3,z,6.0,0.0001,m1,2051,0.0,205100000.0,204722899.0,0.0,78.0,0.0,0.9981613798147245,5.845468300239385e-06,0.0001350660093802975,1.9050225933466762e-07,4.2024952558550326e-08,9.710330028215643e-07,0.0,71.54022784901271
3,z,6.0,0.0001,normal,2051,0.0,205100000.0,204597205.0,0.0,126.0,0.0,0.9975485372988786,6.63595854468909e-06,0.00015333116065440586,3.07919689459104e-07,5.2539801370507126e-08,1.2139902126331387e-06,0.0,332.9036660899223
3,z,6.0,0.0005,m1,2051,0.0,205100000.0,203224307.0,0.0,2025.0,0.0,0.9908547391516334,1.3177364957705447e-05,0.00030447758974454795,4.982102457070636e-06,2.1676306962094766e-07,5.008550434449542e-06,0.0,137.37136658217824
3,z,6.0,0.0005,normal,2051,0.0,205100000.0,202605279.0,10.0,2920.0,0.0,0.9878365626523646,1.444474916353939e-05,0.000333761903377144,7.255477995733693e-06,2.6017353515564526e-07,6.0115972467763545e-06,0.0,805.6623286721356
3,z,6.0,0.001,m1,2051,0.0,205100000.0,201375757.0,13.0,8076.0,0.0,0.9818418186250609,1.851899289366219e-05,0.0004279018103282857,2.0116642298942242e-05,4.3725098447491755e-07,1.010316753718688e-05,0.0,142.67411327401433
3,z,6.0,0.001,normal,2051,0.0,205100000.0,200153779.0,25.0,11665.0,0.0,0.9758838566552901,2.1157463027317603e-05,0.0004888665805601836,2.926510932967951e-05,5.418611599721158e-07,1.2520301326861272e-05,0.0,1328.3524147199887
3,z,6.0,0.005,m1,2051,0.0,205100000.0,187393723.0,1807.0,191299.0,0.0,0.9136700292540224,3.891777667691979e-05,0.0008992382679570613,0.0005200615497789965,2.3261159419380993e-06,5.374748121046256e-05,0.0,381.09425890287724
3,z,6.0,0.005,normal,2051,0.0,205100000.0,182020724.0,3803.0,265507.0,0.0,0.8874730570453437,4.370398479265432e-05,0.0010098288993748011,0.0007502286867365213,2.8863842495003313e-06,6.669310003822779e-05,0.0,3022.917673200855
3,z,6.0,0.01,m1,2051,0.0,205100000.0,171838102.0,13435.0,704970.0,0.0,0.8378259483178937,5.0164298547184264e-05,0.00115910159291302,0.00212944216290984,5.150410952041625e-06,0.000119005940710063,0.0,729.3063387958267
3,z,6.0,0.01,normal,2051,0.0,205100000.0,162615586.0,27957.0,951834.0,0.0,0.79286,5.4075062519747625e-05,0.0012494641192790838,0.003098560187672328,6.411421573842051e-06,0.00014814298563523628,0.0,4022.701306676071
3,z,7.0,0.0001,m1,2051,0.0,205100000.0,204428870.0,0.0,30.0,0.0,0.9967277913213067,7.853419488236342e-06,0.00018146194210344132,7.33698899139111e-08,2.6936133202021054e-08,6.223891453802133e-07,0.0,72.04328991416732
3,z,7.0,0.0001,normal,2051,0.0,205100000.0,204302311.0,0.0,46.0,0.0,0.9961107313505607,8.4993445526346e-06,0.00019638675502277778,1.1257992644845608e-07,3.2174987270481424e-08,7.434386621013458e-07,0.0,314.7272323811339
3,z,7.0,0.0005,m1,2051,0.0,205100000.0,201766548.0,0.0,987.0,0.0,0.9837471867381765,1.732275008126977e-05,0.00040026129726398747,2.445899808630613e-06,1.514691415435487e-07,3.4998620199015947e-06,0.0,166.1247644881204
3,z,7.0,0.0005,normal,2051,0.0,205100000.0,201143689.0,0.0,1023.0,0.0,0.9807103315455875,1.8297861674718446e-05,0.00042279232897314616,2.542911454135629e-06,1.5229631848126627e-07,3.518974857794215e-06,0.0,763.0703658570633
3,z,7.0,0.001,m1,2051,0.0,205100000.0,198488190.0,2.0,4022.0,0.0,0.9677629936616285,2.4431218846885692e-05,0.0005645103291057841,1.0141647039919409e-05,3.101868180253202e-07,7.167209455457453e-06,0.0,200.98995354110176
3,z,7.0,0.001,normal,2051,0.0,205100000.0,197275250.0,6.0,4042.0,0.0,0.9618490980009752,2.6002669203843733e-05,0.000600820427416449,1.0274927485999071e-05,3.104869321739835e-07,7.174143924748282e-06,0.0,1494.6820124488745
3,z,7.0,0.005,m1,2051,0.0,205100000.0,174163003.0,409.0,88594.0,0.0,0.8491613993174062,4.842302973690916e-05,0.0011188676514420506,0.00025669163462818423,1.6994132126157701e-06,3.926682160037772e-05,0.0,623.4080400110264
3,z,7.0,0.005,normal,2051,0.0,205100000.0,168964501.0,497.0,86632.0,0.0,0.823815216967333,5.198385469461224e-05,0.0012011444498841919,0.00025930269471539707,1.7172460801819009e-06,3.967886972625088e-05,0.0,3590.030359245922
3,z,7.0,0.01,m1,2051,0.0,205100000.0,148084869.0,3190.0,302351.0,0.0,0.7220130131643101,6.126913215939142e-05,0.0014156910539783706,0.0010424127994446651,3.688575217968928e-06,8.522860948022277e-05,0.0,1359.614601945917
3,z,7.0,0.01,normal,2051,0.0,205100000.0,139467866.0,3527.0,287808.0,0.0,0.6799993466601658,6.345190028893935e-05,0.0014661263254601201,0.0010570985159101419,3.812172804496755e-06,8.808446839928764e-05,0.0,5680.658107701039
