n,lstate,i,p_error,sim_type,comp_type,N_samples,shots,prep_rate,prep_rate_SEM,prep_rate_SD,LER,LER_SEM,LER_SD,count_accept,count_logerror,count_undecided,count_detect_discard,total_meta_shots,detect_normal,decoding_normal
4,x,2,0.1,m1,init,246,490000000,0.890677469387755,0.002100466410889293,0.016808432839697282,6.901541168426837e-09,7.747006590200325e-09,6.199339313640542e-08,436431960,0.0,6,0,0,0,5540.610436567775
4,x,2,0.1,m1,na,246,490000000,0.8912460530612245,0.0019972408483097405,0.015982397285420658,1.1582013804455853e-08,1.0030618413460647e-08,8.026739921630214e-08,436710566,0.0,10,0,0,0,5527.828141026024
4,x,2,0.3,m1,init,246,490000000,0.7075178571428572,0.004524411232652724,0.03620541702022175,5.540105431281946e-07,9.540190214064127e-08,7.634287587733571e-07,346683750,0.0,382,0,0,0,16003.118964355672
4,x,2,0.3,m1,na,246,490000000,0.7113802244897959,0.00446457883202101,0.035726623890066325,6.846254072942773e-07,1.1339453029809308e-07,9.074100576059976e-07,348576310,-105.0,462,0,0,0,16008.981603215798
4,x,2,0.5,m1,init,247,492000000,0.5635281829268294,0.006490565164242831,0.0520445094962217,4.450936603437204e-06,4.88158703429919e-07,3.914293999586626e-06,277255866,-559.0,2402,0,0,0,31596.040410594025
4,x,2,0.5,m1,na,247,492000000,0.562316406504065,0.00603250455593408,0.04837155666765998,4.27989196206222e-06,5.021131923901056e-07,4.026187881679414e-06,276659672,-547.0,2322,0,0,0,31551.403757223714
4,x,2,0.8,m1,init,247,492000000,0.3927251869918699,0.00701888712844086,0.05628085206223527,2.81321757462861e-05,3.1396801438969895e-06,2.51754830171569e-05,193220792,-2360.0,10408,0,0,0,50838.60634371807
4,x,2,0.8,m1,na,247,492000000,0.4007392642276423,0.0064516890623421835,0.05173278199586613,2.952204380599786e-05,3.8082131089068342e-06,3.0536105607878705e-05,197163718,-2556.0,11186,0,0,0,51589.04067427016
4,x,2,1.0,m1,init,305,608000000,0.3367293256578947,0.0058675142360727,0.05228149529755775,6.440812736891576e-05,6.020434081165806e-06,5.364406176786761e-05,204731430,-5669.0,25108,0,0,0,44260.981879284125
4,x,2,1.0,m1,na,305,608000000,0.3375586677631579,0.006006226816102918,0.053517470330388,5.873265623977789e-05,6.614998604174238e-06,5.894182860116393e-05,205235670,-5244.0,23262,0,0,0,44272.90521647612
4,x,3,0.1,m1,init,246,490000000,0.9402911224489796,0.0011201958076083906,0.00896407383706955,1.739228604929863e-08,1.3270942343702766e-08,1.0619724359656974e-07,460742650,0.0,16,0,0,0,3475.835054582334
4,x,3,0.1,m1,na,246,490000000,0.9415283755102041,0.0011604393088917118,0.009286111925871261,3.4617956267024376e-08,2.1104118590420348e-08,1.688801868618805e-07,461348904,0.0,32,0,0,0,2955.6556396876986
4,x,3,0.3,m1,init,246,490000000,0.8300571020408164,0.0033930873715841566,0.027152293847132233,8.897786108940394e-07,1.0953402335818669e-07,8.765173609695733e-07,406727980,-161.0,698,0,0,0,11209.150005138305
4,x,3,0.3,m1,na,246,490000000,0.8354185346938776,0.0028175795577479426,0.022546943155762927,1.0338202424358883e-06,1.2665082417054583e-07,1.0134900806443457e-06,409355082,-196.0,830,0,0,0,10536.311795737827
4,x,3,0.5,m1,init,247,492000000,0.7371079959349593,0.004305677534132382,0.03452501741255724,6.204901081185826e-06,5.632974827804927e-07,4.516793291480205e-06,362657134,-983.0,4338,0,0,0,15948.430918585975
4,x,3,0.5,m1,na,247,492000000,0.7340498536585366,0.0047356926566854765,0.03797308789069167,6.412695584691002e-06,5.740938316127767e-07,4.603363669422303e-06,361152528,-1064.0,4542,0,0,0,15116.50622074405
4,x,3,0.8,m1,init,247,492000000,0.6140223658536584,0.005851200991457463,0.04691777647374324,4.007155647818592e-05,3.980756375645361e-06,3.1919641472175044e-05,302099004,-5263.0,23190,0,0,0,35415.397430823854
4,x,3,0.8,m1,na,247,492000000,0.6141184756097562,0.005619464899565999,0.04505960373687503,3.8381515993761354e-05,3.0931452861048235e-06,2.4802343885666146e-05,302146290,-4944.0,22256,0,0,0,35993.70011576827
4,x,3,1.0,m1,init,305,608000000,0.5506060328947369,0.005328321713602949,0.047477111329526867,7.873434746594533e-05,5.882618887043251e-06,5.241608274070925e-05,334768468,-11277.0,50636,0,0,0,33593.573254392126
4,x,3,1.0,m1,na,305,608000000,0.5518194013157894,0.0052634266807665454,0.046898875092243844,7.726497646100973e-05,5.297854855196939e-06,4.720564152981297e-05,335506196,-11245.0,50046,0,0,0,34607.06101461981
4,x,4,1.0,m1,init,17,32000000,0.359594875,0.024063623179176947,0.050620846991228576,0.01107349576131205,0.00253873178255652,0.005340540456425071,11507036,-57913.0,258756,0,0,0,10940.254404584004
4,x,4,1.0,m1,na,17,32000000,0.3557570625,0.027737625873217875,0.058349572081195206,0.014015661284071678,0.004241884956021489,0.00892333659458935,11384226,-71177.0,323982,0,0,0,12525.904059724011
4,x,5,0.1,m1,init,246,490000000,0.9487005714285714,0.004616360983761922,0.0369412208436647,6.821456794465899e-07,3.7434053184114694e-07,2.9955621551522684e-06,464863280,-137.0,590,0,0,0,1746.1164978517045
4,x,5,0.1,m1,na,246,490000000,0.947477306122449,0.0052183010547553225,0.041758088756601995,8.807232588239976e-07,4.877550515731895e-07,3.903132172972961e-06,464263880,-177.0,724,0,0,0,1424.4771660543338
4,x,5,0.3,m1,init,246,490000000,0.8589474612244897,0.00953342174475708,0.07628871297276116,2.8990426074960536e-05,1.3568383150581601e-05,0.00010857743582449096,420884256,-3936.0,18062,0,0,0,8135.923145152134
4,x,5,0.3,m1,na,246,490000000,0.8680008489795918,0.00821860793643376,0.06576725950921708,1.8966813370004508e-05,7.757867546541011e-06,6.208030509761598e-05,425320416,-3044.0,13656,0,0,0,7711.938794236223
4,x,5,0.5,m1,init,247,492000000,0.7801404959349594,0.013688708207764619,0.10976272270322743,0.00015428959388421546,5.402747387015523e-05,0.00043321857276510116,383829124,-16848.0,80370,0,0,0,13251.98651055593
4,x,5,0.5,m1,na,246,490000000,0.7807244857142857,0.011725965062631679,0.09383396716752802,0.00010456055608568129,2.384225746743785e-05,0.00019079142675675095,382554998,-13430.0,62310,0,0,0,13632.099200660014
4,x,5,0.8,m1,init,246,490000000,0.6866106653061225,0.013882523748146587,0.11109126375766791,0.0006756725794313114,0.00020062058211089704,0.0016054137134448648,336439226,-58458.0,307002,0,0,0,27669.027560016315
4,x,5,0.8,m1,na,247,492000000,0.6853940731707318,0.013620878055155172,0.1092188275365845,0.0007443918287636574,0.0002234738087756914,0.001791921730800478,337213884,-64174.0,343920,0,0,0,28366.185066405975
4,x,5,1.0,m1,init,306,610000000,0.6363235967213114,0.01393405898623925,0.12436045048270092,0.0017890029805756544,0.000590080852803518,0.005266428163418272,388157394,-133174.0,787706,0,0,0,27080.302588850063
4,x,5,1.0,m1,na,305,608000000,0.6491397697368422,0.013469744489149211,0.120019884884014,0.0013717886001453582,0.0003381365402839865,0.0030129085724421314,394676980,-123757.0,699716,0,0,0,26924.649063485907
4,x,6,1.0,m1,init,17,32000000,0.3313961875,0.022589889526759326,0.04752066356625655,0.01903427010940762,0.004274513122841121,0.00899197403242997,10604678,-80135.0,388130,0,0,0,13406.425998156012
4,x,6,1.0,m1,na,17,32000000,0.3481180625,0.03266212407619809,0.06870887118530325,0.02091752830264183,0.00380525213284639,0.008004824732567629,11139778,-91643.0,447964,0,0,0,13423.223528848008
4,x,7,1.0,m1,init,17,32000000,0.580601875,0.020501336036961644,0.04312712956462991,0.03049471890038146,0.004189597239488429,0.008813342830207634,18579260,-203603.0,1072260,0,0,0,10073.248849151996
4,x,7,1.0,m1,na,17,32000000,0.5715464375,0.023075458988454516,0.04854211978010532,0.0296701923651166,0.004943799451129568,0.010399901698407054,18289486,-194075.0,1024278,0,0,0,10380.976978169989
4,x,8,1.0,m1,init,17,32000000,0.38464412499999995,0.016729875058145632,0.035193388759245325,0.22400062174818547,0.030042217326256154,0.06319756901220158,12308612,-1148996.0,5411888,0,0,0,11965.672990648007
4,x,8,1.0,m1,na,17,32000000,0.3584665,0.02631698981437255,0.05536108609845007,0.22390802470364568,0.027450805696394548,0.05774620989517433,11470928,-1077454.0,5049784,0,0,0,12788.890271569986
4,x,9,0.1,m1,init,246,490000000,1.0,0.0,0.0,1.2857142857142858e-07,3.1126283563176706e-08,2.4907993963089565e-07,490000000,0.0,126,0,0,0,783.4714423519617
4,x,9,0.1,m1,na,246,490000000,1.0,0.0,0.0,1.2857142857142858e-07,3.1126283563176706e-08,2.4907993963089565e-07,490000000,0.0,126,0,0,0,635.8382684279932
4,x,9,0.3,m1,init,246,490000000,1.0,0.0,0.0,7.722432387589182e-06,3.798231523667714e-07,3.0394353913119875e-06,490000000,-1738.0,7382,0,0,0,1855.1979978000456
4,x,9,0.3,m1,na,246,490000000,1.0,0.0,0.0,7.468209722913556e-06,3.658244252096609e-07,2.9274142401801695e-06,490000000,-1705.0,7172,0,0,0,2000.102544824098
4,x,9,0.5,m1,init,247,492000000,1.0,0.0,0.0,5.5527393765840496e-05,1.9358669258053087e-06,1.5522722914569063e-05,492000000,-11672.0,52130,0,0,0,2460.513277631777
4,x,9,0.5,m1,na,247,492000000,1.0,0.0,0.0,5.564091866627168e-05,1.9954905124544646e-06,1.600081384240628e-05,492000000,-11670.0,52202,0,0,0,2620.2965808397857
4,x,9,0.8,m1,init,247,492000000,1.0,0.0,0.0,0.0003275129274875745,1.0642526938527589e-05,8.533695915532939e-05,492000000,-61538.0,297702,0,0,0,5163.596420173999
4,x,9,0.8,m1,na,247,492000000,1.0,0.0,0.0,0.0003288925479740627,1.0935096132460548e-05,8.768292130294495e-05,492000000,-61683.0,298804,0,0,0,5260.189023902174
4,x,9,1.0,m1,init,306,610000000,1.0,0.0,0.0,0.0008034421407907425,1.0338585128305378e-05,9.227111103659952e-05,610000000,-171387.0,883908,0,0,0,6733.166463529959
4,x,9,1.0,m1,na,306,610000000,1.0,0.0,0.0,0.0008056356262723668,1.029510415818685e-05,9.188304657981023e-05,610000000,-172326.0,886950,0,0,0,6659.243975750044
4,x,10,1.0,m1,init,17,32000000,0.33523943749999996,0.022950898933840825,0.048280092095459935,0.02887838650989964,0.004975267482110467,0.010466098645123613,10727662,-108877.0,583292,0,0,0,10105.336453432004
4,x,10,1.0,m1,na,17,32000000,0.34815768750000003,0.023306835951043797,0.04902885021688603,0.028264053730203655,0.004958848473703698,0.010431559203323096,11141046,-109659.0,591302,0,0,0,11219.078949185998
4,x,11,1.0,m1,init,17,32000000,0.57432925,0.013980384197572093,0.02940949017005395,0.02873048531072221,0.004750863730275472,0.009994037231041685,18378536,-193635.0,1004406,0,0,0,15414.721421646009
4,x,11,1.0,m1,na,17,32000000,0.537063125,0.029246093979612926,0.06152282378300247,0.02400218960768863,0.0036357052828353514,0.007648161686095043,17186020,-152189.0,790164,0,0,0,14542.557643822007
4,x,12,1.0,m1,init,17,32000000,0.35941825,0.022476859211929236,0.04728289013414366,0.21237509957818232,0.02618506068337501,0.05508355663814455,11501384,-996361.0,4755068,0,0,0,13137.274566608006
4,x,12,1.0,m1,na,17,32000000,0.3464094375,0.028714879756864733,0.06040534809411412,0.21710756889425992,0.029430887997546142,0.06191156115796213,11085102,-1007369.0,4743340,0,0,0,13917.001291302011
4,x,13,1.0,m1,init,17,32000000,0.6079859375,0.06654786118517358,0.1399917657272512,0.06749599463392722,0.022456458068364413,0.04723997377200021,19455550,-242340.0,1943088,0,0,0,9243.995203456025
4,x,13,1.0,m1,na,17,32000000,0.5804351875,0.06699609294600203,0.14093467740819626,0.07912995276143275,0.028182782868429377,0.05928601560733785,18573926,-202148.0,2042552,0,0,0,10018.332272943995
4,x,14,1.0,m1,init,17,32000000,0.34079325,0.024091432445169852,0.05067934726727941,0.21055272772063358,0.025107142355138966,0.052816020350845365,10905384,-758191.0,4254452,0,0,0,13259.559484236011
4,x,14,1.0,m1,na,17,32000000,0.3464366875,0.023753305159494986,0.04996805414802387,0.20507804786110884,0.027440947716269308,0.05772547239858678,11085974,-748375.0,4191900,0,0,0,9626.765059659998
4,x,15,1.0,m1,init,17,32000000,0.569295875,0.015431962061442817,0.03246306611727203,0.19010843785736833,0.02204727901219198,0.046379214349352514,18217468,-726460.0,5832240,0,0,0,14510.507140254009
4,x,15,1.0,m1,na,17,32000000,0.5666704375,0.0239639086551243,0.05041108499374018,0.19159873039402459,0.0216921070521003,0.04563206562143636,18133454,-727682.0,5843728,0,0,0,15676.40541359001
4,z,2,1.0,m1,init,17,32000000,0.571411,0.016615871324345995,0.03495356761834191,0.19583350675900849,0.0222476012780617,0.04680061733983411,18285152,-733612.0,5998146,0,0,0,15144.716264514025
4,z,2,1.0,m1,na,17,32000000,0.5631951875,0.017563356912292688,0.03694672229071674,0.19583617728681071,0.022666287918064344,0.04768137715655138,18022246,-699832.0,5878192,0,0,0,15650.372299802011
4,z,3,1.0,m1,init,17,32000000,0.367120625,0.027617729949793415,0.05809735598101152,0.21704036795381748,0.027596655128204965,0.05805302245272059,11747860,-810028.0,4633840,0,0,0,11467.934607228004
4,z,3,1.0,m1,na,17,32000000,0.3475594375,0.03103728925375067,0.06529082751329691,0.19876589084629986,0.02404365934426984,0.0505788505626498,11121902,-741058.0,4091992,0,0,0,12457.271493510005
4,z,4,1.0,m1,init,17,32000000,0.6282613125000001,0.053471570567721616,0.11248414970325751,0.05088700197649221,0.011523701214668758,0.024241549645988684,20104362,-244827.0,1682230,0,0,0,9480.13483942001
4,z,4,1.0,m1,na,17,32000000,0.658925125,0.04045815673832218,0.08510880288260064,0.0547886685728865,0.01243620954688214,0.026161125277607045,21085604,-253904.0,1907272,0,0,0,7540.398807530008
4,z,5,1.0,m1,init,17,32000000,0.3290625625,0.024597372183345817,0.05174365491049209,0.21260220908769387,0.028811020016540106,0.06060759117856099,10530002,-939455.0,4436132,0,0,0,11479.108198343987
4,z,5,1.0,m1,na,17,32000000,0.369214375,0.0211935575298177,0.044583304223491264,0.2094187805909211,0.0279507735509695,0.058797954932840645,11814860,-1031694.0,4880902,0,0,0,13657.73729814
4,z,6,1.0,m1,init,17,32000000,0.572797125,0.024299132024306322,0.05111626936073656,0.030789745849690454,0.004928055067327449,0.010366781414005828,18329508,-202963.0,1069058,0,0,0,13984.389589239989
4,z,6,1.0,m1,na,17,32000000,0.5893176875,0.016209209225372907,0.03409810293058608,0.033149932174709344,0.004607941608807087,0.00969338263764806,18858166,-221861.0,1174234,0,0,0,15276.951125839998
4,z,7,1.0,m1,init,17,32000000,0.37675025,0.025473877113147865,0.053587492873220885,0.030655561201324705,0.005976663450035069,0.01257266055778727,12056008,-122370.0,672304,0,0,0,12574.603662093983
4,z,7,1.0,m1,na,17,32000000,0.3886145625,0.01944107704639055,0.04089674190716289,0.031689899959074945,0.006702031319890264,0.014098562774543523,12435666,-133587.0,730802,0,0,0,10225.844394738011
4,z,8,1.0,m1,init,17,32000000,1.0,0.0,0.0,0.0006880091911764705,9.836476238908174e-05,0.0002069226046780446,32000000,-8331.0,42114,0,0,0,341.6556258900109
4,z,8,1.0,m1,na,17,32000000,1.0,0.0,0.0,0.0006880091911764705,9.836476238908172e-05,0.00020692260467804457,32000000,-8331.0,42114,0,0,0,355.87584713000797
4,z,9,1.0,m1,init,17,32000000,0.3723280625,0.024141939393407204,0.05078559496238667,0.21193311953840968,0.026410004938426365,0.05555675506847752,11914498,-1042238.0,4936096,0,0,0,12047.574543464007
4,z,9,1.0,m1,na,17,32000000,0.374674875,0.026904962514449193,0.05659796035732538,0.21663141534852887,0.026937698220301946,0.05666682401699888,11989596,-1117384.0,5167288,0,0,0,12658.845518707994
4,z,10,1.0,m1,init,17,32000000,0.560293625,0.03023929995779195,0.0636121570258734,0.03182819714527664,0.004862093416483292,0.010228022815194311,17929396,-209231.0,1085620,0,0,0,10232.547181391998
4,z,10,1.0,m1,na,17,32000000,0.5747844375,0.021249602090690604,0.04470120098074655,0.03162769704925592,0.005384518056502713,0.01132700851530929,18393102,-206055.0,1088724,0,0,0,9523.687669202003
4,z,11,1.0,m1,init,17,32000000,0.32096800000000003,0.027741053700019273,0.05835678294444443,0.016557309116458953,0.002264407337849652,0.00476346460886623,10270976,-68070.0,330966,0,0,0,9316.38961657199
4,z,11,1.0,m1,na,17,32000000,0.33882168749999997,0.027289122211914773,0.05740608842352738,0.022071155393319677,0.0044537239517141,0.009368966469520675,10842294,-93917.0,455188,0,0,0,9432.623716971999
4,z,12,1.0,m1,init,17,32000000,0.6555377499999999,0.060504144640772625,0.12727805058242564,0.001052165606789798,0.0009071340651153829,0.0019082701872789045,20977208,-5571.0,29292,0,0,0,1635.6191814880076
4,z,12,1.0,m1,na,17,32000000,0.6560059375,0.053960917911342256,0.11351355316517757,0.0011601998987896705,0.0011402463904082638,0.00239865117698089,20992190,-6079.0,32236,0,0,0,1647.2399165399875
4,z,13,1.0,m1,init,17,32000000,0.35312618749999997,0.029930342893041473,0.06296222712192084,0.00973531407818927,0.0019298645734198417,0.004059711979258967,11300038,-48853.0,217700,0,0,0,6202.782479148005
4,z,13,1.0,m1,na,17,32000000,0.347704375,0.024085248848499358,0.050666339296759684,0.012344809298582296,0.0039018943117270343,0.008208123666962901,11126540,-62439.0,278502,0,0,0,5910.871362512
4,z,14,1.0,m1,init,17,32000000,0.5754985,0.01784245660138332,0.0375338434632666,7.642201368151974e-05,2.020626316530911e-05,4.250640680081475e-05,18415952,-626.0,2792,0,0,0,2127.678185669991
4,z,14,1.0,m1,na,17,32000000,0.5695716875,0.020243724871878553,0.0425852121952544,6.503606766216021e-05,2.2871774683659196e-05,4.811364431941573e-05,18226294,-579.0,2500,0,0,0,2097.580641183995
4,z,15,1.0,m1,init,17,32000000,0.33450274999999996,0.023065644905432912,0.04852147462657642,6.0751928454925967e-05,1.796077362828098e-05,3.7782738156740124e-05,10704088,-247.0,1206,0,0,0,2615.960211927988
4,z,15,1.0,m1,na,17,32000000,0.36182287500000004,0.014346081135713713,0.0301787795082799,5.3823069799419983e-05,1.707388190265013e-05,3.5917050267320575e-05,11578332,-272.0,1250,0,0,0,1825.8903837099988
