n,lstate,i,p_error,sim_type,decoder_type,shots,prep_rate,prep_rate_SEM,prep_rate_SD,LER,N_samples,LER_SEM,LER_SD,eff,eff_SEM,eff_SD,skip,s_l,CNOT,hadamard,meas,cost,cost_SEM,count_accept,count_logerror,count_undecided,count_detect_discard,total_meta_shots,detect_normal,decoding_normal,meas_type
4,x,2,0.0001,m1,anqi,125000000,0.988216304,1.9465935556404025e-05,0.0001110386610962,0.0,125,0.0,0.0,0.988216304,1.9465935556404025e-05,0.0001110386610962,0,2,56,56,48,1.0,0.0,123527038,0.0,0,0,0,0,589.5564024670748,"['x', 'x', 'x', 'x']"
4,x,2,0.0001,m1,val,2000000,0.988197,9.8000000000642e-06,7.0710678119118e-06,0.0,2,0.0,0.0,0.988197,9.8000000000642e-06,7.0710678119118e-06,0,2,56,56,48,1.0,0.0,1976394,0.0,0,0,0,0,11.61455004097661,"['x', 'x', 'x', 'x']"
4,x,2,0.0001,normal,anqi,126000000,0.986223261904762,2.2910136586234984e-05,0.0001312069619232,0.0,126,0.0,0.0,0.986223261904762,2.2910136586234984e-05,0.0001312069619232,0,2,64,64,64,1.0,0.0,124264131,0.0,0,0,0,0,6986.212239325279,"['x', 'x', 'x', 'x']"
4,x,2,0.0001,normal,val,3000000,0.9861656666666666,0.0001094347960102,9.670746265592629e-05,0.0,3,0.0,0.0,0.9861656666666666,0.0001094347960102,9.670746265592629e-05,0,2,64,64,64,1.0,0.0,2958497,0.0,0,0,0,0,141.97269003500696,"['x', 'x', 'x', 'x']"
4,x,2,0.005,m1,anqi,125000000,0.55467552,8.964513250248808e-05,0.0005113586993049,1.4413141902786962e-08,125,2.824975812946245e-08,1.611438253199116e-07,0.554675512,8.964410129411364e-05,0.0005113528170293,0,2,56,56,48,1.0,0.0,69334440,1.0,0,0,0,0,8382.83826453425,"['x', 'x', 'x', 'x']"
4,x,2,0.005,m1,val,2000000,0.55465,0.00231672,0.001671600430725,2.2508020632347887e-06,2,2.6409186366971287e-06,1.9055219148678288e-06,0.55464875,0.00231525,0.0016705397705532,0,2,56,56,48,1.0,0.0,1109300,0.0,5,0,0,0,139.12187102605822,"['x', 'x', 'x', 'x']"
4,x,2,0.005,normal,anqi,127000000,0.5018615433070867,8.526281711794476e-05,0.0004902363012325,1.0512015776470155e-06,127,2.384503141670398e-07,1.3710196777016277e-06,0.5018610157480314,8.526258687752636e-05,0.0004902349774173,0,2,64,64,64,1.0,0.0,63736416,67.0,0,0,0,0,37317.55689375807,"['x', 'x', 'x', 'x']"
4,x,2,0.005,normal,val,3000000,0.501895,0.0006166290000748,0.0005449146722194,1.3275439262647297e-06,3,1.7211731978104047e-06,1.520999707772152e-06,0.5018943333333333,0.0006160364325084,0.0005443910206215,0,2,64,64,64,1.0,0.0,1505685,0.0,4,0,0,0,878.2056147140102,"['x', 'x', 'x', 'x']"
4,x,2,0.01,m1,anqi,125000000,0.309365416,7.921304469019468e-05,0.0004518514097755,6.46571582144863e-07,125,2.493620340819915e-07,1.4224246408544705e-06,0.309365216,7.92162967426039e-05,0.0004518699603118,0,2,56,56,48,1.0,0.0,38670677,25.0,0,0,0,0,19536.71901828936,"['x', 'x', 'x', 'x']"
4,x,2,0.01,m1,val,2000000,0.309554,0.0001117199999999,8.06101730552489e-05,1.372809215304425e-05,2,1.424134818979778e-05,1.0275667222698748e-05,0.30954975,0.0001073099999999,7.742819253991606e-05,0,2,56,56,48,1.0,0.0,619108,2.0,13,0,0,0,303.63622695795493,"['x', 'x', 'x', 'x']"
4,x,2,0.01,normal,anqi,127000000,0.2538775826771653,7.111932251496281e-05,0.0004089153372409,1.7399364495350607e-05,127,1.4478469325613613e-06,8.324697083229722e-06,0.2538731653543307,7.111763578748923e-05,0.0004089056390504,0,2,64,64,64,1.0,0.0,32242453,561.0,0,0,0,0,49056.995547160215,"['x', 'x', 'x', 'x']"
4,x,2,0.01,normal,val,3000000,0.254284,0.0008008057272522,0.000707671533976,1.6388211016346584e-05,3,4.641104605835952e-06,4.101341316607039e-06,0.2542798333333333,0.0008011547118447,0.0007079799314481,0,2,64,64,64,1.0,0.0,762852,1.0,23,0,0,0,1089.8937960550538,"['x', 'x', 'x', 'x']"
4,x,2,0.05,m1,anqi,3000000,0.0037359999999999,5.439956372374103e-05,4.807286136688788e-05,0.0014333758376674,3,0.0012425431621421,0.0010980346364426,0.0037306666666666,5.731487454792542e-05,5.064911976859342e-05,0,2,56,56,48,1.0,0.0,11208,16.0,0,0,0,0,1077.9529795520357,"['x', 'x', 'x', 'x']"
4,x,2,0.05,m1,val,3000000,0.0037359999999999,5.439956372374103e-05,4.807286136688788e-05,0.0091586940543103,3,0.0034945940541518,0.0030881706396015,0.0037018333333333,6.155651748145346e-05,5.439745704840773e-05,0,2,56,56,48,1.0,0.0,11208,15.0,175,0,0,0,1228.2560596499245,"['x', 'x', 'x', 'x']"
4,x,2,0.05,normal,anqi,3000000,0.0015843333333333,8.050593794524993e-05,7.114304838375514e-05,0.00712842626289,3,0.0034620185916181,0.0030593837231789,0.001573,7.860390151470432e-05,6.946221994724905e-05,0,2,64,64,64,1.0,0.0,4753,34.0,0,0,0,0,1082.5393959919456,"['x', 'x', 'x', 'x']"
4,x,2,0.05,normal,val,3000000,0.0015843333333333,8.050593794524993e-05,7.114304838375514e-05,0.0077578362178134,3,0.0020063488338978,0.0017730092438865,0.0015719999999999,7.834076929245289e-05,6.922969016253068e-05,0,2,64,64,64,1.0,0.0,4753,4.0,66,0,0,0,843.7617257949896,"['x', 'x', 'x', 'x']"
4,x,2,0.1,m1,anqi,2000000,5.7e-05,3.919999999999999e-06,2.828427124746189e-06,0.0357473035439137,2,0.03684437596302,0.0265846000939164,5.5e-05,5.8800000000000005e-06,4.242640687119286e-06,0,2,56,56,48,1.0,0.0,114,4.0,0,0,0,0,618.5327446419979,"['x', 'x', 'x', 'x']"
4,x,2,0.1,m1,val,3000000,5.533333333333333e-05,3.97407151979484e-06,3.5118845842842488e-06,0.1375271621034333,3,0.0442056711405067,0.0390645246928769,4.766666666666667e-05,2.673881905478332e-06,2.3629078131263025e-06,0,2,56,56,48,1.0,0.0,166,8.0,30,0,0,0,1025.2898261130322,"['x', 'x', 'x', 'x']"
4,x,2,0.1,normal,anqi,3000000,1.633333333333333e-05,1.7285575232288666e-06,1.5275252316519474e-06,0.2018518518518518,3,0.0689629629629629,0.0609425284144604,1.3e-05,1.1316065276116662e-06,9.999999999999995e-07,0,2,64,64,64,1.0,0.0,49,10.0,0,0,0,0,997.5951440879726,"['x', 'x', 'x', 'x']"
4,x,2,0.1,normal,val,3000000,1.633333333333333e-05,1.7285575232288666e-06,1.5275252316519474e-06,0.204861111111111,3,0.0748611111111111,0.0661547183446446,1.3e-05,2.0400326794768105e-06,1.8027756377319948e-06,0,2,64,64,64,1.0,0.0,49,6.0,8,0,0,0,895.4491011550417,"['x', 'x', 'x', 'x']"
4,x,3,0.0001,m1,anqi,125000000,0.9918646,1.6658147752820618e-05,9.502232335342415e-05,0.0,125,0.0,0.0,0.9918646,1.6658147752820618e-05,9.502232335342415e-05,1,1,40,40,32,1.0,0.0,123983075,0.0,0,0,0,0,561.9040063959546,"['z', 'x', 'x', 'x']"
4,x,3,0.0001,m1,val,2000000,0.991856,3.135999999997696e-05,2.26274169979529e-05,0.0,2,0.0,0.0,0.991856,3.135999999997696e-05,2.26274169979529e-05,1,1,40,40,32,1.0,0.0,1983712,0.0,0,0,0,0,11.085776132007595,"['z', 'x', 'x', 'x']"
4,x,3,0.0001,normal,anqi,126000000,0.9898722142857144,1.906325919202205e-05,0.0001091757927119,0.0,126,0.0,0.0,0.9898722142857144,1.906325919202205e-05,0.0001091757927119,1,1,48,48,48,1.0,0.0,124723899,0.0,0,0,0,0,7483.309048213123,"['z', 'x', 'x', 'x']"
4,x,3,0.0001,normal,val,3000000,0.9898773333333332,6.192207719743366e-05,5.472050194701905e-05,0.0,3,0.0,0.0,0.9898773333333332,6.192207719743366e-05,5.472050194701905e-05,1,1,48,48,48,1.0,0.0,2969632,0.0,0,0,0,0,133.58874338003807,"['z', 'x', 'x', 'x']"
4,x,3,0.005,m1,anqi,125000000,0.6663840639999999,8.285881350123434e-05,0.0004726478049074,7.201576361574929e-08,125,6.558102595143887e-08,3.740908981163141e-07,0.666384016,8.285636740235402e-05,0.0004726338517356,1,1,40,40,32,1.0,0.0,83298008,6.0,0,0,0,0,7116.11495003954,"['z', 'x', 'x', 'x']"
4,x,3,0.005,m1,val,2000000,0.666301,0.0028439599999999,0.0020520238790033,4.50249095698044e-06,2,1.9217897289684627e-08,1.3866434177227117e-08,0.6662980000000001,0.00284396,0.0020520238790033,1,1,40,40,32,1.0,0.0,1332602,0.0,12,0,0,0,98.26014435902472,"['z', 'x', 'x', 'x']"
4,x,3,0.005,normal,anqi,126000000,0.6029333095238096,9.159926778746488e-05,0.0005245914442959,2.3956946966485363e-06,126,3.3873546406940105e-07,1.9399470172922044e-06,0.602931865079365,9.159919027018282e-05,0.0005245910003524,1,1,48,48,48,1.0,0.0,75969597,182.0,0,0,0,0,37260.23251709581,"['z', 'x', 'x', 'x']"
4,x,3,0.005,normal,val,3000000,0.602839,0.0009454685969048,0.0008355100238775,1.3818616078741384e-06,3,1.082088156523266e-06,9.56240645595327e-07,0.6028381666666667,0.0009451084862831,0.0008351917943402,1,1,48,48,48,1.0,0.0,1808517,0.0,5,0,0,0,913.025525945006,"['z', 'x', 'x', 'x']"
4,x,3,0.01,m1,anqi,125000000,0.446183024,8.857373107300939e-05,0.000505247152296,1.4343173356787936e-06,125,2.926601847637764e-07,1.669408335304725e-06,0.446182384,8.856871189294894e-05,0.0005052185216128,1,1,40,40,32,1.0,0.0,55772878,80.0,0,0,0,0,15318.27332824166,"['z', 'x', 'x', 'x']"
4,x,3,0.01,m1,val,2000000,0.4463585,1.6660000000016663e-05,1.202081528018333e-05,4.312677985907736e-05,2,1.0993819814173028e-06,7.932453614025284e-07,0.44633925,1.7150000000003547e-05,1.2374368670767145e-05,1,1,40,40,32,1.0,0.0,892717,0.0,77,0,0,0,293.740313243994,"['z', 'x', 'x', 'x']"
4,x,3,0.01,normal,anqi,126000000,0.3663419365079365,8.565061314808007e-05,0.0004905233408682,4.1746863322938464e-05,126,1.8758918816708573e-06,1.0743282728331176e-05,0.3663266428571428,8.564655990860258e-05,0.0004905001278578,1,1,48,48,48,1.0,0.0,46159084,1927.0,0,0,0,0,58038.12214754039,"['z', 'x', 'x', 'x']"
4,x,3,0.01,normal,val,3000000,0.366432,0.0009684588551576,0.0008558265011087,4.3677407195933536e-05,3,9.762964962065367e-06,8.627526197353048e-06,0.366416,0.0009719032759145,0.000858870333636,1,1,48,48,48,1.0,0.0,1099296,0.0,96,0,0,0,1334.1844579089666,"['z', 'x', 'x', 'x']"
4,x,3,0.05,m1,anqi,3000000,0.023839,3.780311098309326e-05,3.34065861769809e-05,0.0040135618182318,3,0.0006783838224784,0.0005994873712068,0.0237433333333333,5.3201555532814426e-05,4.701418225741413e-05,1,1,40,40,32,1.0,0.0,71517,287.0,0,0,0,0,1555.3169373849523,"['z', 'x', 'x', 'x']"
4,x,3,0.05,m1,val,3000000,0.023839,3.780311098309326e-05,3.34065861769809e-05,0.0191496476630271,3,0.000583553754619,0.0005156860979325,0.0233825,4.82328615503296e-05,4.262335040796236e-05,1,1,40,40,32,1.0,0.0,71517,287.0,2165,0,0,0,1571.5579705399578,"['z', 'x', 'x', 'x']"
4,x,3,0.05,normal,anqi,3000000,0.0111456666666666,0.0001550768933285,0.0001370413562882,0.0314103888325755,3,0.0020427028006548,0.0018051352221925,0.0107956666666666,0.0001636114166079,0.0001445833093179,1,1,48,48,48,1.0,0.0,33437,1050.0,0,0,0,0,1697.5136368889944,"['z', 'x', 'x', 'x']"
4,x,3,0.05,normal,val,3000000,0.0111456666666666,0.0001550768933285,0.0001370413562882,0.0313918245350294,3,0.00061306254525,0.0005417629982605,0.0107958333333333,0.0001570594173482,0.0001387933115583,1,1,48,48,48,1.0,0.0,33437,336.0,1427,0,0,0,1514.261752409977,"['z', 'x', 'x', 'x']"
4,x,3,0.1,m1,anqi,2000000,0.0023095,4.409999999999989e-05,3.181980515339457e-05,0.0871954315577419,2,0.0106406934264141,0.0076776596717802,0.0021079999999999,1.568000000000017e-05,1.1313708498984883e-05,1,1,40,40,32,1.0,0.0,4619,403.0,0,0,0,0,805.685943714052,"['z', 'x', 'x', 'x']"
4,x,3,0.1,m1,val,2000000,0.0023095,4.409999999999989e-05,3.181980515339457e-05,0.2045922831036187,2,0.000512024111223,0.0003694446134457,0.001837,3.625999999999981e-05,2.616295090390213e-05,1,1,40,40,32,1.0,0.0,4619,404.0,1082,0,0,0,770.9053905020119,"['z', 'x', 'x', 'x']"
4,x,3,0.1,normal,anqi,3000000,0.0013946666666666,4.3568075978225685e-05,3.850108223587143e-05,0.3029747660768445,3,0.0056883399255939,0.0050267825315567,0.000972,2.3383492753079767e-05,2.0663978319771835e-05,1,1,48,48,48,1.0,0.0,4184,1268.0,0,0,0,0,1192.7648285999894,"['z', 'x', 'x', 'x']"
4,x,3,0.1,normal,val,3000000,0.0013946666666666,4.3568075978225685e-05,3.850108223587143e-05,0.3026792189768436,3,0.0018065744178286,0.0015964687139456,0.0009725,2.8610853418472808e-05,2.528339375954112e-05,1,1,48,48,48,1.0,0.0,4184,650.0,1233,0,0,0,1569.6097612179583,"['z', 'x', 'x', 'x']"
4,x,4,0.0001,m1,anqi,125000000,0.988022344,2.0169448562601884e-05,0.0001150516787108,0.0,125,0.0,0.0,0.988022344,2.0169448562601884e-05,0.0001150516787108,0,2,56,40,48,1.0,0.0,123502793,0.0,0,0,0,0,6106.822985713836,"['x', 'z', 'x', 'x']"
4,x,4,0.0001,m1,val,2000000,0.987982,0.00031164,0.0002248599564173,7.590009927732986e-07,2,1.487641945835665e-06,1.0733894978346424e-06,0.98798125,0.0003101699999998,0.0002237992962454,0,2,56,40,48,1.0,0.0,1975964,0.0,3,0,0,0,128.2347228639992,"['x', 'z', 'x', 'x']"
4,x,4,0.0001,normal,anqi,125000000,0.985027128,2.2224103636053e-05,0.0001267719552786,7.390633016529351e-07,125,1.325186551304094e-07,7.559202070368538e-07,0.9850264,2.222090302395257e-05,0.0001267536981708,0,2,64,48,64,1.0,0.0,123128391,91.0,0,0,0,0,75668.02918642422,"['x', 'z', 'x', 'x']"
4,x,4,0.0001,normal,val,2000000,0.985057,0.0003233999999999,0.0002333452377915,1.776504479791219e-06,2,4.968499066056435e-07,3.584958552987279e-07,0.98505525,0.0003229099999999,0.0002329916844009,0,2,64,48,64,1.0,0.0,1970114,0.0,7,0,0,0,1080.5485385460197,"['x', 'z', 'x', 'x']"
4,x,4,0.005,m1,anqi,125000000,0.550210952,8.490015103995733e-05,0.0004842921148605,2.577855928523632e-05,125,1.255469044886638e-06,7.161515632686881e-06,0.5501967680000001,8.482956120724769e-05,0.0004838894524512,0,2,56,40,48,1.0,0.0,68776369,1773.0,0,0,0,0,30139.22455492808,"['x', 'z', 'x', 'x']"
4,x,4,0.005,m1,val,2000000,0.5504355000000001,0.00057526,0.0004150716805565,0.0015687810398208,2,8.53187284994651e-05,6.156066477978135e-05,0.549572,0.0006213199999998,0.0004483056992721,0,2,56,40,48,1.0,0.0,1100871,30.0,3394,0,0,0,591.1573439640342,"['x', 'z', 'x', 'x']"
4,x,4,0.005,normal,anqi,126000000,0.4750156428571429,8.829592344333453e-05,0.0005056731033272,0.0015814789823217,126,9.408283715464454e-06,5.388149121556004e-05,0.4742644126984127,8.778857360063648e-05,0.0005027674972762,0,2,64,48,64,1.0,0.0,59851971,94655.0,0,0,0,0,68997.34836759407,"['x', 'z', 'x', 'x']"
4,x,4,0.005,normal,val,3000000,0.4746306666666666,0.0001298457881916,0.0001147446440289,0.0015935208212108,3,1.1854827363486914e-05,1.0476103728835272e-05,0.4738743333333333,0.0001333332328333,0.000117826496737,0,2,64,48,64,1.0,0.0,1423892,50.0,4438,0,0,0,1630.5091391620808,"['x', 'z', 'x', 'x']"
4,x,4,0.01,m1,anqi,125000000,0.30613068,7.792897728056438e-05,0.0004445267617764,0.0002148087169095,125,4.593620793707027e-06,2.6203184585677174e-05,0.30606492,7.786887002146926e-05,0.0004441838946405,0,2,56,40,48,1.0,0.0,38266335,8220.0,0,0,0,0,45103.37640667049,"['x', 'z', 'x', 'x']"
4,x,4,0.01,m1,val,2000000,0.306039,0.00051156,0.0003691097397793,0.0063080980011559,2,0.0001802612432189,0.0001300652525155,0.3041085,0.0005634999999999,0.0004065863991822,0,2,56,40,48,1.0,0.0,612078,126.0,7470,0,0,0,698.0959900409798,"['x', 'z', 'x', 'x']"
4,x,4,0.01,normal,anqi,127000000,0.2308174645669291,7.890041806603384e-05,0.0004536543645383,0.0065402680299039,127,2.83963231305576e-05,0.0001632705661234,0.229307842519685,7.740691683262398e-05,0.0004450671685565,0,2,64,48,64,1.0,0.0,29313818,191722.0,0,0,0,0,61762.56764736248,"['x', 'z', 'x', 'x']"
4,x,4,0.01,normal,val,3000000,0.2303306666666666,0.0004248490582678,0.0003754388543202,0.0065470333057573,3,0.0002099465986359,0.0001855296814866,0.2288226666666666,0.0004063768783339,0.0003591150001508,0,2,64,48,64,1.0,0.0,690992,230.0,8588,0,0,0,1524.3694919769769,"['x', 'z', 'x', 'x']"
4,x,4,0.05,m1,anqi,2000000,0.0061815,9.702000000000012e-05,7.00035713374683e-05,0.0483551012691105,2,0.0036801080764977,0.0026553360983581,0.0058825,6.957999999999989e-05,5.020458146424479e-05,0,2,56,40,48,1.0,0.0,12363,598.0,0,0,0,0,756.872009120998,"['x', 'z', 'x', 'x']"
4,x,4,0.05,m1,val,3000000,0.006144,9.241145383555045e-05,8.166394553289752e-05,0.2041670100702811,3,0.0015137833158413,0.0013377293952486,0.0048896666666666,8.238478931884884e-05,7.280338819954282e-05,0,2,56,40,48,1.0,0.0,18432,883.0,5760,0,0,0,1104.206499303982,"['x', 'z', 'x', 'x']"
4,x,4,0.05,normal,anqi,3000000,0.0031623333333333,5.038297243227249e-05,4.45234020862439e-05,0.2782809912661234,3,0.0048752009985495,0.0043082121564276,0.0022823333333333,4.1490524754989954e-05,3.6665151483845327e-05,0,2,64,48,64,1.0,0.0,9487,2640.0,0,0,0,0,904.2060833649012,"['x', 'z', 'x', 'x']"
4,x,4,0.05,normal,val,3000000,0.0031623333333333,5.038297243227249e-05,4.45234020862439e-05,0.2785206999062289,3,0.0023003142458384,0.0020327862995748,0.0022815,2.9438086441433867e-05,2.601441907865712e-05,0,2,64,48,64,1.0,0.0,9487,913.0,3459,0,0,0,923.6429475009792,"['x', 'z', 'x', 'x']"
4,x,4,0.1,m1,anqi,2000000,0.0009405,2.057999999999997e-05,1.4849242404917477e-05,0.1109290729622468,2,0.031958617414606,0.0230593419298106,0.0008359999999999,1.176000000000002e-05,8.485281374238585e-06,0,2,56,40,48,1.0,0.0,1881,209.0,0,0,0,0,604.225713288004,"['x', 'z', 'x', 'x']"
4,x,4,0.1,m1,val,2000000,0.0009405,2.057999999999997e-05,1.4849242404917477e-05,0.4783979512228214,2,0.0124556833214612,0.0089872430009361,0.0004905,9.799999999999707e-07,7.071067811865264e-07,0,2,56,40,48,1.0,0.0,1881,209.0,1382,0,0,0,708.0148509229766,"['x', 'z', 'x', 'x']"
4,x,4,0.1,normal,anqi,3000000,0.000707,5.185672569686631e-06,4.582575694955869e-06,0.4790041638158983,3,0.006495782775315,0.0057403192866206,0.0003683333333333,3.637606050382293e-06,3.2145502536643283e-06,0,2,64,48,64,1.0,0.0,2121,1016.0,0,0,0,0,869.6970398100093,"['x', 'z', 'x', 'x']"
4,x,4,0.1,normal,val,3000000,0.000707,5.185672569686631e-06,4.582575694955869e-06,0.4868367163281038,3,0.0151366986893409,0.0133762914228569,0.0003628333333333,1.2579848082460212e-05,1.1116804097101532e-05,0,2,64,48,64,1.0,0.0,2121,269.0,1527,0,0,0,862.6331359719625,"['x', 'z', 'x', 'x']"
4,x,5,0.0001,m1,anqi,125000000,0.995524712,1.3096665214283036e-05,7.470671861656561e-05,0.0,125,0.0,0.0,0.995524712,1.3096665214283036e-05,7.470671861656561e-05,2,0,24,24,16,1.0,0.0,124440589,0.0,0,0,0,0,447.3580173497321,"['z', 'z', 'x', 'x']"
4,x,5,0.0001,m1,val,2000000,0.995542,5.096000000010536e-05,3.67695526217765e-05,0.0,2,0.0,0.0,0.995542,5.096000000010536e-05,3.67695526217765e-05,2,0,24,24,16,1.0,0.0,1991084,0.0,0,0,0,0,8.304599923023488,"['z', 'z', 'x', 'x']"
4,x,5,0.0001,normal,anqi,126000000,0.9935171587301588,1.4798555872153687e-05,8.475172330504704e-05,0.0,126,0.0,0.0,0.9935171587301588,1.4798555872153687e-05,8.475172330504704e-05,2,0,32,32,32,1.0,0.0,125183162,0.0,0,0,0,0,6978.948127163283,"['z', 'z', 'x', 'x']"
4,x,5,0.0001,normal,val,3000000,0.9935103333333334,3.01384302474412e-05,2.6633312473948376e-05,0.0,3,0.0,0.0,0.9935103333333334,3.01384302474412e-05,2.6633312473948376e-05,2,0,32,32,32,1.0,0.0,2980531,0.0,0,0,0,0,181.71371741697652,"['z', 'z', 'x', 'x']"
4,x,5,0.005,m1,anqi,125000000,0.803606888,6.864689468736432e-05,0.0003915793953194,1.493184196557954e-07,125,7.117203129599261e-08,4.05983418557607e-07,0.803606768,6.86444861960291e-05,0.0003915656566705,2,0,24,24,16,1.0,0.0,100450861,15.0,0,0,0,0,3806.81671434053,"['z', 'z', 'x', 'x']"
4,x,5,0.005,m1,val,2000000,0.8037605,0.00070854,0.0005112382027978,6.531098331938557e-06,2,3.042414320668766e-06,2.1952161197183143e-06,0.80375525,0.0007060899999999,0.0005094704358448,2,0,24,24,16,1.0,0.0,1607521,0.0,21,0,0,0,74.6558865030529,"['z', 'z', 'x', 'x']"
4,x,5,0.005,normal,anqi,126000000,0.730903126984127,7.851835994035806e-05,0.0004496767369411,1.2976452542921408e-05,126,7.531492448917262e-07,4.31330576861073e-06,0.7308936428571429,7.863451159552464e-05,0.0004503419405613,2,0,32,32,32,1.0,0.0,92093794,1195.0,0,0,0,0,34453.86165997974,"['z', 'z', 'x', 'x']"
4,x,5,0.005,normal,val,3000000,0.7307343333333334,0.0007848834078454,0.0006936009900031,1.2546994008079404e-05,3,4.552645697093322e-06,4.023170232768093e-06,0.7307251666666666,0.0007881849319657,0.0006965185448596,2,0,32,32,32,1.0,0.0,2192203,2.0,51,0,0,0,806.8710021720617,"['z', 'z', 'x', 'x']"
4,x,5,0.01,m1,anqi,125000000,0.652773792,8.496654524535332e-05,0.0004846708443416,6.3358491743063645e-06,125,5.576226509268277e-07,3.1808218195561806e-06,0.652769656,8.493734076146374e-05,0.000484504254517,2,0,24,24,16,1.0,0.0,81596724,517.0,0,0,0,0,9358.911616769212,"['z', 'z', 'x', 'x']"
4,x,5,0.01,m1,val,2000000,0.6525295,0.0004478599999999,0.0003231477990022,8.964844699670834e-05,2,1.4956948377855784e-05,1.07919996161622e-05,0.652471,0.00043806,0.0003160767311904,2,0,24,24,16,1.0,0.0,1305059,6.0,222,0,0,0,142.81476612202823,"['z', 'z', 'x', 'x']"
4,x,5,0.01,normal,anqi,127000000,0.547150125984252,9.675510297175207e-05,0.0005563135890833,0.0002172738568288,127,3.163376234909415e-06,1.818848962805849e-05,0.5470312440944881,9.666797000675516e-05,0.0005558125999779,2,0,32,32,32,1.0,0.0,69488066,15098.0,0,0,0,0,54269.801806010655,"['z', 'z', 'x', 'x']"
4,x,5,0.01,normal,val,3000000,0.5474436666666667,0.0014249372244106,0.0012592161583037,0.000234717164533,3,9.371959995059214e-06,8.281995345890572e-06,0.5473151666666666,0.0014204989101173,0.0012552940226629,2,0,32,32,32,1.0,0.0,1642331,39.0,693,0,0,0,1368.7145737699466,"['z', 'z', 'x', 'x']"
4,x,5,0.05,m1,anqi,2000000,0.1843205,5.977999999997818e-05,4.313351365236366e-05,0.0099880050965222,2,0.0003795720880495,0.0002738755075601,0.1824795,1.077999999999718e-05,7.77817459304999e-06,2,0,24,24,16,1.0,0.0,368641,3682.0,0,0,0,0,798.5397104070289,"['z', 'z', 'x', 'x']"
4,x,5,0.05,m1,val,2000000,0.1843205,5.977999999997818e-05,4.313351365236366e-05,0.038677162822238,2,0.0003862179150256,0.0002786707211534,0.1771915,1.372000000001372e-05,9.899494936621565e-06,2,0,24,24,16,1.0,0.0,368641,3682.0,21152,0,0,0,702.5380814290256,"['z', 'z', 'x', 'x']"
4,x,5,0.05,normal,anqi,3000000,0.122075,0.0004136312102989,0.0003655256488948,0.0776543763758099,3,0.0002462806984917,0.0002176381034241,0.1125953333333333,0.0003777504180157,0.0003338178145835,2,0,32,32,32,1.0,0.0,366225,28439.0,0,0,0,0,1682.167911463941,"['z', 'z', 'x', 'x']"
4,x,5,0.05,normal,val,3000000,0.122075,0.0004136312102989,0.0003655256488948,0.0776555339111162,3,0.0009371839172746,0.0008281888575286,0.112595,0.0002681788100005,0.000236989451242,2,0,32,32,32,1.0,0.0,366225,10346.0,36188,0,0,0,1710.954074993031,"['z', 'z', 'x', 'x']"
4,x,5,0.1,m1,anqi,2000000,0.0867074999999999,0.0002185399999999,0.0001576848122045,0.0988139731790158,2,0.0015367205178497,0.001108801529551,0.0781395,6.370000000000929e-05,4.59619407771323e-05,2,0,24,24,16,1.0,0.0,173415,17136.0,0,0,0,0,1159.0505225030356,"['z', 'z', 'x', 'x']"
4,x,5,0.1,m1,val,2000000,0.0867074999999999,0.0002185399999999,0.0001576848122045,0.2274414729269854,2,0.0020828064528044,0.0015028230272215,0.0669865,1.176000000000496e-05,8.48528137424215e-06,2,0,24,24,16,1.0,0.0,173415,17136.0,44612,0,0,0,1224.4890909289825,"['z', 'z', 'x', 'x']"
4,x,5,0.1,normal,anqi,3000000,0.0696089999999999,0.0001998142857755,0.0001765757627762,0.3270602531229443,3,0.0003291009057906,0.0002908262702277,0.0468426666666666,0.0001388898159613,0.0001227368458668,2,0,32,32,32,1.0,0.0,208827,68299.0,0,0,0,0,1822.2737710479407,"['z', 'z', 'x', 'x']"
4,x,5,0.1,normal,val,3000000,0.0696089999999999,0.0001998142857755,0.0001765757627762,0.3282654613602795,3,0.0011936680409538,0.0010548437215833,0.0467586666666666,8.041044487157583e-05,7.105866121264572e-05,2,0,32,32,32,1.0,0.0,208827,35893.0,65316,0,0,0,1741.2185879469616,"['z', 'z', 'x', 'x']"
4,x,7,0.0001,m1,anqi,2000000,0.991597,0.000294,0.0002121320343559,0.0,2,0.0,0.0,0.991597,0.000294,0.0002121320343559,1,1,40,24,32,1.0,0.0,1983194,0.0,0,0,0,0,124.0496850219788,"['z', 'x', 'z', 'x']"
4,x,7,0.0001,m1,val,2000000,0.991597,0.000294,0.0002121320343559,3.0253464190406766e-06,2,9.874077353529729e-07,7.124517402695297e-07,0.991594,0.00029302,0.0002114249275748,1,1,40,24,32,1.0,0.0,1983194,0.0,12,0,0,0,129.74068322096718,"['z', 'x', 'z', 'x']"
4,x,7,0.0001,normal,anqi,2000000,0.98869,0.0002489199999999,0.0001796051224213,3.539972925132021e-06,2,9.903193416940355e-07,7.145525735225003e-07,0.9886865,0.00024794,0.0001788980156402,1,1,48,32,48,1.0,0.0,1977380,7.0,0,0,0,0,1445.7709208710005,"['z', 'x', 'z', 'x']"
4,x,7,0.0001,normal,val,2000000,0.98869,0.0002489199999999,0.0001796051224213,2.528598490174176e-06,2,6.366188958868115e-10,4.5934442685005846e-10,0.9886875,0.0002489200000001,0.0001796051224214,1,1,48,32,48,1.0,0.0,1977380,0.0,10,0,0,0,1494.5197516480112,"['z', 'x', 'z', 'x']"
4,x,7,0.005,m1,anqi,2000000,0.6686300000000001,0.00017248,0.0001244507934888,0.0001764798749968,2,5.817209444925523e-06,4.197334944989051e-06,0.668512,0.00016856,0.0001216223663641,1,1,40,24,32,1.0,0.0,1337260,236.0,0,0,0,0,533.7159179760492,"['z', 'x', 'z', 'x']"
4,x,7,0.005,m1,val,2000000,0.6686300000000001,0.00017248,0.0001244507934888,0.0052547682838803,2,9.537959344689328e-05,6.88199564419533e-05,0.6651165,0.0001078,7.778174593055877e-05,1,1,40,24,32,1.0,0.0,1337260,236.0,13582,0,0,0,574.6018176810467,"['z', 'x', 'z', 'x']"
4,x,7,0.005,normal,anqi,3000000,0.5819826666666666,6.63157470825287e-05,5.860318535144247e-05,0.0070924135954363,3,0.0001428469127348,0.0001262337298781,0.577855,1.9827348116499093e-05,1.752141546792424e-05,1,1,48,32,48,1.0,0.0,1745948,12383.0,0,0,0,0,2102.3844868990127,"['z', 'x', 'z', 'x']"
4,x,7,0.005,normal,val,3000000,0.5819826666666666,6.63157470825287e-05,5.860318535144247e-05,0.0071456830269918,3,8.714447469583924e-05,7.70095192714765e-05,0.577824,1.5505487200826836e-05,1.3702189606092354e-05,1,1,48,32,48,1.0,0.0,1745948,894.0,23164,0,0,0,2269.2390956500312,"['z', 'x', 'z', 'x']"
4,x,7,0.01,m1,anqi,2000000,0.4604475,0.00023226,0.0001675843071412,0.0014572847778361,2,5.181582908474973e-05,3.738706542717314e-05,0.4597765,0.00025578,0.0001845548698897,1,1,40,24,32,1.0,0.0,920895,1342.0,0,0,0,0,1003.5022597080095,"['z', 'x', 'z', 'x']"
4,x,7,0.01,m1,val,2000000,0.4604475,0.00023226,0.0001675843071412,0.0210067251489124,2,9.795031576219472e-05,7.067482907633822e-05,0.450775,0.0001822799999999,0.0001315218613006,1,1,40,24,32,1.0,0.0,920895,1342.0,36006,0,0,0,1008.6172803529772,"['z', 'x', 'z', 'x']"
4,x,7,0.01,normal,anqi,3000000,0.35989,0.0009040983790126,0.0007989511874951,0.0291933852850823,3,0.0003262600243009,0.0002883157849835,0.3493836666666667,0.0009398619536458,0.0008305554366406,1,1,48,32,48,1.0,0.0,1079670,31519.0,0,0,0,0,2033.126574685972,"['z', 'x', 'z', 'x']"
4,x,7,0.01,normal,val,3000000,0.35989,0.0009040983790126,0.0007989511874951,0.029168248764456,3,0.0001764626127562,0.0001559399035357,0.3493926666666667,0.0009008373960808,0.0007960694588623,1,1,48,32,48,1.0,0.0,1079670,3962.0,55060,0,0,0,2090.445598588034,"['z', 'x', 'z', 'x']"
4,x,7,0.05,m1,anqi,2000000,0.0662804999999999,0.0001656199999999,0.0001195010460205,0.0630582973579958,2,0.0008229225067468,0.0005937694743996,0.062101,0.0002097199999999,0.0001513208511739,1,1,40,24,32,1.0,0.0,132561,8359.0,0,0,0,0,966.407264887006,"['z', 'x', 'z', 'x']"
4,x,7,0.05,m1,val,2000000,0.0662804999999999,0.0001656199999999,0.0001195010460205,0.3197096479105265,2,0.0003553128278595,0.0002563715408388,0.04509,0.00013622,9.828784258493028e-05,1,1,40,24,32,1.0,0.0,132561,8358.0,68046,0,0,0,914.1430001370028,"['z', 'x', 'z', 'x']"
4,x,7,0.05,normal,anqi,3000000,0.0439316666666666,0.0001601986122841,0.0001415674162133,0.3867399178548649,3,0.0017991762469836,0.0015899309548707,0.0269416666666666,0.0001710049298834,0.0001511169525014,1,1,48,32,48,1.0,0.0,131795,50970.0,0,0,0,0,1237.332859732036,"['z', 'x', 'z', 'x']"
4,x,7,0.05,normal,val,3000000,0.0439316666666666,0.0001601986122841,0.0001415674162133,0.3862363937795376,3,0.0004011197496958,0.0003544692787716,0.0269636666666666,0.0001042143466344,9.20941547186011e-05,1,1,48,32,48,1.0,0.0,131795,14390.0,73028,0,0,0,1601.9241272750078,"['z', 'x', 'z', 'x']"
4,x,7,0.1,m1,anqi,2000000,0.0256205,0.0002988999999999,0.0002156675682618,0.0878677879616719,2,0.0027846326895159,0.002009216997827,0.0233695,0.00034398,0.0002481944801964,1,1,40,24,32,1.0,0.0,51241,4502.0,0,0,0,0,853.1348548320238,"['z', 'x', 'z', 'x']"
4,x,7,0.1,m1,val,2000000,0.0256205,0.0002988999999999,0.0002156675682618,0.4802968871261395,2,0.0025241794485666,0.0018212902091971,0.01331525,0.00022001,0.0001587454723763,1,1,40,24,32,1.0,0.0,51241,4502.0,40217,0,0,0,1014.5108616270008,"['z', 'x', 'z', 'x']"
4,x,7,0.1,normal,anqi,3000000,0.0204526666666666,0.0001521130620441,0.0001344222203853,0.4905283250899872,3,0.0024239012294867,0.0021420000418366,0.0104199999999999,7.928516969353919e-05,7.006425622241328e-05,1,1,48,32,48,1.0,0.0,61358,30098.0,0,0,0,0,1503.5643218870391,"['z', 'x', 'z', 'x']"
4,x,7,0.1,normal,val,3000000,0.0204526666666666,0.0001521130620441,0.0001344222203853,0.4925838833259717,3,0.0003013232031748,0.0002662791313256,0.010378,7.40813453801514e-05,6.546563984259191e-05,1,1,48,32,48,1.0,0.0,61358,6064.0,48320,0,0,0,1676.185510091018,"['z', 'x', 'z', 'x']"
4,x,9,0.0001,m1,anqi,125000000,1.0,0.0,0.0,0.0,125,0.0,0.0,1.0,0.0,0.0,3,-1,8,8,0,1.0,0.0,125000000,0.0,0,0,0,0,194.5976349152625,"['z', 'z', 'z', 'x']"
4,x,9,0.0001,m1,val,2000000,1.0,0.0,0.0,0.0,2,0.0,0.0,1.0,0.0,0.0,3,-1,8,8,0,1.0,0.0,2000000,0.0,0,0,0,0,3.126078150002286,"['z', 'z', 'z', 'x']"
4,x,9,0.0001,normal,anqi,126000000,1.0,0.0,0.0,0.0,126,0.0,0.0,1.0,0.0,0.0,3,-1,16,16,16,1.0,0.0,126000000,0.0,0,0,0,0,6778.261605167703,"['z', 'z', 'z', 'x']"
4,x,9,0.0001,normal,val,3000000,1.0,0.0,0.0,0.0,3,0.0,0.0,1.0,0.0,0.0,3,-1,16,16,16,1.0,0.0,3000000,0.0,0,0,0,0,168.255814789969,"['z', 'z', 'z', 'x']"
4,x,9,0.005,m1,anqi,125000000,1.0,0.0,0.0,8.56e-07,125,1.553772875003542e-07,8.863116760467358e-07,0.999999144,1.5537728749769317e-07,8.863116760315562e-07,3,-1,8,8,0,1.0,0.0,125000000,107.0,0,0,0,0,874.3780177332228,"['z', 'z', 'z', 'x']"
4,x,9,0.005,m1,val,2000000,1.0,0.0,0.0,2.1e-05,2,2.9400000000000028e-06,2.121320343559645e-06,0.999979,2.940000000138942e-06,2.1213203436598947e-06,3,-1,8,8,0,1.0,0.0,2000000,4.0,76,0,0,0,16.89667266397737,"['z', 'z', 'z', 'x']"
4,x,9,0.005,normal,anqi,126000000,1.0,0.0,0.0,7.43015873015873e-05,126,1.533756952754724e-06,8.783866885393781e-06,0.9999256984126984,1.5337569527559394e-06,8.783866885400742e-06,3,-1,16,16,16,1.0,0.0,126000000,9362.0,0,0,0,0,25564.07363301207,"['z', 'z', 'z', 'x']"
4,x,9,0.005,normal,val,3000000,1.0,0.0,0.0,6.933333333333334e-05,3,4.24666666666667e-06,3.7527767497325706e-06,0.9999306666666667,4.246666666698115e-06,3.7527767497603575e-06,3,-1,16,16,16,1.0,0.0,3000000,14.0,388,0,0,0,610.5472379620187,"['z', 'z', 'z', 'x']"
4,x,9,0.01,m1,anqi,125000000,1.0,0.0,0.0,2.0616e-05,125,9.018429742727728e-07,5.144342335470699e-06,0.999979384,9.0184297427225e-07,5.144342335467716e-06,3,-1,8,8,0,1.0,0.0,125000000,2577.0,0,0,0,0,1289.8390033990145,"['z', 'z', 'z', 'x']"
4,x,9,0.01,m1,val,2000000,1.0,0.0,0.0,0.0002334999999999,2,2.547999999999998e-05,1.838477631085022e-05,0.9997665,2.548000000007988e-05,1.838477631090788e-05,3,-1,8,8,0,1.0,0.0,2000000,36.0,862,0,0,0,21.251336888992228,"['z', 'z', 'z', 'x']"
4,x,9,0.01,normal,anqi,127000000,1.0,0.0,0.0,0.0009286141732283,127,5.597030984560827e-06,3.218129379843488e-05,0.9990713858267716,5.597030984558435e-06,3.218129379842113e-05,3,-1,16,16,16,1.0,0.0,127000000,117934.0,0,0,0,0,39916.64447307418,"['z', 'z', 'z', 'x']"
4,x,9,0.01,normal,val,3000000,1.0,0.0,0.0,0.0009321666666666,3,2.8478139764465773e-06,2.516611478423587e-06,0.9990678333333332,2.847813976376619e-06,2.5166114783617645e-06,3,-1,16,16,16,1.0,0.0,3000000,332.0,4929,0,0,0,870.5585834569647,"['z', 'z', 'z', 'x']"
4,x,9,0.05,m1,anqi,2000000,1.0,0.0,0.0,0.015973,2,5.292000000000362e-05,3.818376618407618e-05,0.984027,5.291999999999853e-05,3.81837661840725e-05,3,-1,8,8,0,1.0,0.0,2000000,31946.0,0,0,0,0,91.20621666195802,"['z', 'z', 'z', 'x']"
4,x,9,0.05,m1,val,2000000,1.0,0.0,0.0,0.046582,2,0.0001430799999999,0.0001032375900532,0.953418,0.0001430799999999,0.0001032375900532,3,-1,8,8,0,1.0,0.0,2000000,31946.0,122436,0,0,0,81.82686058495892,"['z', 'z', 'z', 'x']"
4,x,9,0.05,normal,anqi,3000000,1.0,0.0,0.0,0.108184,3,0.0003281288210444,0.0002899672395288,0.8918159999999999,0.0003281288210443,0.0002899672395288,3,-1,16,16,16,1.0,0.0,3000000,324552.0,0,0,0,0,2088.250414841983,"['z', 'z', 'z', 'x']"
4,x,9,0.05,normal,val,3000000,1.0,0.0,0.0,0.1080653333333333,3,0.0003100939146631,0.0002740298037318,0.8919346666666667,0.000310093914663,0.0002740298037318,3,-1,16,16,16,1.0,0.0,3000000,142147.0,364098,0,0,0,2027.90499835409,"['z', 'z', 'z', 'x']"
4,x,9,0.1,m1,anqi,3000000,1.0,0.0,0.0,0.1104016666666666,3,1.901413275551598e-05,1.680277754817005e-05,0.8895983333333334,1.9014132755505697e-05,1.680277754816096e-05,3,-1,8,8,0,1.0,0.0,3000000,331205.0,0,0,0,0,95.55486982193544,"['z', 'z', 'z', 'x']"
4,x,9,0.1,m1,val,3000000,1.0,0.0,0.0,0.2060305,3,0.0004908019637287,0.0004337213967514,0.7939694999999999,0.0004908019637288,0.0004337213967514,3,-1,8,8,0,1.0,0.0,3000000,331205.0,573773,0,0,0,133.782621006947,"['z', 'z', 'z', 'x']"
4,x,9,0.1,normal,anqi,3000000,1.0,0.0,0.0,0.3220816666666666,3,0.0007068260520885,0.0006246217522095,0.6779183333333334,0.0007068260520885,0.0006246217522095,3,-1,16,16,16,1.0,0.0,3000000,966245.0,0,0,0,0,2343.345022153051,"['z', 'z', 'z', 'x']"
4,x,9,0.1,normal,val,3000000,1.0,0.0,0.0,0.3218958333333333,3,0.0005363475726719,0.0004739700236653,0.6781041666666666,0.0005363475726719,0.0004739700236653,3,-1,16,16,16,1.0,0.0,3000000,599242.0,732891,0,0,0,2013.9138735808665,"['z', 'z', 'z', 'x']"
4,z,7,0.0001,m1,anqi,3000000,0.9887703333333334,5.8333557332865736e-05,5.154932912589566e-05,0.0,3,0.0,0.0,0.9887703333333334,5.8333557332865736e-05,5.154932912589566e-05,0,2,56,24,48,1.0,0.0,2966311,0.0,0,0,0,0,1274.0556496559293,"['x', 'z', 'z', 'x']"
4,z,7,0.0001,m1,val,3000000,0.9887703333333334,5.8333557332865736e-05,5.154932912589566e-05,8.42816537987847e-07,3,6.608180859003051e-07,5.839645404794608e-07,0.9887695,5.89413855735423e-05,5.208646657238904e-05,0,2,56,24,48,1.0,0.0,2966311,0.0,5,0,0,0,1532.3583221890149,"['x', 'z', 'z', 'x']"
4,z,7,0.0001,normal,anqi,4000000,0.9857645,5.888976481527097e-05,6.00915967502765e-05,0.0,4,0.0,0.0,0.9857645,5.888976481527097e-05,6.00915967502765e-05,0,2,64,32,64,1.0,0.0,3943058,0.0,0,0,0,0,2858.2824038619874,"['x', 'z', 'z', 'x']"
4,z,7,0.0001,normal,val,4000000,0.9857645,5.888976481527097e-05,6.00915967502765e-05,5.072011167399676e-07,4,7.0291867792416e-07,7.172639570654694e-07,0.985764,5.848200121975582e-05,5.9675511448730434e-05,0,2,64,32,64,1.0,0.0,3943058,0.0,4,0,0,0,3274.642510447011,"['x', 'z', 'z', 'x']"
4,z,7,0.005,m1,anqi,3000000,0.580971,0.0004427387943246,0.0003912480031897,3.155562594040256e-05,3,8.99216196717832e-06,7.946368059714976e-06,0.5809526666666667,0.000441669279791,0.0003903028738471,0,2,56,24,48,1.0,0.0,1742913,55.0,0,0,0,0,1610.790284608025,"['x', 'z', 'z', 'x']"
4,z,7,0.005,m1,val,3000000,0.580971,0.0004427387943246,0.0003912480031897,0.0014314994722094,3,7.815739763860981e-05,6.90676447435898e-05,0.5801393333333333,0.0004265354854067,0.0003769291489568,0,2,56,24,48,1.0,0.0,1742913,57.0,4876,0,0,0,1533.314398076036,"['x', 'z', 'z', 'x']"
4,z,7,0.005,normal,anqi,3000000,0.5118216666666667,0.0002891256523459,0.0002555001630789,3.126145000144222e-05,3,1.1491840577461646e-05,1.0155332526859814e-05,0.5118056666666666,0.0002901535642456,0.0002564085281993,0,2,64,32,64,1.0,0.0,1535465,48.0,0,0,0,0,1842.0005275460423,"['x', 'z', 'z', 'x']"
4,z,7,0.005,normal,val,3000000,0.5118216666666667,0.0002891256523459,0.0002555001630789,0.0014647046280638,3,5.683034016275535e-05,5.022093702720122e-05,0.511072,0.0002931761902565,0.0002590796209662,0,2,64,32,64,1.0,0.0,1535465,48.0,4402,0,0,0,1999.0332466220127,"['x', 'z', 'z', 'x']"
4,z,7,0.01,m1,anqi,3000000,0.3569676666666666,0.0004254138247766,0.0003759379381404,0.0002782689984146,3,2.156198299524146e-05,1.9054311254946104e-05,0.3568683333333333,0.0004248882396322,0.0003754734788681,0,2,56,24,48,1.0,0.0,1070903,298.0,0,0,0,0,1472.2411786730518,"['x', 'z', 'z', 'x']"
4,z,7,0.01,m1,val,3000000,0.3569676666666666,0.0004254138247766,0.0003759379381404,0.0059898533891045,3,8.338228995865418e-05,7.368487890807616e-05,0.3548294999999999,0.0004509026042654,0.0003984623570677,0,2,56,24,48,1.0,0.0,1070903,297.0,12235,0,0,0,1493.4637664789916,"['x', 'z', 'z', 'x']"
4,z,7,0.01,normal,anqi,4000000,0.290713,0.0005199778169627,0.0005305896091456,0.0002975634429557,4,2.887473436241269e-05,2.946401465552316e-05,0.2906265,0.0005238644670777,0.0005345555786507,0,2,64,32,64,1.0,0.0,1162852,346.0,0,0,0,0,2161.89851078199,"['x', 'z', 'z', 'x']"
4,z,7,0.01,normal,val,3000000,0.2908756666666667,0.0005809070265637,0.0005133471859602,0.0063110265863515,3,0.0001951556723849,0.0001724589489571,0.28904,0.0006325748810483,0.0005590060375344,0,2,64,32,64,1.0,0.0,872627,259.0,10496,0,0,0,1402.7314813859994,"['x', 'z', 'z', 'x']"
4,z,7,0.05,m1,anqi,3000000,0.0225306666666666,0.0002191590087382,0.0001936706826892,0.0315735170966474,3,0.0005310339346822,0.0004692743650065,0.0218193333333333,0.0002201849650735,0.0001945773196786,0,2,56,24,48,1.0,0.0,67592,2134.0,0,0,0,0,1052.4677852989407,"['x', 'z', 'z', 'x']"
4,z,7,0.05,m1,val,3000000,0.0225306666666666,0.0002191590087382,0.0001936706826892,0.1426377058812577,3,0.0009728117905501,0.0008596731874667,0.0193168333333333,0.0001659341268227,0.0001466358869217,0,2,56,24,48,1.0,0.0,67592,2134.0,15015,0,0,0,952.4831681690412,"['x', 'z', 'z', 'x']"
4,z,7,0.05,normal,anqi,4000000,0.01347925,7.735743252375051e-05,7.893615563648011e-05,0.0369704431955657,4,0.0019531020021226,0.0019929612266557,0.012981,9.495722967034424e-05,9.689513231667778e-05,0,2,64,32,64,1.0,0.0,53917,1993.0,0,0,0,0,1259.750664766936,"['x', 'z', 'z', 'x']"
4,z,7,0.05,normal,val,4000000,0.01347925,7.735743252375051e-05,7.893615563648011e-05,0.1519351060666275,4,0.0020202288358717,0.0020614579957874,0.01143125,6.472514838402008e-05,6.604606977961233e-05,0,2,64,32,64,1.0,0.0,53917,1993.0,12398,0,0,0,1324.64661766903,"['x', 'z', 'z', 'x']"
4,z,7,0.1,m1,anqi,3000000,0.0021523333333333,5.042108201051541e-05,4.4557079497351946e-05,0.130898566712171,3,0.0031027432611948,0.0027418923322609,0.0018706666666666,4.965333333333325e-05,4.3878620458411485e-05,0,2,56,24,48,1.0,0.0,6457,845.0,0,0,0,0,970.291037167015,"['x', 'z', 'z', 'x']"
4,z,7,0.1,m1,val,3000000,0.0021523333333333,5.042108201051541e-05,4.4557079497351946e-05,0.3750106697726638,3,0.0026837204062258,0.0023716020902513,0.0013451666666666,3.0534160833037124e-05,2.698301935168364e-05,0,2,56,24,48,1.0,0.0,6457,844.0,3155,0,0,0,870.2049149459926,"['x', 'z', 'z', 'x']"
4,z,7,0.1,normal,anqi,4000000,0.00130075,3.750874520250796e-05,3.827422979847751e-05,0.1599295218879454,4,0.0075619975414036,0.0077163240218405,0.00109275,3.4345469861395164e-05,3.504639781775017e-05,0,2,64,32,64,1.0,0.0,5203,832.0,0,0,0,0,1237.523704814026,"['x', 'z', 'z', 'x']"
4,z,7,0.1,normal,val,4000000,0.00130075,3.750874520250796e-05,3.827422979847751e-05,0.425650363629668,4,0.0018461848446247,0.0018838620863517,0.000747125,2.340188222486956e-05,2.3879471658030164e-05,0,2,64,32,64,1.0,0.0,5203,833.0,2763,0,0,0,1348.71497941704,"['x', 'z', 'z', 'x']"
4,z,8,0.0001,m1,anqi,296000000,1.0,0.0,0.0,0.0,296,0.0,0.0,1.0,0.0,0.0,3,-1,8,8,0,1.0,0.0,296000000,0.0,0,0,0,0,362.3099423297099,"['z', 'z', 'z', 'x']"
4,z,8,0.0001,m1,val,3000000,1.0,0.0,0.0,0.0,3,0.0,0.0,1.0,0.0,0.0,3,-1,8,8,0,1.0,0.0,3000000,0.0,0,0,0,0,4.331586479092948,"['z', 'z', 'z', 'x']"
4,z,8,0.0001,normal,anqi,296000000,1.0,0.0,0.0,0.0,296,0.0,0.0,1.0,0.0,0.0,3,-1,16,16,16,1.0,0.0,296000000,0.0,0,0,0,0,14019.314929895629,"['z', 'z', 'z', 'x']"
4,z,8,0.0001,normal,val,3000000,1.0,0.0,0.0,0.0,3,0.0,0.0,1.0,0.0,0.0,3,-1,16,16,16,1.0,0.0,3000000,0.0,0,0,0,0,162.4519434380927,"['z', 'z', 'z', 'x']"
4,z,8,0.005,m1,anqi,296000000,1.0,0.0,0.0,7.094594594594595e-08,296,3.076243982928348e-08,2.7002909532584054e-07,0.999999929054054,3.076243982968964e-08,2.700290953294058e-07,3,-1,8,8,0,1.0,0.0,296000000,21.0,0,0,0,0,1489.368239075935,"['z', 'z', 'z', 'x']"
4,z,8,0.005,m1,val,3000000,1.0,0.0,0.0,4.166666666666667e-06,3,8.642787616144332e-07,7.637626158259736e-07,0.9999958333333332,8.64278761577601e-07,7.63762615793425e-07,3,-1,8,8,0,1.0,0.0,3000000,0.0,25,0,0,0,15.325375098036602,"['z', 'z', 'z', 'x']"
4,z,8,0.005,normal,anqi,296000000,1.0,0.0,0.0,4.4256756756756754e-07,296,7.93237312305314e-08,6.962944259596925e-07,0.9999995574324324,7.93237312305093e-08,6.962944259594985e-07,3,-1,16,16,16,1.0,0.0,296000000,131.0,0,0,0,0,47334.04305658466,"['z', 'z', 'z', 'x']"
4,z,8,0.005,normal,val,3000000,1.0,0.0,0.0,1.1166666666666668e-05,3,4.093121601472945e-06,3.617089069035117e-06,0.9999888333333334,4.093121601513943e-06,3.6170890690713474e-06,3,-1,16,16,16,1.0,0.0,3000000,0.0,67,0,0,0,423.9606866000104,"['z', 'z', 'z', 'x']"
4,z,8,0.01,m1,anqi,296000000,1.0,0.0,0.0,2.405405405405405e-06,296,1.8301714207688768e-07,1.6065030465203478e-06,0.9999975945945944,1.830171420781329e-07,1.6065030465312784e-06,3,-1,8,8,0,1.0,0.0,296000000,712.0,0,0,0,0,2209.893365695025,"['z', 'z', 'z', 'x']"
4,z,8,0.01,m1,val,3000000,1.0,0.0,0.0,4.516666666666666e-05,3,2.90347684298976e-06,2.5658007197234426e-06,0.9999548333333332,2.903476843007964e-06,2.56580071973953e-06,3,-1,8,8,0,1.0,0.0,3000000,7.0,257,0,0,0,20.05862651701318,"['z', 'z', 'z', 'x']"
4,z,8,0.01,normal,anqi,297000000,1.0,0.0,0.0,1.3195286195286194e-05,297,3.886522309827424e-07,3.4173016662201e-06,0.9999868047138049,3.88652230984138e-07,3.417301666232371e-06,3,-1,16,16,16,1.0,0.0,297000000,3919.0,0,0,0,0,73877.93590792967,"['z', 'z', 'z', 'x']"
4,z,8,0.01,normal,val,4000000,1.0,0.0,0.0,0.000169125,4,3.782321817790397e-06,3.859512058969793e-06,0.999830875,3.782321817778773e-06,3.859512058957932e-06,3,-1,16,16,16,1.0,0.0,4000000,58.0,1237,0,0,0,915.888518143096,"['z', 'z', 'z', 'x']"
4,z,8,0.05,m1,anqi,3000000,1.0,0.0,0.0,0.0033576666666666,3,2.311729319025991e-05,2.042873792805928e-05,0.9966423333333332,2.31172931901935e-05,2.042873792800059e-05,3,-1,8,8,0,1.0,0.0,3000000,10073.0,0,0,0,0,80.31207481189631,"['z', 'z', 'z', 'x']"
4,z,8,0.05,m1,val,3000000,1.0,0.0,0.0,0.0136476666666666,3,3.253409766861716e-05,2.875036231655769e-05,0.9863523333333334,3.253409766864436e-05,2.8750362316581733e-05,3,-1,8,8,0,1.0,0.0,3000000,10073.0,61740,0,0,0,90.35869946697494,"['z', 'z', 'z', 'x']"
4,z,8,0.05,normal,anqi,4000000,1.0,0.0,0.0,0.0118685,4,0.0001848791926276,0.0001886522373751,0.9881315,0.0001848791926276,0.0001886522373751,3,-1,16,16,16,1.0,0.0,4000000,47474.0,0,0,0,0,2732.1693220279994,"['z', 'z', 'z', 'x']"
4,z,8,0.05,normal,val,4000000,1.0,0.0,0.0,0.036946375,4,0.0003254360923822,0.0003320776452879,0.963053625,0.0003254360923821,0.0003320776452879,3,-1,16,16,16,1.0,0.0,4000000,47475.0,200621,0,0,0,2175.016166430898,"['z', 'z', 'z', 'x']"
4,z,8,0.1,m1,anqi,3000000,1.0,0.0,0.0,0.0386643333333333,3,0.000164127164249,0.0001450390751947,0.9613356666666668,0.000164127164249,0.0001450390751946,3,-1,8,8,0,1.0,0.0,3000000,115993.0,0,0,0,0,153.3879787439364,"['z', 'z', 'z', 'x']"
4,z,8,0.1,m1,val,3000000,1.0,0.0,0.0,0.0921276666666666,3,0.0003653605666248,0.0003228689104471,0.9078723333333332,0.0003653605666248,0.0003228689104471,3,-1,8,8,0,1.0,0.0,3000000,115993.0,320780,0,0,0,135.1002703869599,"['z', 'z', 'z', 'x']"
4,z,8,0.1,normal,anqi,4000000,1.0,0.0,0.0,0.0909602499999999,4,0.0002885867053417,0.0002944762299405,0.90903975,0.0002885867053417,0.0002944762299405,3,-1,16,16,16,1.0,0.0,4000000,363841.0,0,0,0,0,2632.6572006580536,"['z', 'z', 'z', 'x']"
4,z,8,0.1,normal,val,4000000,1.0,0.0,0.0,0.1780237499999999,4,0.0004862558972735,0.0004961794870138,0.82197625,0.0004862558972736,0.0004961794870138,3,-1,16,16,16,1.0,0.0,4000000,363841.0,696508,0,0,0,2894.1422714859946,"['z', 'z', 'z', 'x']"
4,z,12,0.0001,m1,anqi,296000000,0.9963301283783784,6.4582194100239695e-06,5.66894938887289e-05,0.0,296,0.0,0.0,0.9963301283783784,6.4582194100239695e-06,5.66894938887289e-05,2,0,24,8,16,1.0,0.0,294913718,0.0,0,0,0,0,757.2148030013777,"['z', 'z', 'x', 'z']"
4,z,12,0.0001,m1,val,3000000,0.996332,2.661080482314794e-05,2.3515952032648555e-05,0.0,3,0.0,0.0,0.996332,2.661080482314794e-05,2.3515952032648555e-05,2,0,24,8,16,1.0,0.0,2988996,0.0,0,0,0,0,8.761644755024463,"['z', 'z', 'x', 'z']"
4,z,12,0.0001,normal,anqi,296000000,0.9951107094594596,7.505395269904705e-06,6.588148098922802e-05,0.0,296,0.0,0.0,0.9951107094594596,7.505395269904705e-06,6.588148098922802e-05,2,0,32,16,32,1.0,0.0,294552770,0.0,0,0,0,0,14301.323793138785,"['z', 'z', 'x', 'z']"
4,z,12,0.0001,normal,val,3000000,0.9951863333333332,7.91828140725487e-05,6.997380462241542e-05,0.0,3,0.0,0.0,0.9951863333333332,7.91828140725487e-05,6.997380462241542e-05,2,0,32,16,32,1.0,0.0,2985559,0.0,0,0,0,0,177.87471054802882,"['z', 'z', 'x', 'z']"
4,z,12,0.005,m1,anqi,296000000,0.8348455506756757,3.8209451857957856e-05,0.0003353980950587,2.0233143696208414e-08,296,1.7614485466559056e-08,1.546178912193226e-07,0.8348455337837838,3.820935653445348e-05,0.0003353972583201,2,0,24,8,16,1.0,0.0,247114283,5.0,0,0,0,0,5546.702752491925,"['z', 'z', 'x', 'z']"
4,z,12,0.005,m1,val,3000000,0.8350776666666667,0.0003583198313115,0.0003166470169342,9.978350834401682e-07,3,7.821011552492315e-07,6.91142315076522e-07,0.8350768333333334,0.0003580356081608,0.0003163958491088,2,0,24,8,16,1.0,0.0,2505233,0.0,5,0,0,0,64.1735698429984,"['z', 'z', 'x', 'z']"
4,z,12,0.005,normal,anqi,296000000,0.7875741689189188,4.7139547992566e-05,0.0004137854334422,6.862262187950715e-08,296,3.4852856147970894e-08,3.0593429088805304e-07,0.7875741148648648,4.713767044354557e-05,0.0004137689525367,2,0,32,16,32,1.0,0.0,233121954,16.0,0,0,0,0,63580.39098370908,"['z', 'z', 'x', 'z']"
4,z,12,0.005,normal,val,3000000,0.7875976666666666,0.0004316605520288,0.0003814581672128,2.116191477882798e-06,3,1.097833994397502e-06,9.701552329452854e-07,0.7875960000000001,0.0004318035397415,0.0003815845253676,2,0,32,16,32,1.0,0.0,2362793,0.0,10,0,0,0,668.4999957049149,"['z', 'z', 'x', 'z']"
4,z,12,0.01,m1,anqi,296000000,0.7019393141891892,5.368281309524179e-05,0.0004712214484644,7.411715540891638e-07,296,1.1797152137890749e-07,1.0355402032135054e-06,0.701938793918919,5.3680658781900506e-05,0.0004712025381541,2,0,24,8,16,1.0,0.0,207774037,154.0,0,0,0,0,12211.831767142923,"['z', 'z', 'x', 'z']"
4,z,12,0.01,m1,val,3000000,0.7023133333333332,0.0004386991037652,0.0003876781311001,1.6847978566988302e-05,3,4.847373840077985e-06,4.283621313415982e-06,0.7023015,0.0004363194354292,0.0003855752196394,2,0,24,8,16,1.0,0.0,2106940,1.0,69,0,0,0,114.45725208194926,"['z', 'z', 'x', 'z']"
4,z,12,0.01,normal,anqi,296000000,0.6285548445945945,5.858239200517428e-05,0.0005142293785203,2.622914160085042e-06,296,2.3535772991319057e-07,2.065942598802075e-06,0.6285531959459459,5.858198413766313e-05,0.000514225798307,2,0,32,16,32,1.0,0.0,186052234,488.0,0,0,0,0,100436.30150375812,"['z', 'z', 'x', 'z']"
4,z,12,0.01,normal,val,3000000,0.6293873333333333,0.000270618048507,0.0002391450048262,3.998619304781876e-05,3,1.0536509149554775e-06,9.311106725226132e-07,0.6293621666666667,0.0002712183320582,0.0002396754750351,2,0,32,16,32,1.0,0.0,1888162,4.0,143,0,0,0,1150.269332949014,"['z', 'z', 'x', 'z']"
4,z,12,0.05,m1,anqi,3000000,0.228046,0.0001527836448489,0.000135014814002,0.0021355435120076,3,8.69365011360979e-05,7.68257331632607e-05,0.2275589999999999,0.0001597490181503,0.0001411701101508,2,0,24,8,16,1.0,0.0,684138,1461.0,0,0,0,0,689.8603412699886,"['z', 'z', 'x', 'z']"
4,z,12,0.05,m1,val,3000000,0.228046,0.0001527836448489,0.000135014814002,0.0103824461721418,3,0.0001404176518416,0.0001240869935046,0.2256783333333333,0.0001771617872015,0.0001565577635677,2,0,24,8,16,1.0,0.0,684138,1461.0,11284,0,0,0,929.0871766039636,"['z', 'z', 'x', 'z']"
4,z,12,0.05,normal,anqi,4000000,0.1662735,0.000345990893329,0.0003530519319684,0.0066262532837092,4,0.0001670707616707,0.0001704803690518,0.16517175,0.0003570486466855,0.0003643353537607,2,0,32,16,32,1.0,0.0,665094,4407.0,0,0,0,0,1943.60352086497,"['z', 'z', 'x', 'z']"
4,z,12,0.05,normal,val,4000000,0.1662735,0.000345990893329,0.0003530519319684,0.0230366062985411,4,0.0001438836575542,0.0001468200587288,0.162443125,0.0003402252642367,0.0003471686369763,2,0,32,16,32,1.0,0.0,665094,4408.0,21827,0,0,0,2536.006712665898,"['z', 'z', 'x', 'z']"
4,z,12,0.1,m1,anqi,3000000,0.1028006666666666,0.0004148867291736,0.0003666351501606,0.0384777257929104,3,0.0013175675386525,0.0011643336323212,0.0988453333333333,0.0005042120899427,0.0004455719171282,2,0,24,8,16,1.0,0.0,308402,11866.0,0,0,0,0,1548.2277278249385,"['z', 'z', 'x', 'z']"
4,z,12,0.1,m1,val,3000000,0.1028006666666666,0.0004148867291736,0.0003666351501606,0.1054868040537511,3,0.0012707764261302,0.0011229843546522,0.0919566666666666,0.0004413444383295,0.0003900158116452,2,0,24,8,16,1.0,0.0,308402,11866.0,41332,0,0,0,1557.625220055983,"['z', 'z', 'x', 'z']"
4,z,12,0.1,normal,anqi,4000000,0.081364,0.0001915676500177,0.0001954771938956,0.0829983122472287,4,0.0006226089294835,0.0006353152341668,0.074611,0.0002183076941688,0.0002227629532335,2,0,32,16,32,1.0,0.0,325456,27012.0,0,0,0,0,2294.2699148979736,"['z', 'z', 'x', 'z']"
4,z,12,0.1,normal,val,4000000,0.081364,0.0001915676500177,0.0001954771938956,0.1799671090500527,4,0.0007753985436913,0.0007912230037666,0.06672125,0.0002113002496449,0.0002156124996376,2,0,32,16,32,1.0,0.0,325456,27012.0,63118,0,0,0,2486.631038902968,"['z', 'z', 'x', 'z']"
4,z,14,0.0001,m1,anqi,296000000,0.9934720304054054,8.90993651612522e-06,7.821037961266298e-05,0.0,296,0.0,0.0,0.9934720304054054,8.90993651612522e-06,7.821037961266298e-05,1,1,40,8,32,1.0,0.0,294067721,0.0,0,0,0,0,952.6109961676412,"['z', 'x', 'z', 'z']"
4,z,14,0.0001,m1,val,3000000,0.993492,5.096000000008305e-05,4.50333209968642e-05,0.0,3,0.0,0.0,0.993492,5.096000000008305e-05,4.50333209968642e-05,1,1,40,8,32,1.0,0.0,2980476,0.0,0,0,0,0,12.28112013504142,"['z', 'x', 'z', 'z']"
4,z,14,0.0001,normal,anqi,296000000,0.9922475304054054,9.558142756523717e-06,8.39002581024943e-05,0.0,296,0.0,0.0,0.9922475304054054,9.558142756523717e-06,8.39002581024943e-05,1,1,48,16,48,1.0,0.0,293705269,0.0,0,0,0,0,14401.626128576812,"['z', 'x', 'z', 'z']"
4,z,14,0.0001,normal,val,3000000,0.9923566666666668,9.845843883476915e-05,8.700766249782287e-05,0.0,3,0.0,0.0,0.9923566666666668,9.845843883476915e-05,8.700766249782287e-05,1,1,48,16,48,1.0,0.0,2977070,0.0,0,0,0,0,171.59590254997602,"['z', 'x', 'z', 'z']"
4,z,14,0.005,m1,anqi,296000000,0.7211200709459459,5.2717614682103154e-05,0.0004627490497939,0.0,296,0.0,0.0,0.7211200709459459,5.2717614682103154e-05,0.0004627490497939,1,1,40,8,32,1.0,0.0,213451541,0.0,0,0,0,0,10327.884913273096,"['z', 'x', 'z', 'z']"
4,z,14,0.005,m1,val,3000000,0.7214106666666668,0.0005337601385558,0.0004716835097111,2.3113221502322413e-07,3,4.530191414455194e-07,4.003327396861588e-07,0.7214105000000001,0.0005339537292063,0.0004718545856511,1,1,40,8,32,1.0,0.0,2164232,0.0,1,0,0,0,133.5075979650137,"['z', 'x', 'z', 'z']"
4,z,14,0.005,normal,anqi,296000000,0.6786638344594594,5.186628989182645e-05,0.0004552762204532,4.976590516338386e-09,296,9.754117412023236e-09,8.562050068484482e-08,0.6786638310810811,5.186612901029052e-05,0.0004552748082539,1,1,48,16,48,1.0,0.0,200884495,1.0,0,0,0,0,66965.15682437335,"['z', 'x', 'z', 'z']"
4,z,14,0.005,normal,val,3000000,0.6787169999999999,0.0003027740094525,0.0002675612079506,4.91204889421395e-07,3,4.813808432866224e-07,4.253959583483579e-07,0.6787166666666667,0.0003030141053555,0.000267773380554,1,1,48,16,48,1.0,0.0,2036151,0.0,2,0,0,0,654.4861556959804,"['z', 'x', 'z', 'z']"
4,z,14,0.01,m1,anqi,296000000,0.5212771722972973,5.5614467158019686e-05,0.0004881772816801,1.6846925395196618e-07,296,6.195282405754903e-08,5.43814636484592e-07,0.5212770844594594,5.561218991055968e-05,0.0004881572922685,1,1,40,8,32,1.0,0.0,154298043,26.0,0,0,0,0,23114.2086059617,"['z', 'x', 'z', 'z']"
4,z,14,0.01,m1,val,3000000,0.5213833333333333,0.0007100047208606,0.0006274307398696,4.155449518978525e-06,3,6.242779575476397e-07,5.516740512846116e-07,0.5213811666666667,0.000709882744903,0.00062732294979,1,1,40,8,32,1.0,0.0,1564150,0.0,13,0,0,0,299.46752346592257,"['z', 'x', 'z', 'z']"
4,z,14,0.01,normal,anqi,296000000,0.4623498614864865,6.014010647121623e-05,0.0005279028137346,4.3850347619683693e-07,296,1.1282827542269053e-07,9.903933923525055e-07,0.4623496587837838,6.0144032928218405e-05,0.0005279372797145,1,1,48,16,48,1.0,0.0,136855559,60.0,0,0,0,0,109920.75144198672,"['z', 'x', 'z', 'z']"
4,z,14,0.01,normal,val,3000000,0.4630736666666666,0.0006536027777718,0.000577588377076,4.318827733290569e-06,3,1.2217485305285585e-06,1.0796584331367748e-06,0.4630716666666667,0.0006535124037928,0.0005775085136457,1,1,48,16,48,1.0,0.0,1389221,0.0,12,0,0,0,1035.3830406839843,"['z', 'x', 'z', 'z']"
4,z,14,0.05,m1,anqi,3000000,0.0447636666666666,0.000179645283576,0.0001587524278029,0.0006256461912164,3,0.0002163043884126,0.0001911480564442,0.0447356666666666,0.0001827477391865,0.0001614940659384,1,1,40,8,32,1.0,0.0,134291,84.0,0,0,0,0,1332.1114450679745,"['z', 'x', 'z', 'z']"
4,z,14,0.05,m1,val,3000000,0.0447636666666666,0.000179645283576,0.0001587524278029,0.003488836931299,3,0.0002993748396324,0.0002645573636486,0.0446075,0.000182591472236,0.0001613559729294,1,1,40,8,32,1.0,0.0,134291,85.0,767,0,0,0,1235.4549953470123,"['z', 'x', 'z', 'z']"
4,z,14,0.05,normal,anqi,4000000,0.02696475,3.9891136442404766e-05,4.0705241267759966e-05,0.0016133549290835,4,0.000277103630172,0.0002827588062979,0.02692125,4.356593279157273e-05,4.44550334607885e-05,1,1,48,16,48,1.0,0.0,107859,174.0,0,0,0,0,2136.7335917089367,"['z', 'x', 'z', 'z']"
4,z,14,0.05,normal,val,4000000,0.02696475,3.9891136442404766e-05,4.0705241267759966e-05,0.0063835880047211,4,0.0003981748441401,0.0004063008613675,0.026792625,4.643617223314938e-05,4.738384921749937e-05,1,1,48,16,48,1.0,0.0,107859,175.0,1027,0,0,0,1992.902033147984,"['z', 'x', 'z', 'z']"
4,z,14,0.1,m1,anqi,3000000,0.0042586666666666,1.432871863698125e-05,1.2662279942148262e-05,0.0257496611502961,3,0.0022196665365673,0.0019615179679566,0.004149,1.285257950763222e-05,1.1357816691600813e-05,1,1,40,8,32,1.0,0.0,12776,329.0,0,0,0,0,1372.631086546986,"['z', 'x', 'z', 'z']"
4,z,14,0.1,m1,val,3000000,0.0042586666666666,1.432871863698125e-05,1.2662279942148262e-05,0.0748291460613215,3,0.0013588724489011,0.0012008347563787,0.00394,1.7208234462992267e-05,1.5206906325745071e-05,1,1,40,8,32,1.0,0.0,12776,330.0,1252,0,0,0,1326.5510073479963,"['z', 'x', 'z', 'z']"
4,z,14,0.1,normal,anqi,4000000,0.0025615,9.43738812737224e-05,9.629987885073716e-05,0.0583414847436471,4,0.0028416146760705,0.0028996068123168,0.002412,8.722183518668547e-05,8.900187263947497e-05,1,1,48,16,48,1.0,0.0,10246,598.0,0,0,0,0,2022.7458421370247,"['z', 'x', 'z', 'z']"
4,z,14,0.1,normal,val,4000000,0.0025615,9.43738812737224e-05,9.629987885073716e-05,0.1284147516630028,4,0.0049164261326279,0.0050167613598244,0.002232375,7.637021119738573e-05,7.792878693610789e-05,1,1,48,16,48,1.0,0.0,10246,598.0,1437,0,0,0,2109.76448606106,"['z', 'x', 'z', 'z']"
4,z,15,0.0001,m1,anqi,296000000,0.9906135337837838,1.0672097186465195e-05,9.367841967292252e-05,0.0,296,0.0,0.0,0.9906135337837838,1.0672097186465195e-05,9.367841967292252e-05,0,2,56,8,48,1.0,0.0,293221606,0.0,0,0,0,0,966.8857423356968,"['x', 'z', 'z', 'z']"
4,z,15,0.0001,m1,val,3000000,0.990706,2.5630325788057275e-05,2.264950330584593e-05,0.0,3,0.0,0.0,0.990706,2.5630325788057275e-05,2.264950330584593e-05,0,2,56,8,48,1.0,0.0,2972118,0.0,0,0,0,0,13.163379009987692,"['x', 'z', 'z', 'z']"
4,z,15,0.0001,normal,anqi,296000000,0.9893913817567568,1.0882560190807494e-05,9.552583928519952e-05,0.0,296,0.0,0.0,0.9893913817567568,1.0882560190807494e-05,9.552583928519952e-05,0,2,64,16,64,1.0,0.0,292859849,0.0,0,0,0,0,14092.39936507569,"['x', 'z', 'z', 'z']"
4,z,15,0.0001,normal,val,3000000,0.989509,7.596949212237049e-05,6.71341939699741e-05,0.0,3,0.0,0.0,0.989509,7.596949212237049e-05,6.71341939699741e-05,0,2,64,16,64,1.0,0.0,2968527,0.0,0,0,0,0,182.75557589897653,"['x', 'z', 'z', 'z']"
4,z,15,0.005,m1,anqi,296000000,0.6244796655405406,5.1971344836638174e-05,0.0004561983804595,0.0,296,0.0,0.0,0.6244796655405406,5.1971344836638174e-05,0.0004561983804595,0,2,56,8,48,1.0,0.0,184845981,0.0,0,0,0,0,12122.299403549929,"['x', 'z', 'z', 'z']"
4,z,15,0.005,m1,val,3000000,0.6249526666666667,0.0004841825960431,0.0004278718655548,2.667541620318131e-07,3,5.228381575823537e-07,4.62031761769561e-07,0.6249525,0.0004842869415267,0.0004279640755951,0,2,56,8,48,1.0,0.0,1874858,0.0,1,0,0,0,136.61555955995573,"['x', 'z', 'z', 'z']"
4,z,15,0.005,normal,anqi,297000000,0.5877112592592593,5.604642538676029e-05,0.0004927992883909,0.0,297,0.0,0.0,0.5877112592592593,5.604642538676029e-05,0.0004927992883909,0,2,64,16,64,1.0,0.0,174550244,0.0,0,0,0,0,66123.00523866795,"['x', 'z', 'z', 'z']"
4,z,15,0.005,normal,val,4000000,0.587871,0.0004503921923538,0.0004595838697488,2.1274712706279614e-07,4,4.169843690430805e-07,4.254942541255923e-07,0.587870875,0.000450505615383,0.0004596996075337,0,2,64,16,64,1.0,0.0,2351484,0.0,1,0,0,0,1118.5446762979263,"['x', 'z', 'z', 'z']"
4,z,15,0.01,m1,anqi,296000000,0.3909348614864865,5.596726742765113e-05,0.000491274121143,6.906089328265162e-08,296,4.7285615645538523e-08,4.150675981992674e-07,0.3909348344594595,5.596464956473577e-05,0.0004912511418488,0,2,56,8,48,1.0,0.0,115716719,8.0,0,0,0,0,26908.09142584086,"['x', 'z', 'z', 'z']"
4,z,15,0.01,m1,val,3000000,0.3909353333333333,0.0004238336034079,0.0003745414974783,2.1320779028465857e-06,3,8.37316057438876e-07,7.399356905496906e-07,0.3909345,0.0004241362559366,0.0003748089513338,0,2,56,8,48,1.0,0.0,1172806,0.0,5,0,0,0,308.95837191096507,"['x', 'z', 'z', 'z']"
4,z,15,0.01,normal,anqi,296000000,0.3467261452702702,5.879284625070032e-05,0.0005160767212487,4.8726220683725134e-08,296,4.241987478094685e-08,3.723566945437994e-07,0.3467261283783783,5.879305965270073e-05,0.0005160785944665,0,2,64,16,64,1.0,0.0,102630939,5.0,0,0,0,0,95455.23107213946,"['x', 'z', 'z', 'z']"
4,z,15,0.01,normal,val,3000000,0.347316,0.0006576678679495,0.0005811806947929,1.920112363480771e-06,3,9.436231251887069e-07,8.338791816447792e-07,0.3473153333333333,0.0006578889057516,0.0005813760257641,0,2,64,16,64,1.0,0.0,1041948,0.0,4,0,0,0,1083.8056047440623,"['x', 'z', 'z', 'z']"
4,z,15,0.05,m1,anqi,3000000,0.0104173333333333,0.0001170342316494,0.0001034230793069,0.0001920246951217,3,0.0001081123908191,9.553885399310643e-05,0.0104153333333333,0.0001170834581731,0.0001034665807559,0,2,56,8,48,1.0,0.0,31252,6.0,0,0,0,0,796.2291480590357,"['x', 'z', 'z', 'z']"
4,z,15,0.05,m1,val,3000000,0.0104173333333333,0.0001170342316494,0.0001034230793069,0.0015670440746091,3,0.0002892848106474,0.0002556408111731,0.0104009999999999,0.0001153669941245,0.0001019497425205,0,2,56,8,48,1.0,0.0,31252,5.0,88,0,0,0,1129.8434762700344,"['x', 'z', 'z', 'z']"
4,z,15,0.05,normal,anqi,4000000,0.00599775,7.540005194516344e-05,7.69388285154729e-05,8.403360157806079e-05,4,9.510094865650236e-05,9.704178434336976e-05,0.00599725,7.580232955962985e-05,7.734931587717332e-05,0,2,64,16,64,1.0,0.0,23991,2.0,0,0,0,0,1247.0528675370151,"['x', 'z', 'z', 'z']"
4,z,15,0.05,normal,val,4000000,0.00599775,7.540005194516344e-05,7.69388285154729e-05,0.0013320125287474,4,0.0003594563971716,0.0003667922420118,0.00598975,7.419847011001398e-05,7.571272460205508e-05,0,2,64,16,64,1.0,0.0,23991,0.0,64,0,0,0,1178.9995504980325,"['x', 'z', 'z', 'z']"
4,z,15,0.1,m1,anqi,3000000,0.0002046666666666,3.4571150464577223e-06,3.0550504633038847e-06,0.0097572540059435,3,0.0055213807122368,0.0048792407762882,0.0002026666666666,3.266666666666653e-06,2.8867513459481166e-06,0,2,56,8,48,1.0,0.0,614,6.0,0,0,0,0,869.4477280289866,"['x', 'z', 'z', 'z']"
4,z,15,0.1,m1,val,3000000,0.0002046666666666,3.4571150464577223e-06,3.0550504633038847e-06,0.0333419512765756,3,0.0086052374844947,0.0076044431297658,0.0001978333333333,2.673881905478332e-06,2.3629078131263025e-06,0,2,56,8,48,1.0,0.0,614,6.0,29,0,0,0,1050.8145889800508,"['x', 'z', 'z', 'z']"
4,z,15,0.1,normal,anqi,4000000,9.9e-05,1.2318408988177006e-05,1.2569805089976535e-05,0.0100467735777014,4,0.0142971915934674,0.0145889710137423,9.8e-05,1.2318408988177006e-05,1.2569805089976535e-05,0,2,64,16,64,1.0,0.0,396,4.0,0,0,0,0,1227.177915448032,"['x', 'z', 'z', 'z']"
4,z,15,0.1,normal,val,4000000,9.9e-05,1.2318408988177006e-05,1.2569805089976535e-05,0.0338248739075713,4,0.0089798588046423,0.0091631212292269,9.5625e-05,1.1735303930164456e-05,1.197479992873924e-05,0,2,64,16,64,1.0,0.0,396,4.0,19,0,0,0,1026.5815139260376,"['x', 'z', 'z', 'z']"
