n,lstate,i,meas_type,p_error,sim_type,shots,count_accept,count_logerror,count_undecided,prep_rate,LER,detect_normal,decoding_normal
4,z,1,"['x', 'x', 'x', 'x']",0.01,normal,100000,24578,5476,0,0.24578,0.2228008788347302,35.12430918798782,-16.161797403998207
4,z,2,"['z', 'x', 'x', 'x']",0.01,normal,100000,28546,3869,6712,0.28546,0.13553562670776986,40.677646550000645,-17.976078107982175
4,z,3,"['x', 'z', 'x', 'x']",0.01,normal,100000,26760,3034,5745,0.2676,0.11337817638266068,33.66811874101404,17.080787232000148
4,z,4,"['z', 'z', 'x', 'x']",0.01,normal,100000,33155,460,825,0.33155,0.013874227115065585,24.87962950000656,26.789604003017303
4,z,5,"['x', 'x', 'z', 'x']",0.01,normal,100000,26416,2886,5605,0.26416,0.10925196850393704,38.88644237301196,2.7450320029747672
4,z,6,"['z', 'x', 'z', 'x']",0.01,normal,100000,32676,308,581,0.32676,0.009425878320479808,41.78768544900231,-12.220653984986711
4,z,7,"['x', 'z', 'z', 'x']",0.01,normal,100000,34475,226,438,0.34475,0.0065554749818709235,16.781772006012034,9.011121301999083
4,z,8,"['z', 'z', 'z', 'x']",0.01,normal,100000,47618,0,0,0.47618,0.0,22.133357098005945,24.094563414982986
4,z,9,"['x', 'x', 'x', 'z']",0.01,normal,100000,27064,3152,5953,0.27064,0.11646467632279045,36.85276817300473,8.590679588989588
4,z,10,"['z', 'x', 'x', 'z']",0.01,normal,100000,31038,263,494,0.31038,0.0084734841162446,28.30993296400993,6.686577453976497
4,z,11,"['x', 'z', 'x', 'z']",0.01,normal,100000,30697,118,230,0.30697,0.0038440238459784837,43.491515580011765,-23.60219988800236
4,z,12,"['z', 'z', 'x', 'z']",0.01,normal,100000,44163,0,0,0.44163,0.0,30.100934237998445,-1.757468584983144
4,z,13,"['x', 'x', 'z', 'z']",0.01,normal,100000,29939,58,116,0.29939,0.00193727245398978,15.235140186996432,14.732074761996046
4,z,14,"['z', 'x', 'z', 'z']",0.01,normal,100000,43599,0,0,0.43599,0.0,26.81479144198238,-7.791847038955893
4,z,15,"['x', 'z', 'z', 'z']",0.01,normal,100000,40543,0,1,0.40543,0.0,23.675838091992773,-7.175093076977646
4,z,16,"['z', 'z', 'z', 'z']",0.01,normal,100000,35703,0,0,0.35703,0.0,1.6266650559846312,-0.04845501997624524
4,z,1,"['x', 'x', 'x', 'x']",0.01,m1,100000,27181,5686,0,0.27181,0.20919024318457746,44.04202392799198,1.9273479559924453
4,z,2,"['z', 'x', 'x', 'x']",0.01,m1,100000,30747,3748,6579,0.30747,0.12189807135655506,16.249422056018375,8.429120456974488
4,z,3,"['x', 'z', 'x', 'x']",0.01,m1,100000,29867,3386,6335,0.29867,0.11336927043224965,43.41326121601742,-0.771696978044929
4,z,4,"['z', 'z', 'x', 'x']",0.01,m1,100000,35254,348,637,0.35254,0.009871220287059668,39.92279698801576,-18.701529816025868
4,z,5,"['x', 'x', 'z', 'x']",0.01,m1,100000,29618,3198,6215,0.29618,0.10797488014045509,45.05928076800774,-0.24582495700451545
4,z,6,"['z', 'x', 'z', 'x']",0.01,m1,100000,35926,320,609,0.35926,0.00890719812948837,18.722210424981313,4.306351169012487
4,z,7,"['x', 'z', 'z', 'x']",0.01,m1,100000,37023,212,403,0.37023,0.005726170218512849,46.1081981289899,-0.7105490949761588
4,z,8,"['z', 'z', 'z', 'x']",0.01,m1,100000,47618,2,4,0.47618,4.200092402029121e-05,12.964125850994606,2.8700872200133745
4,z,9,"['x', 'x', 'x', 'z']",0.01,m1,100000,30310,3436,6576,0.3031,0.11336192675684598,44.067316534987185,0.5607109889970161
4,z,10,"['z', 'x', 'x', 'z']",0.01,m1,100000,34449,264,501,0.34449,0.007663502569015046,39.157887595007196,7.178502733004279
4,z,11,"['x', 'z', 'x', 'z']",0.01,m1,100000,34028,120,227,0.34028,0.003526507581991356,17.43208020197926,12.008321717003128
4,z,12,"['z', 'z', 'x', 'z']",0.01,m1,100000,47060,0,0,0.4706,0.0,16.360362639010418,1.3069496209791396
4,z,13,"['x', 'x', 'z', 'z']",0.01,m1,100000,33307,54,105,0.33307,0.0016212808118413191,21.755619378003757,-0.7086512960086111
4,z,14,"['z', 'x', 'z', 'z']",0.01,m1,100000,46478,0,0,0.46478,0.0,6.553424401994562,0.46385103499051183
4,z,15,"['x', 'z', 'z', 'z']",0.01,m1,100000,42309,0,0,0.42309,0.0,8.852227134018904,-1.2783903990348335
4,z,16,"['z', 'z', 'z', 'z']",0.01,m1,100000,35703,0,0,0.35703,0.0,3.4208392479922622,-1.5722302869835403
4,x,1,"['z', 'x', 'x', 'z']",0.01,normal,100000,716,370,261,0.00716,0.5167597765363128,32.42970042300294,4.424072433990659
4,x,2,"['x', 'x', 'x', 'x']",0.01,normal,100000,24578,0,0,0.24578,0.0,29.722128182009328,6.8721204189932905
4,x,3,"['z', 'x', 'x', 'x']",0.01,normal,100000,28546,1,2,0.28546,3.503117774816822e-05,31.370021854003426,7.304908810998313
4,x,4,"['x', 'z', 'x', 'x']",0.01,normal,100000,26760,139,270,0.2676,0.005194319880418519,33.317022172006546,-0.7116918269894086
4,x,5,"['z', 'z', 'x', 'x']",0.01,normal,100000,33155,6,10,0.33155,0.0001809681797617646,30.858082966995426,7.421402906009462
4,x,6,"['x', 'x', 'z', 'x']",0.01,normal,100000,26416,227,438,0.26416,0.008593276801938221,31.14270414202474,7.663697385956766
4,x,7,"['z', 'x', 'z', 'x']",0.01,normal,100000,32676,898,1552,0.32676,0.027481943934386077,34.186582563008415,6.650478964991635
4,x,8,"['x', 'z', 'z', 'x']",0.01,normal,100000,34475,6892,12287,0.34475,0.1999129804205947,19.88963217998389,22.353248487022938
4,x,9,"['z', 'z', 'z', 'x']",0.01,normal,100000,47618,37,62,0.47618,0.0007770170943760535,15.129052358010085,-2.0046142030041665
4,x,10,"['x', 'x', 'x', 'z']",0.01,normal,100000,27064,305,584,0.27064,0.011269583210168466,13.276847337983781,-0.15983895998215303
4,x,11,"['z', 'x', 'x', 'z']",0.01,normal,100000,31038,678,1218,0.31038,0.021844190991687662,13.173541583004408,2.4417812610045075
4,x,12,"['x', 'z', 'x', 'z']",0.01,normal,100000,30697,5156,9517,0.30697,0.16796429618529496,13.439791331009474,2.5480232589761727
4,x,13,"['z', 'z', 'x', 'z']",0.01,normal,100000,44163,2162,3595,0.44163,0.04895500758553539,13.949678161006887,2.4386330939887557
4,x,14,"['x', 'x', 'z', 'z']",0.01,normal,100000,29939,4785,8704,0.29939,0.1598249774541568,20.746463012008462,1.97533340199152
4,x,15,"['z', 'x', 'z', 'z']",0.01,normal,100000,43599,10522,15889,0.43599,0.24133581045436825,21.320672692003427,-3.2648881210188847
4,x,16,"['x', 'z', 'z', 'z']",0.01,normal,100000,40543,13955,0,0.40543,0.34420245171792907,20.3354988170031,-6.265059199009556
4,x,1,"['z', 'x', 'x', 'z']",0.01,m1,100000,2165,1087,788,0.02165,0.5020785219399538,46.59324886399554,-7.138017282995861
4,x,2,"['x', 'x', 'x', 'x']",0.01,m1,100000,27181,0,0,0.27181,0.0,20.309821514005307,4.6528016939992085
4,x,3,"['z', 'x', 'x', 'x']",0.01,m1,100000,30747,0,0,0.30747,0.0,9.898388267989503,6.086341593007091
4,x,4,"['x', 'z', 'x', 'x']",0.01,m1,100000,29867,146,286,0.29867,0.004888338299795736,44.99555491900537,0.10985300500760786
4,x,5,"['z', 'z', 'x', 'x']",0.01,m1,100000,35254,1,2,0.35254,2.8365575537536714e-05,19.885574316984275,-8.931981109984918
4,x,6,"['x', 'x', 'z', 'x']",0.01,m1,100000,29618,240,460,0.29618,0.008103180498345575,43.99111746501876,0.9944881069823168
4,x,7,"['z', 'x', 'z', 'x']",0.01,m1,100000,35926,858,1518,0.35926,0.02388242498469073,30.65247869200539,-2.09571503099869
4,x,8,"['x', 'z', 'z', 'x']",0.01,m1,100000,37023,6890,12694,0.37023,0.18610053210166655,26.765582190011628,3.2156457669916563
4,x,9,"['z', 'z', 'z', 'x']",0.01,m1,100000,47618,28,53,0.47618,0.000588012936284632,11.935148863005452,5.635359159001382
4,x,10,"['x', 'x', 'x', 'z']",0.01,m1,100000,30310,334,631,0.3031,0.011019465522929761,28.919698432990117,2.293847816006746
4,x,11,"['z', 'x', 'x', 'z']",0.01,m1,100000,34449,645,1170,0.34449,0.018723330140207217,27.894913833006285,11.46616148200701
4,x,12,"['x', 'z', 'x', 'z']",0.01,m1,100000,34028,5534,10405,0.34028,0.1626307746561655,46.169625738984905,-24.528481536981417
4,x,13,"['z', 'z', 'x', 'z']",0.01,m1,100000,47060,2025,3402,0.4706,0.043030174245643815,33.85233594698366,-10.864244821976172
4,x,14,"['x', 'x', 'z', 'z']",0.01,m1,100000,33307,5260,9554,0.33307,0.15792476056084304,22.460331740992842,-4.818812898010947
4,x,15,"['z', 'x', 'z', 'z']",0.01,m1,100000,46478,10357,16078,0.46478,0.22283661086965878,37.85309662000509,-23.96019678999437
4,x,16,"['x', 'z', 'z', 'z']",0.01,m1,100000,42309,13621,0,0.42309,0.32194095818856505,26.831440908979857,-5.696974038000917
