n,lstate,i,p_error,sim_type,comp_type,shots,prep_rate,prep_rate_SEM,prep_rate_SD,LER,N_samples,LER_SEM,LER_SD,eff,eff_SEM,eff_SD,skip,s_l,CNOT,hadamard,meas,cost,cost_SEM,count_accept,count_logerror,count_undecided,count_detect_discard,total_meta_shots,detect_normal,decoding_normal
4,x,2,0.1,m1,init,4465000000,0.9357383979843226,0.00043218102193982844,0.014733989375505671,2.394863512210469e-09,4465,1.047380786326421e-09,3.570748504544662e-08,0.9357383957446808,0.00043218102423586626,0.014733989453782586,0,2,56,56,48,1.0,0.0,4178071947,0.0,20,0,0,0,15322.084840866155
4,x,2,0.1,m1,na,4465000000,0.9359754159014558,0.00020417603856775655,0.006960804455242839,2.386994700429772e-09,4465,1.0951529338082586e-09,3.733614127445726e-08,0.935975413661814,0.00020417601644129522,0.006960803700903732,0,2,56,56,48,1.0,0.0,4179130232,0.0,20,0,0,0,14749.70504496852
4,x,2,0.3,m1,init,4466000000,0.8196831717420511,0.0008123377462591808,0.027697458589854052,7.105584442462794e-08,4466,7.16747610461171e-09,2.4438218403052284e-07,0.8196831145320197,0.0008123381474077818,0.027697472267412208,0,2,56,56,48,1.0,0.0,3660705045,8.0,495,0,0,0,36677.48194739164
4,x,2,0.3,m1,na,4464000000,0.8203675642921147,0.0005416182179716851,0.018462873136421948,7.32147090575327e-08,4464,7.581593982942466e-09,2.58444053826573e-07,0.8203675044802867,0.0005416185065210602,0.018462882972594977,0,2,56,56,48,1.0,0.0,3662120807,10.0,514,0,0,0,35975.212421813514
4,x,2,0.5,m1,init,4466000000,0.719643803179579,0.0008834237896185453,0.030121207518583975,3.9515261473294655e-07,4466,2.3861564489401177e-08,8.135836323964882e-07,0.7196435225033586,0.0008834250501660403,0.03012125049819708,0,2,56,56,48,1.0,0.0,3213929225,39.0,2429,0,0,0,68901.77357742621
4,x,2,0.5,m1,na,4465000000,0.7198887952967525,0.0007905059829074869,0.026950065278558685,3.8255242054234565e-07,4465,1.8435140836437135e-08,6.284939769008019e-07,0.7198885209406496,0.0007905064954329894,0.026950082751665844,0,2,56,56,48,1.0,0.0,3214303471,40.0,2370,0,0,0,68087.63916884956
4,x,2,0.8,m1,init,4466000000,0.5912958802060009,0.001070291809674774,0.03649265741255955,2.2946322484668766e-06,4466,1.457407905682229e-07,4.969176343466417e-06,0.5912945614643976,0.0010702941621233905,0.03649273762162091,0,2,56,56,48,1.0,0.0,2640727401,196.0,11387,0,0,0,112959.12594381999
4,x,2,0.8,m1,na,4466000000,0.5914598748320645,0.001031064095486265,0.03515514971417396,1.9182311798706735e-06,4466,5.5972254617355425e-08,1.90842935907393e-06,0.5914587442901926,0.0010310641700511792,0.03515515225653842,0,2,56,56,48,1.0,0.0,2641459801,184.0,9730,0,0,0,112660.37898589578
4,x,2,1.0,m1,init,4466000000,0.5177532718316166,0.001213958262094629,0.04139110714602864,5.019812957623179e-06,4466,1.2879789558754517e-07,4.391491588226886e-06,0.5177506937975818,0.001213959258152902,0.04139114110762023,0,2,56,56,48,1.0,0.0,2312286112,402.0,22223,0,0,0,136517.01237459702
4,x,2,1.0,m1,na,4466000000,0.5181068763994626,0.0011232299119649618,0.03829763434827382,4.309855913918683e-06,4466,1.0081866232219676e-07,3.437511967913143e-06,0.5181046518137036,0.0011232286748443093,0.038297592167422075,0,2,56,56,48,1.0,0.0,2313865310,394.0,19082,0,0,0,136184.69490453415
4,x,3,0.1,m1,init,4465000000,0.9644326519596865,0.00047371011625046766,0.016149806367193296,1.1792958359571758e-08,4465,2.4082054131036473e-09,8.210095115107699e-08,0.9644326406494962,0.00047371019586106013,0.016149809081291242,1,1,40,40,32,1.0,0.0,4306191791,0.0,101,0,0,0,9261.166340153199
4,x,3,0.1,m1,na,4465000000,0.9655611083986563,0.00014292201952592826,0.004872521953344884,9.983758105116939e-09,4465,2.2567003150712493e-09,7.693581341614171e-08,0.9655610987681972,0.00014292207277271504,0.004872523768643453,1,1,40,40,32,1.0,0.0,4311230349,1.0,84,0,0,0,8807.205012002727
4,x,3,0.3,m1,init,4466000000,0.8984327852664576,0.0009433065730575248,0.03216297022404017,1.3986199787264225e-07,4466,1.198330058671074e-08,4.085824809922076e-07,0.8984326618898343,0.0009433074378340724,0.03216299970945154,1,1,40,40,32,1.0,0.0,4012400819,25.0,1052,0,0,0,22414.89696569962
4,x,3,0.3,m1,na,4465000000,0.8996706248600224,0.00040669263213101176,0.013865034827348447,1.2881885809519435e-07,4465,1.0415473584682349e-08,3.550861082440954e-07,0.8996705091825308,0.0004066929955478377,0.01386504721701708,1,1,40,40,32,1.0,0.0,4017029340,21.0,991,0,0,0,21549.182773490553
4,x,3,0.5,m1,init,4466000000,0.8362838004926109,0.0012036674459875347,0.04104023159667173,5.892706760767227e-07,4466,3.045319498441133e-08,1.0383317910483608e-06,0.8362833193013883,0.001203669660225409,0.0410403070933012,1,1,40,40,32,1.0,0.0,3734843453,156.0,3986,0,0,0,45136.08622125129
4,x,3,0.5,m1,na,4464000000,0.838433811827957,0.0006488086824314984,0.02211681955308244,6.08312899795098e-07,4464,3.462574069914709e-08,1.1803344802120669e-06,0.8384333047715053,0.0006488115431145285,0.022116917069056084,1,1,40,40,32,1.0,0.0,3742768536,173.0,4181,0,0,0,45005.199529358535
4,x,3,0.8,m1,init,4466000000,0.7533242507836991,0.0013558865868631698,0.04623029369879753,2.684420364353108e-06,4466,9.261898145399388e-08,3.157935741961669e-06,0.7533222806762204,0.0013558931682308274,0.0462305180970346,1,1,40,40,32,1.0,0.0,3364346104,533.0,16531,0,0,0,73655.49683827593
4,x,3,0.8,m1,na,4466000000,0.7552836690550828,0.0009117779475899168,0.031087970567425086,2.5644887790592858e-06,4466,7.874591522472831e-08,2.684919833038499e-06,0.7552817436184506,0.0009117837017771582,0.031088166762128052,1,1,40,40,32,1.0,0.0,3373096866,524.0,16150,0,0,0,73360.02974630939
4,x,3,1.0,m1,init,4465000000,0.7023588994400896,0.0014125483711628273,0.04815684085267078,5.990130389954861e-06,4465,2.1321942749553287e-07,7.2691132185067975e-06,0.702354847368421,0.0014125681690432392,0.04815751580539855,1,1,40,40,32,1.0,0.0,3136032486,1218.0,33749,0,0,0,93982.29475783231
4,x,3,1.0,m1,na,4465000000,0.7049641995520717,0.001047743594817267,0.03571985397461772,5.6306555983223005e-06,4465,1.3485946887576606e-07,4.59765209652941e-06,0.7049602614781635,0.0010477554565628136,0.03572025836727725,1,1,40,40,32,1.0,0.0,3147665151,1190.0,32787,0,0,0,93913.00418295653
4,x,4,0.1,m1,init,13000000,0.9310719230769231,0.0033071131739782567,0.006083656184969931,2.9380868336312796e-05,13,5.950869515809456e-06,1.0947023047370692e-05,0.931044576923077,0.003307882682000676,0.0060850717465167235,0,2,56,40,48,1.0,0.0,12103935,7.0,697,0,0,0,449.85647211188916
4,x,4,0.1,m1,na,13000000,0.9375603076923077,0.0031418284450951965,0.005779603855868382,2.5653272216640407e-05,13,5.679458617153243e-06,1.04477445209295e-05,0.9375362307692308,0.00313932311627071,0.005774995135695634,0,2,56,40,48,1.0,0.0,12188284,3.0,620,0,0,0,417.48021005187184
4,x,4,0.3,m1,init,13000000,0.8146606923076922,0.008106787372998282,0.014912978343178224,0.00029834914520107203,13,5.8355032976179126e-05,0.00010734799162092132,0.8144177692307693,0.00810885313974717,0.014916778459472237,0,2,56,40,48,1.0,0.0,10590589,46.0,6224,0,0,0,806.655451495084
4,x,4,0.3,m1,na,13000000,0.8148549230769231,0.0070683078289055365,0.013002625667286969,0.00024993068019378735,13,3.290293100823926e-05,6.052714533839832e-05,0.8146513076923078,0.007068217186092518,0.013002458923761413,0,2,56,40,48,1.0,0.0,10593114,39.0,5216,0,0,0,897.3319226941094
4,x,4,0.5,m1,init,13000000,0.7054966923076923,0.016647552673466,0.030624288150596576,0.0007222690970379625,13,0.0001236047454827095,0.00022737920802478825,0.7049871538461538,0.016635487033021246,0.0306020925968747,0,2,56,40,48,1.0,0.0,9171457,162.0,12924,0,0,0,1125.1442828959553
4,x,4,0.5,m1,na,13000000,0.7089665384615385,0.014438893323484477,0.026561311346315272,0.0008200526971600285,13,0.0001602404435529641,0.00029477302838433933,0.7083813076923077,0.014362451872226593,0.0264206921768861,0,2,56,40,48,1.0,0.0,9216565,177.0,14862,0,0,0,1236.7850012219278
4,x,4,0.8,m1,init,13000000,0.5567384615384615,0.019133753657952512,0.03519782138053288,0.0020174128364546995,13,0.00031582265320608617,0.0005809769235140945,0.5556148846153846,0.01909926438179262,0.03513437604703894,0,2,56,40,48,1.0,0.0,7237600,480.0,28253,0,0,0,1452.6197135582333
4,x,4,0.8,m1,na,13000000,0.5873571538461538,0.012246869475662754,0.02252893666245757,0.0020709894239371823,13,0.00029425749371400303,0.0005413063682527349,0.5861356153846153,0.012143982251502258,0.02233966872250817,0,2,56,40,48,1.0,0.0,7635643,477.0,30806,0,0,0,1545.0805384259438
4,x,4,1.0,m1,init,13000000,0.5051278461538462,0.018796627196441457,0.03457765467477071,0.0030425380792630397,13,0.0005778394753188026,0.0010629744169638525,0.5035942692307692,0.018780573193885073,0.03454812226181486,0,2,56,40,48,1.0,0.0,6566662,788.0,38297,0,0,0,1709.821255764924
4,x,4,1.0,m1,na,13000000,0.4923814615384616,0.02204423385258878,0.040551844634606087,0.003125061245115939,13,0.0007794413535043406,0.0014338345746310985,0.49085688461538457,0.02208287332785185,0.04062292453731936,0,2,56,40,48,1.0,0.0,6400959,689.0,38261,0,0,0,1817.0813095240155
4,x,5,0.1,m1,init,4465000000,0.982469305487122,0.00013339581744754858,0.004547753041508427,2.3599991780461342e-08,4465,3.442664545417562e-09,1.1736790895615641e-07,0.982469282306831,0.00013339585264174689,0.004547754241355059,2,0,24,24,16,1.0,0.0,4386725449,0.0,207,0,0,0,5305.933777915547
4,x,5,0.1,m1,na,4465000000,0.9825003092945129,0.00013478518739928555,0.004595119679718629,2.805208690883725e-08,4465,3.874887852284272e-09,1.3210333991662717e-07,0.9825002817469206,0.00013478526924038487,0.004595122469859396,2,0,24,24,16,1.0,0.0,4386863881,5.0,236,0,0,0,5122.475278480211
4,x,5,0.3,m1,init,4466000000,0.9482989108822213,0.0003824090137920327,0.013038613400235122,5.124101282864809e-07,4466,2.2068739771591207e-08,7.524555011369502e-07,0.9482984252127183,0.00038240937660745676,0.01303862577078571,2,0,24,24,16,1.0,0.0,4235102936,53.0,4232,0,0,0,12236.745799725293
4,x,5,0.3,m1,na,4465000000,0.9489310790593504,0.00038063979510975614,0.012976837048209488,5.046967127684661e-07,4465,2.1754641764241776e-08,7.416629707236365e-07,0.9489306005599105,0.00038064053311916455,0.012976862208552561,2,0,24,24,16,1.0,0.0,4236977268,63.0,4147,0,0,0,11710.174055861658
4,x,5,0.5,m1,init,4465000000,0.9157711888017916,0.0006159033657830874,0.02099748296918425,2.297522914168663e-06,4465,7.304136403021263e-08,2.4901386848574547e-06,0.9157690865621501,0.0006159043479695974,0.02099751645405487,2,0,24,24,16,1.0,0.0,4088918358,317.0,18139,0,0,0,22186.496411165223
4,x,5,0.5,m1,na,4464000000,0.9160130396505377,0.0006197238107333834,0.02112536417264418,2.2062527037916882e-06,4464,7.047199071033198e-08,2.402274112987805e-06,0.9160110206093189,0.000619725024827097,0.021125405559099558,2,0,24,24,16,1.0,0.0,4089082209,277.0,17472,0,0,0,21982.83323674521
4,x,5,0.8,m1,init,4467000000,0.8698514542198343,0.000911909266812833,0.03109592884878922,9.722369137127833e-06,4467,2.515951872569481e-07,8.579347010019615e-06,0.8698430053727334,0.0009119081120279629,0.03109588947084948,2,0,24,24,16,1.0,0.0,3885626446,1748.0,71986,0,0,0,37050.07993268955
4,x,5,0.8,m1,na,4466000000,0.8700154785042543,0.0009476938400496536,0.03231255842968087,9.853895817336033e-06,4466,2.5459872138163867e-07,8.68079511874342e-06,0.8700069188311689,0.0009476961133199826,0.03231263593908024,2,0,24,24,16,1.0,0.0,3885489127,1689.0,73077,0,0,0,37466.09757067438
4,x,5,1.0,m1,init,4466000000,0.8406293526645768,0.0011089646207937559,0.037811245142175515,1.9700240339042174e-05,4466,5.14882257124761e-07,1.7555419603527357e-05,0.8406128200850873,0.0011089637973448001,0.037811217065869256,2,0,24,24,16,1.0,0.0,3754250689,3894.0,139881,0,0,0,48810.981427587685
4,x,5,1.0,m1,na,4465000000,0.8415199946248599,0.001099599822071182,0.03748774535028152,1.9545626117479796e-05,4465,4.99065930878961e-07,1.701424113961032e-05,0.8415035772676371,0.0010996011283886198,0.03748778988547922,2,0,24,24,16,1.0,0.0,3757386776,3663.0,139281,0,0,0,49314.724857294816
4,x,6,0.1,m1,init,13000000,0.9320955384615386,0.0033108503246719488,0.006090530923975157,0.0003208102980021532,13,5.4720331096961925e-05,0.00010066171407166473,0.9317964615384615,0.0033056765157871287,0.006081013356003896,0,2,56,40,48,1.0,0.0,12117242,59.0,7658,0,0,0,2245.0958758590277
4,x,6,0.1,m1,na,13000000,0.932471,0.003967068492600632,0.007297688195586334,0.00029383071916218344,13,5.281260633503333e-05,9.715232659788622e-05,0.9321971153846154,0.003974031055145193,0.007310496295720537,0,2,56,40,48,1.0,0.0,12122123,38.0,7045,0,0,0,2447.6592720001936
4,x,6,0.3,m1,init,13000000,0.8062545384615384,0.012207202758037007,0.022455967078616253,0.0011985745985206688,13,0.00017540089895708575,0.00032266170150625046,0.8052882692307691,0.012194059142676612,0.022431788517837233,0,2,56,40,48,1.0,0.0,10481309,391.0,24341,0,0,0,2794.1046991569456
4,x,6,0.3,m1,na,13000000,0.8129705384615384,0.007675153410183866,0.01411895875891338,0.001252406431487803,13,0.00018586362764505318,0.0003419085916928497,0.8119536538461538,0.007710686433692256,0.01418432413556224,0,2,56,40,48,1.0,0.0,10568617,401.0,25637,0,0,0,2685.6603040589252
4,x,6,0.5,m1,init,13000000,0.7122585384615385,0.012028142499023316,0.022126573739191906,0.002610681909089959,13,0.0005069595604637805,0.0009325860662443097,0.7103975769230769,0.011981675315349879,0.02204109424257916,0,2,56,40,48,1.0,0.0,9259361,1017.0,46351,0,0,0,2848.1633487096988
4,x,6,0.5,m1,na,13000000,0.7080473076923077,0.010450092259978411,0.01922364463095996,0.002262074822606456,13,0.0002800325406958993,0.0005151386144273067,0.7064447307692308,0.010407221508764974,0.01914478101273664,0,2,56,40,48,1.0,0.0,9204615,912.0,39843,0,0,0,2620.585381309036
4,x,6,0.8,m1,init,13000000,0.5686658461538461,0.013122593791623333,0.02413989019529762,0.004312069944066435,13,0.0005031967584899817,0.0009256641399912746,0.5662121153846154,0.013051968811173984,0.024009970813492123,0,2,56,40,48,1.0,0.0,7392656,1651.0,60495,0,0,0,2691.474836644833
4,x,6,0.8,m1,na,13000000,0.5741751538461538,0.017037886926579388,0.031342334152724256,0.005569094954831173,13,0.0005088117040488695,0.000935993208420616,0.5709858461538461,0.017032363654204574,0.031332173723257035,0,2,56,40,48,1.0,0.0,7464277,2512.0,77898,0,0,0,2361.2261630150024
4,x,6,1.0,m1,init,13000000,0.4992470769230769,0.011927198838330391,0.02194088111441569,0.008807449059523185,13,0.0014979635839371477,0.0027556043421750973,0.4948582307692308,0.011968575061513803,0.022016995448228358,0,2,56,40,48,1.0,0.0,6490212,4060.0,105990,0,0,0,2557.9999820151133
4,x,6,1.0,m1,na,13000000,0.5056978461538462,0.02150272262351653,0.03955569845977979,0.007062636698060228,13,0.0012841504762771813,0.002362280810014735,0.5021349230769231,0.021396737744222093,0.039360732175739,0,2,56,40,48,1.0,0.0,6574072,3246.0,86144,0,0,0,2654.0251809380716
4,x,7,0.1,m1,init,13000000,0.9640583076923076,0.0019805637105475013,0.0036433795983174663,0.0004604760166493601,13,6.0129119826373304e-05,0.00011061154320536088,0.9636146153846153,0.00201631521607774,0.003709146887278849,1,1,40,24,32,1.0,0.0,12532758,103.0,11330,0,0,0,360.4253654149361
4,x,7,0.1,m1,na,13000000,0.9626817692307692,0.0031896099482985165,0.00586750113128589,0.00047483992148125367,13,6.476590947345543e-05,0.00011914122832071554,0.962225,0.003222215152557234,0.0059274805883276155,1,1,40,24,32,1.0,0.0,12514863,115.0,11646,0,0,0,443.3893656998407
4,x,7,0.3,m1,init,13000000,0.8975034615384616,0.009097454777801555,0.016735377386519572,0.0018970399922746098,13,0.0003301242701939141,0.0006072857058465743,0.8958070384615385,0.0092744463128363,0.017060965169627153,1,1,40,24,32,1.0,0.0,11667545,1039.0,42029,0,0,0,714.9394645462744
4,x,7,0.3,m1,na,13000000,0.8905002307692308,0.009037330227828254,0.016624774249865013,0.0018503915429547275,13,0.00017414670167107806,0.0003203545215959195,0.8888552307692308,0.009108984960765888,0.016756587930342723,1,1,40,24,32,1.0,0.0,11576503,984.0,40802,0,0,0,795.5108401840553
4,x,7,0.5,m1,init,13000000,0.8349553076923077,0.00798775332158239,0.01469400723302199,0.003283776401321961,13,0.0004349029190845138,0.00080003304826948,0.8322129615384616,0.007952045877606256,0.014628320998240506,1,1,40,24,32,1.0,0.0,10854419,2060.0,67181,0,0,0,1045.7261544631328
4,x,7,0.5,m1,na,13000000,0.8332620000000001,0.01812082274749107,0.03333446712738434,0.003551991954578858,13,0.00031931682599528865,0.0005874046883900131,0.8303128846153847,0.018208003355196106,0.033494841694377504,1,1,40,24,32,1.0,0.0,10832406,2470.0,71737,0,0,0,1061.3972676799167
4,x,7,0.8,m1,init,13000000,0.7153152307692309,0.05148557212610875,0.09471115828943093,0.008791565986781448,13,0.0016055671489788896,0.002953548307063223,0.7092230769230768,0.05160394010063659,0.09492890410653958,1,1,40,24,32,1.0,0.0,9299098,7410.0,143576,0,0,0,1277.2658596960828
4,x,7,0.8,m1,na,13000000,0.7568365384615384,0.016518641810470275,0.030387147984017284,0.007597096430168555,13,0.0006582321109512174,0.001210862054689549,0.7510988076923077,0.016577836389710342,0.03049604037722115,1,1,40,24,32,1.0,0.0,9838875,6174.0,136833,0,0,0,1386.2675487528322
4,x,7,1.0,m1,init,13000000,0.7031583076923076,0.01984581775593626,0.03650771098088871,0.010393597911528009,13,0.0012313495840751852,0.0022651500323491516,0.695892423076923,0.020092162973346636,0.03696087950784709,1,1,40,24,32,1.0,0.0,9141058,8702.0,171509,0,0,0,1722.0052502740873
4,x,7,1.0,m1,na,13000000,0.7033106153846155,0.017620944563028696,0.032414907726585895,0.009774921504915489,13,0.0012451474389098293,0.002290532110460232,0.6964686538461538,0.017874875034656092,0.03288202983671617,1,1,40,24,32,1.0,0.0,9143038,8370.0,161151,0,0,0,1657.902556829853
4,x,8,0.1,m1,init,13000000,0.9354106153846153,0.0034603869815097105,0.006365613619786388,0.014383737671280318,13,0.0016587842289593046,0.0030514446900223318,0.9219625,0.004230244662826756,0.007781818387540686,0,2,56,24,48,1.0,0.0,12160338,11819.0,326013,0,0,0,2505.564875111915
4,x,8,0.1,m1,na,13000000,0.934260076923077,0.003557777314681844,0.006544769660595903,0.014406637794104468,13,0.0011810848169192007,0.0021726846265684575,0.9207954230769231,0.0032439381961987266,0.005967441582056465,0,2,56,24,48,1.0,0.0,12145381,14667.0,320747,0,0,0,2393.5394582449226
4,x,8,0.3,m1,init,13000000,0.8208262307692308,0.010101854127057906,0.01858303726141061,0.04210321739012325,13,0.003323104018893694,0.0061130724152151355,0.7862102307692307,0.008529056603411826,0.015689770874967382,0,2,56,24,48,1.0,0.0,10670741,35165.0,829686,0,0,0,2615.436754967901
4,x,8,0.3,m1,na,13000000,0.819225923076923,0.008443506304049643,0.015532395369364502,0.0437365095668067,13,0.0041432729428666,0.007621828083544951,0.7834194615384615,0.009420279625722675,0.01732923531619991,0,2,56,24,48,1.0,0.0,10649937,38194.0,854580,0,0,0,2668.3165854491526
4,x,8,0.5,m1,init,13000000,0.7198861538461538,0.013756079902334763,0.025305230325126354,0.06152561265872431,13,0.004063937762895912,0.007475885706334504,0.6755641923076923,0.012720551159164532,0.023400305845168674,0,2,56,24,48,1.0,0.0,9358520,53397.0,1045577,0,0,0,2793.208417146234
4,x,8,0.5,m1,na,13000000,0.7343234615384616,0.013382894900294911,0.024618731518958586,0.06914859307832502,13,0.0033244177629412636,0.00611548913538164,0.6836085,0.013715846342597253,0.025231217997254907,0,2,56,24,48,1.0,0.0,9546205,57023.0,1204543,0,0,0,2453.115239447914
4,x,8,0.8,m1,init,13000000,0.6019098461538461,0.009962289943708487,0.01832629959851031,0.11734532921205189,13,0.00966985139444096,0.017788339300394813,0.5311113461538461,0.00742224185633324,0.013653711016277817,0,2,56,24,48,1.0,0.0,7824828,80693.0,1679375,0,0,0,2663.0077089312254
4,x,8,0.8,m1,na,13000000,0.5874628461538461,0.015612657432014846,0.028720529039481357,0.11199451243882096,13,0.006197641354509372,0.011400976372765118,0.5217242307692308,0.014997372659568986,0.027588671490468224,0,2,56,24,48,1.0,0.0,7637017,75636.0,1557932,0,0,0,2765.0769504060736
4,x,8,1.0,m1,init,13000000,0.5282316923076923,0.02048226554736082,0.03767849932075455,0.12694855681849096,13,0.010001931878622184,0.018399223592892935,0.4614343076923077,0.020473218130863603,0.037661855992136596,0,2,56,24,48,1.0,0.0,6867012,75142.0,1586448,0,0,0,2782.9805411038687
4,x,8,1.0,m1,na,13000000,0.5235377692307692,0.02117681977400296,0.038956178340013976,0.1300209357644207,13,0.008976999511529207,0.016513791856445786,0.45542626923076923,0.01881510944437086,0.0346116540077275,0,2,56,24,48,1.0,0.0,6805991,92480.0,1585939,0,0,0,3043.780559703824
4,x,9,0.1,m1,init,4465000000,1.0,0.0,0.0,4.4792833146696524e-10,4465,4.388222367659623e-10,1.4960402808121255e-08,0.9999999995520717,4.3882223661855585e-10,1.4960402803095848e-08,3,-1,8,8,0,1.0,0.0,4465000000,0.0,4,0,0,0,2100.7817125645233
4,x,9,0.1,m1,na,4465000000,1.0,0.0,0.0,6.71892497200448e-10,4465,5.373247940111319e-10,1.8318568850202887e-08,0.9999999993281075,5.373247942808894e-10,1.8318568859399504e-08,3,-1,8,8,0,1.0,0.0,4465000000,0.0,6,0,0,0,2042.0181603759993
4,x,9,0.3,m1,init,4466000000,1.0,0.0,0.0,3.952082400358262e-08,4466,4.227664022596755e-09,1.441463846003894e-07,0.999999960479176,4.2276640225123245e-09,1.441463845975107e-07,3,-1,8,8,0,1.0,0.0,4466000000,3.0,347,0,0,0,3846.84141242865
4,x,9,0.3,m1,na,4465000000,1.0,0.0,0.0,3.818589025755879e-08,4465,4.1819705752616405e-09,1.4257245667108716e-07,0.9999999618141097,4.1819705754301264e-09,1.425724566768312e-07,3,-1,8,8,0,1.0,0.0,4465000000,4.0,333,0,0,0,3874.723858467187
4,x,9,0.5,m1,init,4467000000,1.0,0.0,0.0,3.037832997537497e-07,4467,1.2769399003042263e-08,4.354340253918059e-07,0.9999996962167003,1.2769399003074498e-08,4.354340253929051e-07,3,-1,8,8,0,1.0,0.0,4467000000,19.0,2676,0,0,0,5596.080617801752
4,x,9,0.5,m1,na,4466000000,1.0,0.0,0.0,3.095611285266458e-07,4466,1.2873787397345874e-08,4.389445091953247e-07,0.9999996904388716,1.2873787397205711e-08,4.389445091905457e-07,3,-1,8,8,0,1.0,0.0,4466000000,20.0,2725,0,0,0,5720.521363424836
4,x,9,0.8,m1,init,4465000000,1.0,0.0,0.0,1.962374020156775e-06,4465,4.4844830285530076e-08,1.5288576300912836e-06,0.9999980376259797,4.484483028520674e-08,1.5288576300802603e-06,3,-1,8,8,0,1.0,0.0,4465000000,207.0,17110,0,0,0,7494.723792261328
4,x,9,0.8,m1,na,4466000000,1.0,0.0,0.0,1.9734661889834302e-06,4466,4.579649364506108e-08,1.5614767282891822e-06,0.9999980265338111,4.579649364521289e-08,1.5614767282943586e-06,3,-1,8,8,0,1.0,0.0,4466000000,238.0,17151,0,0,0,7547.477653927635
4,x,9,1.0,m1,init,4469000000,1.0,0.0,0.0,4.691989259342135e-06,4469,9.45081381031182e-08,3.223430517428651e-06,0.9999953080107407,9.450813810466034e-08,3.22343051748125e-06,3,-1,8,8,0,1.0,0.0,4469000000,537.0,40863,0,0,0,9112.721086301259
4,x,9,1.0,m1,na,4466000000,1.0,0.0,0.0,4.74294670846395e-06,4466,9.431473955534363e-08,3.2157542909664796e-06,0.9999952570532914,9.431473955550425e-08,3.2157542909719565e-06,3,-1,8,8,0,1.0,0.0,4466000000,551.0,41262,0,0,0,9133.167281921022
4,x,10,0.1,m1,init,13000000,0.9183413076923077,0.034130119459702575,0.0627846406886066,0.0004475920634616735,13,0.00012501903827506032,0.00022998089434179844,0.9179349615384615,0.034146535362260755,0.06281483884085483,0,2,56,40,48,1.0,0.0,11938437,87.0,10391,0,0,0,3160.2010376888793
4,x,10,0.1,m1,na,13000000,0.9337363076923076,0.0034504664029752353,0.0063473640511188785,0.0005007549081608929,13,0.00010862381244369952,0.00019982077831741938,0.9332686538461539,0.0034435877246769696,0.006334710261674073,0,2,56,40,48,1.0,0.0,12138572,88.0,11983,0,0,0,3227.964313430013
4,x,10,0.3,m1,init,13000000,0.8229979230769231,0.008791661546435906,0.01617285025622433,0.0017842957451877266,13,0.0002444096348517995,0.00044960789320183344,0.8215306153846154,0.008813047615817601,0.016212191363232663,0,2,56,40,48,1.0,0.0,10698973,740.0,36670,0,0,0,2980.616943119094
4,x,10,0.3,m1,na,13000000,0.8185680769230769,0.0067590693414103144,0.012433760757587502,0.0017533501238004299,13,0.00032330135358184486,0.0005947344937582933,0.8171320000000001,0.006720569475210688,0.012362937675097066,0,2,56,40,48,1.0,0.0,10641385,659.0,36020,0,0,0,2911.437708353973
4,x,10,0.5,m1,init,13000000,0.721879076923077,0.011636131387663042,0.021405443044007672,0.004367502619393219,13,0.0005415575961136583,0.0009962314701044963,0.7187298846153846,0.011657752971845013,0.021445217396265252,0,2,56,40,48,1.0,0.0,9384428,2271.0,77337,0,0,0,2982.0657341157785
4,x,10,0.5,m1,na,13000000,0.7123643076923076,0.013795293853107637,0.02537736701401672,0.004235095687886265,13,0.0009006504797331077,0.0016568068805862042,0.7093577307692308,0.013905528626690731,0.025580151263247846,0,2,56,40,48,1.0,0.0,9260736,2304.0,73563,0,0,0,2834.747042617062
4,x,10,0.8,m1,init,13000000,0.5635343846153846,0.03369698804198408,0.06198786643575025,0.010147621748964268,13,0.0036017684408634998,0.006625694283612926,0.5581685384615385,0.03465527392640631,0.0637506975035246,0,2,56,40,48,1.0,0.0,7325947,6000.0,127512,0,0,0,2907.157802021131
4,x,10,0.8,m1,na,13000000,0.5947086153846154,0.00981873313781506,0.01806221723902532,0.00772231564741906,13,0.0010500339867833546,0.0019316078471057457,0.5901293076923076,0.010027214176725118,0.01844573207359278,0,2,56,40,48,1.0,0.0,7731212,4090.0,110882,0,0,0,3020.2229839239735
4,x,10,1.0,m1,init,13000000,0.5170793076923077,0.016904173412443994,0.031096359187705046,0.012103755942737866,13,0.0020670152813434366,0.003802413053087441,0.5108438846153847,0.016968329996443893,0.031214379521006197,0,2,56,40,48,1.0,0.0,6722031,7312.0,147497,0,0,0,3068.768578716903
4,x,10,1.0,m1,na,13000000,0.5210134615384615,0.01888126748768983,0.03473335615949838,0.012258133270049322,13,0.0020894891414493665,0.003843755223990265,0.5146743076923077,0.019041070885415956,0.035027325212812106,0,2,56,40,48,1.0,0.0,6773175,7401.0,150016,0,0,0,3063.9364754777635
4,x,11,0.1,m1,init,13000000,0.9390725384615385,0.04380863195629329,0.08058891266650292,0.0003958107273447758,13,0.00010845669590021855,0.000199513356242675,0.9387141538461539,0.043858960182199494,0.08068149480890495,1,1,40,24,32,1.0,0.0,12207943,91.0,9136,0,0,0,2538.7573609339306
4,x,11,0.1,m1,na,13000000,0.9663476923076922,0.0022791823029906654,0.004192708499777013,0.00028545373233702324,13,4.594123988481925e-05,8.451198778729955e-05,0.9660719615384615,0.0022945952606473934,0.004221061667704507,1,1,40,24,32,1.0,0.0,12562520,58.0,7053,0,0,0,2514.263979652198
4,x,11,0.3,m1,init,13000000,0.8967613846153846,0.006391777764584172,0.011758103301825933,0.001546828441105452,13,0.00021643991032833611,0.00039815571160492025,0.8953759615384616,0.006459990743064782,0.011883585644460607,1,1,40,24,32,1.0,0.0,11657898,693.0,34635,0,0,0,2877.3131188062252
4,x,11,0.3,m1,na,13000000,0.9022062307692308,0.006061502455009814,0.011150539748922826,0.0014811762427848587,13,0.00018810259167078091,0.0003460273159778909,0.9008705384615384,0.006083865683154693,0.01119167840492347,1,1,40,24,32,1.0,0.0,11728681,670.0,33388,0,0,0,2720.0676693497226
4,x,11,0.5,m1,init,13000000,0.8421517692307692,0.01063683931846287,0.019567178352851686,0.0031066394849525677,13,0.000470846914823537,0.0008661544358623919,0.8395410769230769,0.010746861641661169,0.019769571785370636,1,1,40,24,32,1.0,0.0,10947973,1741.0,64396,0,0,0,2949.2166520660976
4,x,11,0.5,m1,na,13000000,0.8442067692307693,0.012058054655209,0.022181599153930257,0.003074535169545913,13,0.000344013549631064,0.0006328359656373353,0.8416146153846153,0.012095288945848576,0.022250094125413174,1,1,40,24,32,1.0,0.0,10974688,1727.0,63942,0,0,0,2870.128817382618
4,x,11,0.8,m1,init,13000000,0.7659858461538461,0.014470357917435178,0.02661919257430043,0.006346487093493784,13,0.000683071365539215,0.0012565555271698192,0.7611311923076923,0.014504418154699755,0.026681848662010583,1,1,40,24,32,1.0,0.0,9957816,4399.0,117423,0,0,0,2972.115272540017
4,x,11,0.8,m1,na,13000000,0.7648331538461538,0.011078777695418615,0.020380153597091114,0.006258314569776755,13,0.0007070813951161688,0.0013007235847030405,0.7600376538461538,0.010831919032935665,0.019926040553532576,1,1,40,24,32,1.0,0.0,9942831,4311.0,116061,0,0,0,3003.5054607157363
4,x,11,1.0,m1,init,13000000,0.7047233846153845,0.021493080980862295,0.039537962012346356,0.010433851349657729,13,0.0018706840515836163,0.003441248606212985,0.6974471923076924,0.022055243502998277,0.04057209762393077,1,1,40,24,32,1.0,0.0,9161404,7938.0,173305,0,0,0,3399.7196285221726
4,x,11,1.0,m1,na,13000000,0.6936864615384616,0.02162549304672187,0.03978154287609472,0.011473964802348096,13,0.0015911321776795255,0.0029269942105429633,0.6857531153846155,0.021679408390574566,0.03988072376221471,1,1,40,24,32,1.0,0.0,9017924,9207.0,187853,0,0,0,3084.6715227600653
4,x,12,0.1,m1,init,13000000,0.9350906923076923,0.002773596689020006,0.005102216877407541,0.014233980039214496,13,0.0013993767268289852,0.0025742472154453417,0.9217821153846154,0.00317492706834014,0.00584049099018313,0,2,56,24,48,1.0,0.0,12156179,9054.0,327915,0,0,0,3696.1373741216958
4,x,12,0.1,m1,na,13000000,0.9348376153846154,0.003204267979567085,0.00589446556155945,0.014823747727656534,13,0.0011599120142880175,0.0021337358380317177,0.9209793076923076,0.0032920158104060284,0.006055883573498507,0,2,56,24,48,1.0,0.0,12152889,8567.0,343182,0,0,0,3889.8895571010653
4,x,12,0.3,m1,init,13000000,0.8177499230769231,0.008912878515290762,0.016395836989215408,0.04317497287626127,13,0.00317131500123152,0.005833846350810403,0.7824531538461539,0.009160843932705479,0.01685198598259836,0,2,56,24,48,1.0,0.0,10630749,23996.0,869724,0,0,0,3378.4653435699875
4,x,12,0.3,m1,na,13000000,0.8101357692307692,0.01024100958034337,0.018839023037982638,0.042118004638621795,13,0.00278026761219355,0.005114488487385548,0.7760176538461538,0.010104427562542522,0.018587771268346265,0,2,56,24,48,1.0,0.0,10531765,27134.0,832803,0,0,0,3473.4153419499053
4,x,12,0.5,m1,init,13000000,0.7154546153846154,0.011363009052737382,0.020903016215921492,0.0796602589857868,13,0.008816860948526902,0.016219206244158065,0.6584480384615384,0.012039624866113754,0.022147696322512452,0,2,56,24,48,1.0,0.0,9300910,42714.0,1396743,0,0,0,3220.0529123640154
4,x,12,0.5,m1,na,13000000,0.7027596923076923,0.014731467164559052,0.027099520522771307,0.06873956858865157,13,0.004806520213612566,0.00884191586057869,0.6544579615384615,0.014240469102934842,0.026196296702700128,0,2,56,24,48,1.0,0.0,9135876,36137.0,1183571,0,0,0,3191.4400129790884
4,x,12,0.8,m1,init,13000000,0.5674591538461539,0.01718365694286297,0.03161048786095674,0.11258008108619312,13,0.006281225233930164,0.011554734517180356,0.5036330384615385,0.016148350069147603,0.029705971524721497,0,2,56,24,48,1.0,0.0,7376969,53348.0,1552783,0,0,0,3096.887164294021
4,x,12,0.8,m1,na,13000000,0.5678653846153846,0.013809587059935792,0.025403660325297193,0.10510477234556224,13,0.005773218042052335,0.010620221262782403,0.5083142692307692,0.014394973000495435,0.02648051697051327,0,2,56,24,48,1.0,0.0,7382250,57322.0,1433685,0,0,0,2970.264211057336
4,x,12,1.0,m1,init,13000000,0.5081178461538461,0.02132069520114662,0.03922084682462916,0.13011233297764296,13,0.007829743313696243,0.014403337240435271,0.4419916153846154,0.01890496937707763,0.03477695737251526,0,2,56,24,48,1.0,0.0,6605532,62538.0,1594206,0,0,0,2882.752908024122
4,x,12,1.0,m1,na,13000000,0.5053621538461539,0.028378354088867106,0.05220388305136914,0.13409698856764302,13,0.00682067507324358,0.012547088627478994,0.4376052307692308,0.024840102967492263,0.04569503313117273,0,2,56,24,48,1.0,0.0,6569708,65003.0,1631674,0,0,0,2843.563002552837
4,x,13,0.1,m1,init,13000000,0.9828044615384616,0.003598360054239925,0.006619424328134404,7.98692138099194e-05,13,2.7005113815241316e-05,4.967771559213955e-05,0.982726,0.003601180777305657,0.00662461323713817,2,0,24,8,16,1.0,0.0,12776458,4.0,2032,0,0,0,358.8033586590318
4,x,13,0.1,m1,na,13000000,0.9793292307692307,0.0036038470140823727,0.006629517958266219,7.160864156605062e-05,13,2.953816031361585e-05,5.4337424282457866e-05,0.9792591923076923,0.0036115246697459662,0.0066436415200878726,2,0,24,8,16,1.0,0.0,12731280,8.0,1805,0,0,0,460.8200628820341
4,x,13,0.3,m1,init,13000000,0.9419209230769231,0.012545538265121333,0.023078357904689033,0.0007714821455922877,13,0.0002125686568404262,0.0003910342815278907,0.941192923076923,0.012505421911967062,0.023004561186177632,2,0,24,8,16,1.0,0.0,12244972,174.0,18580,0,0,0,653.1032869569026
4,x,13,0.3,m1,na,13000000,0.9464204615384616,0.00936183392621781,0.017221720537426873,0.0006767765150205382,13,0.0001910140672810545,0.0003513831703656991,0.9457784615384616,0.009309902733805202,0.017126189630773992,2,0,24,8,16,1.0,0.0,12303466,172.0,16348,0,0,0,683.6362546388991
4,x,13,0.5,m1,init,13000000,0.9139543846153846,0.015532503893990768,0.0285730812378203,0.0017467504834967837,13,0.0005059068861208637,0.0009306496012852527,0.9123667307692307,0.015679348205813157,0.028843211184649817,2,0,24,8,16,1.0,0.0,11881407,622.0,40035,0,0,0,743.3321291288594
4,x,13,0.5,m1,na,13000000,0.9198907692307692,0.015210910638730127,0.027981488905327638,0.0019327766314989068,13,0.0004911940134028448,0.0009035842864922975,0.9181104999999999,0.015149411005267087,0.027868356210494355,2,0,24,8,16,1.0,0.0,11958580,744.0,44799,0,0,0,729.1593361347914
4,x,13,0.8,m1,init,13000000,0.8485426923076923,0.02782206714537054,0.051180555960222196,0.003955386733183537,13,0.0006276628801163424,0.0011546279071249384,0.8452016923076923,0.027866717673534065,0.051262693597349814,2,0,24,8,16,1.0,0.0,11031055,1984.0,82898,0,0,0,978.1932664248161
4,x,13,0.8,m1,na,13000000,0.8474863846153846,0.022782405833162805,0.04190976143362162,0.005243298782473833,13,0.001467448118576423,0.002699469099801252,0.8430028076923077,0.022244564507053418,0.04092036629109563,2,0,24,8,16,1.0,0.0,11017323,3215.0,110143,0,0,0,889.5092073160922
4,x,13,1.0,m1,init,13000000,0.8434293076923077,0.020173935566810824,0.03711130567043015,0.007352304481909942,13,0.0020095247615987246,0.0036966553914585458,0.8372917692307692,0.020884217852641183,0.0384179175079889,2,0,24,8,16,1.0,0.0,10964581,4927.0,149722,0,0,0,1008.278828540002
4,x,13,1.0,m1,na,13000000,0.8327318461538462,0.03274434477293963,0.060235415336890356,0.007841271333516696,13,0.0016674220973190827,0.0030673346274110503,0.8262514999999999,0.032917238649957194,0.060553465203625347,2,0,24,8,16,1.0,0.0,10825514,5258.0,157973,0,0,0,1066.1490050662542
4,x,14,0.1,m1,init,13000000,0.9342326153846153,0.00425091873458166,0.007819849727226873,0.015001111865209369,13,0.0011381162711661744,0.002093641108739551,0.9202214230769231,0.004538245890733238,0.008348407275358386,0,2,56,24,48,1.0,0.0,12145024,9025.0,346241,0,0,0,3792.9112284481525
4,x,14,0.1,m1,na,13000000,0.9342823076923078,0.0037400467272810027,0.006880066452981091,0.014555852739848716,13,0.0012217430190367893,0.002247478112539449,0.9206886538461538,0.004263636960190197,0.007843245755065903,0,2,56,24,48,1.0,0.0,12145670,9073.0,335289,0,0,0,3576.4822384929284
4,x,14,0.3,m1,init,13000000,0.8189245384615386,0.0108025457676895,0.019872006464770917,0.043510667682329335,13,0.0026575375149016202,0.0048887182532892535,0.7833365384615385,0.011556727798601119,0.021259374823692043,0,2,56,24,48,1.0,0.0,10646019,27641.0,870006,0,0,0,3504.6863645759877
4,x,14,0.3,m1,na,13000000,0.8118339230769231,0.00853598309483722,0.015702512619861934,0.04409449421209894,13,0.0029837791526176145,0.005488861596644541,0.7760496923076924,0.008891667136051183,0.016356817236423765,0,2,56,24,48,1.0,0.0,10553841,33477.0,863436,0,0,0,3296.207046788768
4,x,14,0.5,m1,init,13000000,0.7087126923076923,0.02008142989708342,0.03694113529518868,0.07326512352817603,13,0.005700680745240258,0.010486784046945927,0.6568110769230769,0.019375697619573657,0.03564289350268285,0,2,56,24,48,1.0,0.0,9213265,53768.0,1241906,0,0,0,3213.588757399819
4,x,14,0.5,m1,na,13000000,0.7152668461538462,0.014407926009449686,0.026504344898041887,0.06745013688894662,13,0.004491779232806308,0.008262928745891553,0.667033076923077,0.01398634421121462,0.025728816943787376,0,2,56,24,48,1.0,0.0,9298469,45961.0,1162156,0,0,0,3267.08662414609
4,x,14,0.8,m1,init,13000000,0.5911103076923078,0.012883856472516253,0.023700716906824463,0.10482368446842596,13,0.007052751765267645,0.012974009246322275,0.5292916923076922,0.013974847081180674,0.02570766720304346,0,2,56,24,48,1.0,0.0,7684434,72621.0,1462042,0,0,0,3362.857157034916
4,x,14,0.8,m1,na,13000000,0.5918878461538462,0.019478506761401438,0.035832017804951474,0.10264709508028005,13,0.007170685247897397,0.013190955786483301,0.5309044615384615,0.01565020637574473,0.028789602836398507,0,2,56,24,48,1.0,0.0,7694542,70521.0,1444526,0,0,0,3096.4819479630096
4,x,14,1.0,m1,init,13000000,0.4989263846153846,0.024118230375167634,0.044367100148530604,0.13564106318990493,13,0.008368939483831994,0.015395224709291524,0.4316054615384616,0.023142999406097105,0.04257309746261008,0,2,56,24,48,1.0,0.0,6486043,89644.0,1571056,0,0,0,2614.1375548820943
4,x,14,1.0,m1,na,13000000,0.5242362307692308,0.01646869418316873,0.030295265978239994,0.130307104591617,13,0.010875186475870267,0.02000563391274631,0.45576373076923077,0.01376611700282954,0.02532369424374416,0,2,56,24,48,1.0,0.0,6815071,89929.0,1600427,0,0,0,3106.8069647550583
4,x,15,0.1,m1,init,13000000,0.9674786923076923,0.0021421348168708886,0.003940600469992169,0.013304964682950478,13,0.0012844324888903694,0.0023627995911051315,0.9546102692307692,0.0028905360079701475,0.005317334586893548,1,1,40,8,32,1.0,0.0,12577223,2611.0,329357,0,0,0,2742.6862588487566
4,x,15,0.1,m1,na,13000000,0.9675383076923076,0.0024259623644974702,0.004462720253847699,0.012479657679408953,13,0.0005778641794465952,0.001063019861861542,0.9554657307692308,0.0026931972584134795,0.004954316739871857,1,1,40,8,32,1.0,0.0,12577998,2377.0,309133,0,0,0,2546.722923920024
4,x,15,0.3,m1,init,13000000,0.9036674615384614,0.005709450263652256,0.010502916163423266,0.03555065115772627,13,0.0024196882603836054,0.004451178619107832,0.8715335,0.005550467708462235,0.0102104571049325,1,1,40,8,32,1.0,0.0,11747677,16177.0,803129,0,0,0,3037.7726848772727
4,x,15,0.3,m1,na,13000000,0.8957917692307693,0.008300758816906999,0.015269801805927543,0.03934287430119324,13,0.0030252458011615735,0.005565142273964382,0.8605745384615384,0.009217924418030559,0.016956989358449352,1,1,40,8,32,1.0,0.0,11645293,19227.0,877194,0,0,0,3041.5224399879808
4,x,15,0.5,m1,init,13000000,0.8409584615384615,0.011939339569162327,0.021963214801934132,0.05804400103882437,13,0.00620226883046305,0.01140948892471765,0.7922127307692308,0.013700941045864114,0.025203798705598104,1,1,40,8,32,1.0,0.0,10932460,36731.0,1193927,0,0,0,2900.7069579258095
4,x,15,0.5,m1,na,13000000,0.8484111538461538,0.007784470403248286,0.014320054689409965,0.05565165874183441,13,0.0040147486475917244,0.007385399034179422,0.8012086538461538,0.00846339738129616,0.01556898633820967,1,1,40,8,32,1.0,0.0,11029345,35716.0,1155833,0,0,0,2886.0778060299344
4,x,15,0.8,m1,init,13000000,0.7797006153846154,0.013774403493589191,0.02533893779850313,0.09088319502845053,13,0.005702949558565223,0.01049095768101614,0.7088512307692307,0.013564289500243949,0.02495241903488131,1,1,40,8,32,1.0,0.0,10136108,83919.0,1674246,0,0,0,3325.539092689869
4,x,15,0.8,m1,na,13000000,0.7581590769230769,0.01963499366663204,0.03611988594819005,0.09731782738643736,13,0.008202110194038058,0.015088331056943934,0.6845716538461539,0.020901902028273422,0.03845044873350233,1,1,40,8,32,1.0,0.0,9856068,94525.0,1724223,0,0,0,2917.616449488094
4,x,15,1.0,m1,init,13000000,0.6927623076923077,0.028559282816304234,0.05253671356360333,0.11111251853156068,13,0.01073108174086725,0.01974054360096543,0.6158905769230769,0.027399390877835928,0.050403014656386594,1,1,40,8,32,1.0,0.0,9005910,113027.0,1772611,0,0,0,2974.434284087969
4,x,15,1.0,m1,na,13000000,0.7026675384615384,0.020135383762822458,0.037040387044898676,0.12763027683506853,13,0.007940543620503438,0.01460716182591001,0.6132407692307692,0.02096494158825909,0.038566414226314086,1,1,40,8,32,1.0,0.0,9134678,148890.0,2027316,0,0,0,3209.047132165986
4,z,2,0.1,m1,init,13000000,0.9667187692307693,0.0029421016349067074,0.005412193011368656,0.011270451349124645,13,0.0005200477102575928,0.0009566625943986687,0.9558259615384616,0.0032034328271876304,0.005892929242821211,1,1,40,40,32,1.0,0.0,12567344,1875.0,279463,0,0,0,2495.3196204651613
4,z,2,0.1,m1,na,13000000,0.9652685384615385,0.003255301881916797,0.005988345843043587,0.011731560077676015,13,0.0013149267250808934,0.002418895780998521,0.9539473461538461,0.0037081033664716385,0.006821304501292922,1,1,40,40,32,1.0,0.0,12548491,2215.0,289921,0,0,0,2232.0090370902326
4,z,2,0.3,m1,init,13000000,0.8988326923076924,0.010662676001086826,0.019614706661009118,0.03511366708303974,13,0.0029607155207976537,0.005446434501172454,0.8673296538461539,0.012028703146648948,0.022127605088049906,1,1,40,40,32,1.0,0.0,11684825,15391.0,788297,0,0,0,2943.001811519731
4,z,2,0.3,m1,na,13000000,0.8885443076923077,0.01028151009103978,0.018913526440022633,0.035947039471325055,13,0.0023474494746516133,0.00431829053439663,0.8566527692307692,0.011380687636261324,0.02093553715437718,1,1,40,40,32,1.0,0.0,11551076,16792.0,795596,0,0,0,2653.34777608281
4,z,2,0.5,m1,init,13000000,0.8436626923076923,0.008689587882246866,0.015985078914332457,0.05913434035261751,13,0.006669870798699053,0.012269674063994583,0.7937669230769231,0.009821157929108738,0.01806667780501596,1,1,40,40,32,1.0,0.0,10967615,40039.0,1217212,0,0,0,2557.4150030969176
4,z,2,0.5,m1,na,13000000,0.8384166153846154,0.010733781413398657,0.01974550982940367,0.06282028331920608,13,0.00563263874816384,0.010361616236056132,0.7858381538461539,0.01299997492380233,0.023914324575262946,1,1,40,40,32,1.0,0.0,10899416,43765.0,1279510,0,0,0,2939.8787870970555
4,z,2,0.8,m1,init,13000000,0.7474182307692308,0.018579686955695975,0.034178578571852684,0.09594428990501255,13,0.010673152905855843,0.019633979629046283,0.6759614230769231,0.021353042302130806,0.03928035148341033,1,1,40,40,32,1.0,0.0,9716437,93787.0,1670303,0,0,0,2998.029341988964
4,z,2,0.8,m1,na,13000000,0.7712592307692308,0.011908864689763017,0.021907154220154646,0.09029521825943342,13,0.007841498191572411,0.014424961125598202,0.7017226538461538,0.014061780190918204,0.025867586480948668,1,1,40,40,32,1.0,0.0,10026370,81712.0,1644527,0,0,0,2974.6291750881355
4,z,2,1.0,m1,init,13000000,0.6721380769230769,0.07828864120113994,0.14401719904954732,0.13057084856047524,13,0.028016939748342056,0.05153903716542471,0.5909809615384615,0.07461434169141297,0.13725807900682652,1,1,40,40,32,1.0,0.0,8737795,127079.0,1855927,0,0,0,3062.3838550632354
4,z,2,1.0,m1,na,13000000,0.6823251538461539,0.0285323371411858,0.05248714518947501,0.11142109087684085,13,0.005467653572894424,0.010058114955890167,0.6063975,0.02636526587749906,0.048500672455389755,1,1,40,40,32,1.0,0.0,8870227,110479.0,1753161,0,0,0,3059.5694471825846
4,z,3,0.1,m1,init,13000000,0.9358018461538461,0.003900542583202584,0.0071753093295243275,0.014891683166194632,13,0.0014941719476485433,0.0027486293732687335,0.9218691923076924,0.004299401117641702,0.007909036318083847,0,2,56,40,48,1.0,0.0,12165424,9922.0,342405,0,0,0,2968.5683674110333
4,z,3,0.1,m1,na,13000000,0.9335505384615386,0.004323097523829915,0.007952627444387838,0.014368635581118535,13,0.0008907249730061022,0.0016385482461784588,0.9201375384615385,0.004395690179251717,0.008086166496094673,0,2,56,40,48,1.0,0.0,12136157,10765.0,327208,0,0,0,2993.5142553349724
4,z,3,0.3,m1,init,13000000,0.8140598461538461,0.008885016942847062,0.016344583760612947,0.04587813984624627,13,0.004133342998599862,0.0076035612859856536,0.776717423076923,0.00926699936673987,0.01704726601350659,0,2,56,40,48,1.0,0.0,10582778,31287.0,908329,0,0,0,3066.4385128020076
4,z,3,0.3,m1,na,13000000,0.8155235384615385,0.009507283955803438,0.017489285608696635,0.04346828595496947,13,0.0035170031457966906,0.006469762845988837,0.7800962692307691,0.010095467858385518,0.018571289292452862,0,2,56,40,48,1.0,0.0,10601806,32152.0,856805,0,0,0,3600.057484299876
4,z,3,0.5,m1,init,13000000,0.7129796153846153,0.01165567338067173,0.021441391849016642,0.07558577339176288,13,0.009279340924660016,0.01706996913590465,0.6592372692307692,0.014874081864386435,0.027361869815048113,0,2,56,40,48,1.0,0.0,9268735,53352.0,1290597,0,0,0,3289.148640504922
4,z,3,0.5,m1,na,13000000,0.7139084615384615,0.009727006933745822,0.01789348074306853,0.06988023043459037,13,0.005028567478662673,0.009250386676759662,0.6640088076923077,0.009488937067266733,0.01745553527840872,0,2,56,40,48,1.0,0.0,9280810,47948.0,1201495,0,0,0,3116.7668740529334
4,z,3,0.8,m1,init,13000000,0.5395473076923077,0.08431138551502719,0.1550964406019604,0.11979891700406238,13,0.030147901404534796,0.055459083858001544,0.48255780769230766,0.07708540555181848,0.14180376648317244,0,2,56,40,48,1.0,0.0,7014115,62282.0,1357163,0,0,0,2591.1818155029323
4,z,3,0.8,m1,na,13000000,0.5749964615384615,0.01986414557546725,0.03654142623246342,0.10276918486920793,13,0.006577300942477375,0.012099385613397856,0.5160296923076924,0.019251164547871895,0.03541380657640135,0,2,56,40,48,1.0,0.0,7474954,71912.0,1389312,0,0,0,3301.9794660481857
4,z,3,1.0,m1,init,13000000,0.5057379230769231,0.02694159791412116,0.04956087383790688,0.1320225317726041,13,0.01159126983645129,0.02132291721584909,0.4388518076923077,0.023371302897820457,0.04299307702678152,0,2,56,40,48,1.0,0.0,6574593,82931.0,1573177,0,0,0,2965.379710235866
4,z,3,1.0,m1,na,13000000,0.5107925384615385,0.020984528166642345,0.038602445049105774,0.12955267157227746,13,0.009502419735517114,0.01748033754968771,0.4445708846153846,0.01855022603435656,0.03412438323383653,0,2,56,40,48,1.0,0.0,6640303,87343.0,1547077,0,0,0,2691.9632369581377
4,z,4,0.1,m1,init,13000000,0.9822696923076923,0.0032074568208360077,0.005900331648653541,8.133201574955532e-05,13,2.4287321054892022e-05,4.4678153779117005e-05,0.9821897307692308,0.0032002925044203054,0.005887152408760447,2,0,24,24,16,1.0,0.0,12769506,5.0,2069,0,0,0,410.18382687307894
4,z,4,0.1,m1,na,13000000,0.986265076923077,0.0021959835736630696,0.004039658864754515,8.172930101520797e-05,13,2.589091563334132e-05,4.762807341057364e-05,0.9861844615384616,0.0021947633020081778,0.0040374140933148684,2,0,24,24,16,1.0,0.0,12821446,13.0,2070,0,0,0,364.68606460117735
4,z,4,0.3,m1,init,13000000,0.9426934615384616,0.011366292071397688,0.020909055548634776,0.0005740386675332596,13,0.00018895719366587748,0.000347599413586786,0.9421498076923077,0.011294730660689187,0.02077741354064802,2,0,24,24,16,1.0,0.0,12255015,135.0,13865,0,0,0,568.20167799911
4,z,4,0.3,m1,na,13000000,0.9493332307692307,0.009518967674011676,0.01751077859088433,0.0007728494562501459,13,0.00022155403108374406,0.0004075634792643784,0.9485983846153846,0.009477073169020658,0.01743371084297346,2,0,24,24,16,1.0,0.0,12341332,185.0,18736,0,0,0,617.8167691437993
4,z,4,0.5,m1,init,13000000,0.904232923076923,0.018814485258543807,0.03461050577609237,0.0017805946069586068,13,0.0005264594764162224,0.0009684574676901097,0.9026188461538461,0.018731870727010637,0.0344585308120407,2,0,24,24,16,1.0,0.0,11755028,641.0,40684,0,0,0,692.5345643634209
4,z,4,0.5,m1,na,13000000,0.8965360769230769,0.0177210540255191,0.03259906578789625,0.0016886833939970232,13,0.00045090065386620414,0.0008294619528851219,0.8950214999999999,0.01768662327559488,0.032535728117332754,2,0,24,24,16,1.0,0.0,11654969,629.0,38121,0,0,0,704.3365639912663
4,z,4,0.8,m1,init,13000000,0.879038,0.015932850717118707,0.02930954603310443,0.004490171765251612,13,0.000813848597792689,0.0014971290050030657,0.8750943461538461,0.015953278534703397,0.02934712437175108,2,0,24,24,16,1.0,0.0,11427494,2461.0,97613,0,0,0,1026.180997507996
4,z,4,0.8,m1,na,13000000,0.8442578461538461,0.03761133031667239,0.06918856122202834,0.004385113057572897,13,0.0013485374207506185,0.0024807249068358726,0.8405534615384614,0.037459489783962345,0.06890924039224271,2,0,24,24,16,1.0,0.0,10975352,2496.0,91322,0,0,0,929.9042934480822
4,z,4,1.0,m1,init,13000000,0.8264357692307692,0.029881607086320826,0.05496921762397849,0.006211725823784698,13,0.0018379094520115976,0.003380957535146805,0.8213150384615384,0.029868570693394835,0.05494523630604902,2,0,24,24,16,1.0,0.0,10743665,3892.0,125355,0,0,0,1140.1851956080645
4,z,4,1.0,m1,na,13000000,0.8342872307692308,0.03379014151239015,0.062159228483728055,0.0071486766214423755,13,0.0018250457647756247,0.003357293920901482,0.8283268076923077,0.033647209189610644,0.06189629490275731,2,0,24,24,16,1.0,0.0,10845734,4776.0,145419,0,0,0,1027.946825269144
4,z,5,0.1,m1,init,13000000,0.9346671538461538,0.0028993462394013214,0.0053335415976965075,0.01417934733497936,13,0.0013428230176692508,0.0024702128796325355,0.921417,0.0033763842029906847,0.006211084882423229,0,2,56,40,48,1.0,0.0,12150673,9296.0,325912,0,0,0,2721.6450526230037
4,z,5,0.1,m1,na,13000000,0.9347333076923078,0.003277608839268426,0.006029380985151183,0.014366671508740278,13,0.0015997028788252415,0.002942760589342737,0.9213008076923077,0.0032575935497029017,0.005992561519425797,0,2,56,40,48,1.0,0.0,12151533,6975.0,335295,0,0,0,2663.213817578624
4,z,5,0.3,m1,init,13000000,0.8151189999999999,0.009389727976311586,0.017273033510841907,0.04004745273216244,13,0.003184273540323109,0.00585768445139705,0.7824403846153847,0.008420039626902123,0.01548922684501749,0,2,56,40,48,1.0,0.0,10596547,21343.0,806958,0,0,0,3645.325500144041
4,z,5,0.3,m1,na,13000000,0.8120459999999999,0.010531845023871712,0.019374034315719244,0.03970525062031053,13,0.00310258511755555,0.005707413126447961,0.7797636538461539,0.009379069211139289,0.017253425998412394,0,2,56,40,48,1.0,0.0,10556598,25562.0,788217,0,0,0,3284.9714136412367
4,z,5,0.5,m1,init,13000000,0.7188791538461538,0.014638168178128415,0.026927890788320044,0.0677777720386083,13,0.005406769857619556,0.00994611528381655,0.6701604230769231,0.014305814004387756,0.026316503025546365,0,2,56,40,48,1.0,0.0,9345429,40747.0,1185193,0,0,0,3438.400541790994
4,z,5,0.5,m1,na,13000000,0.7060877692307692,0.009960102065694101,0.018322274850364736,0.06770602784178374,13,0.006415069839758987,0.011800950634149788,0.6583628076923076,0.011910881240568766,0.021910863800424906,0,2,56,40,48,1.0,0.0,9179141,41776.0,1157297,0,0,0,3223.3281195642194
4,z,5,0.8,m1,init,13000000,0.5887625384615385,0.013068427240462125,0.024040247196508446,0.11546549517491295,13,0.015000515259328528,0.02759445251320868,0.5208338076923077,0.014863052111625733,0.027341579846101992,0,2,56,40,48,1.0,0.0,7653913,57160.0,1651827,0,0,0,3149.020584781887
4,z,5,0.8,m1,na,13000000,0.5686064615384615,0.015774663292063625,0.02901854966975254,0.10235607057198254,13,0.0071482803118237,0.013149740405954114,0.5103449615384615,0.013926996527049618,0.025619642903819538,0,2,56,40,48,1.0,0.0,7391884,56454.0,1401891,0,0,0,3355.4329821390565
4,z,5,1.0,m1,init,13000000,0.502877,0.016161900011186503,0.029730897550640283,0.13209834914455748,13,0.010784065705463133,0.019838011152561258,0.4362574615384615,0.013207979060292837,0.02429696211588801,0,2,56,40,48,1.0,0.0,6537401,67576.0,1596956,0,0,0,3051.15043249086
4,z,5,1.0,m1,na,13000000,0.5038482307692308,0.024068490595888586,0.0442756004931118,0.13867022604498794,13,0.012969538472850513,0.02385833468518645,0.43426711538461543,0.023326346875068158,0.042910377411896655,0,2,56,40,48,1.0,0.0,6550027,70892.0,1667325,0,0,0,2855.4398681541206
4,z,6,0.1,m1,init,13000000,0.9666339999999999,0.002259527087884103,0.0041565514151356946,0.0003148368363100866,13,5.848946860764218e-05,0.00010759529496913022,0.9663296538461539,0.002257551429411578,0.004152917059051259,1,1,40,24,32,1.0,0.0,12566242,62.0,7789,0,0,0,2243.0532479973044
4,z,6,0.1,m1,na,13000000,0.9643622307692308,0.004029297901463229,0.00741216336114547,0.00032757612643071355,13,4.063003809832074e-05,7.474167637119939e-05,0.9640466538461538,0.004052911046939899,0.007455601323794003,1,1,40,24,32,1.0,0.0,12536709,89.0,8027,0,0,0,2176.9275364431087
4,z,6,0.3,m1,init,13000000,0.8995007692307693,0.008194505285693545,0.015074341318688143,0.0014102167188301473,13,0.00016008069917649412,0.00029447916790457934,0.8982337307692307,0.008234206264851558,0.01514737392891281,1,1,40,24,32,1.0,0.0,11693510,646.0,31651,0,0,0,2943.1628169452306
4,z,6,0.3,m1,na,13000000,0.8969066153846155,0.009491282105479847,0.017459849133266023,0.001561280593146295,13,0.00017271473384731763,0.0003177203208748059,0.8955088076923077,0.009552189075745616,0.01757189158445295,1,1,40,24,32,1.0,0.0,11659786,745.0,34853,0,0,0,2800.0147292140173
4,z,6,0.5,m1,init,13000000,0.8368438461538462,0.008724616455577603,0.016049516321092822,0.0027006806455084484,13,0.00023073005905589847,0.00042444339730452873,0.8345833076923076,0.008687830141683398,0.01598184543283728,1,1,40,24,32,1.0,0.0,10878970,1454.0,55866,0,0,0,2912.9455761170248
4,z,6,0.5,m1,na,13000000,0.8380192307692307,0.009587874385599689,0.017637537102034424,0.003189784230433935,13,0.0004080159826627766,0.0007505727279078913,0.8353473461538462,0.00959818247547312,0.017656499523764396,1,1,40,24,32,1.0,0.0,10894250,1955.0,65559,0,0,0,2669.007947874139
4,z,6,0.8,m1,init,13000000,0.7582347692307692,0.01051682405725361,0.019346402241561797,0.007049525017539674,13,0.0014211145446767777,0.002614235387316215,0.7529163076923078,0.0110757177746041,0.020374524667807647,1,1,40,24,32,1.0,0.0,9857052,5180.0,127920,0,0,0,3015.14139445615
4,z,6,0.8,m1,na,13000000,0.7564951538461538,0.016706446003724958,0.03073262637612285,0.007048183672026993,13,0.0009702259112869084,0.00178479554690241,0.7511684999999999,0.016679356700137305,0.03068279378780556,1,1,40,24,32,1.0,0.0,9834437,4934.0,128625,0,0,0,3187.620109727024
4,z,6,1.0,m1,init,13000000,0.68631,0.02226351490392639,0.040955226815389455,0.012089330785754995,13,0.001922865036074798,0.003537239022124795,0.6780382692307693,0.02229271435650102,0.04100894116410033,1,1,40,24,32,1.0,0.0,8922030,9807.0,195451,0,0,0,3336.0610606966075
4,z,6,1.0,m1,na,13000000,0.7018345384615384,0.023345808269835278,0.042946177951042004,0.01041165351756033,13,0.0016494505516947361,0.0030342747655498657,0.6945821923076922,0.023623407762164223,0.043456840810039345,1,1,40,24,32,1.0,0.0,9123849,8172.0,172217,0,0,0,3111.2706011350965
4,z,7,0.1,m1,init,12000000,0.9358193333333333,0.003140499744900047,0.005550515427881612,0.0003906564749393145,12,7.91888317733678e-05,0.0001399582449219364,0.9354536666666666,0.0031313691487835672,0.005534378023415149,0,2,56,24,48,1.0,0.0,11229832,44.0,8688,0,0,0,2246.4016506929183
4,z,7,0.1,m1,na,13000000,0.9354116923076923,0.0035919057634901915,0.006607551228009445,0.000498407579999833,13,0.00011898165379177069,0.000218874721217211,0.9349462692307693,0.0036573122086550293,0.006727870764635796,0,2,56,24,48,1.0,0.0,12160352,96.0,11909,0,0,0,2289.4315146122826
4,z,7,0.3,m1,init,13000000,0.8167405384615385,0.007776534181577408,0.014305455478099865,0.0019543503818163885,13,0.000340058452104678,0.0006255602988358835,0.8151431153846154,0.0077256070683537105,0.014211771642365475,0,2,56,24,48,1.0,0.0,10617627,756.0,40021,0,0,0,3342.4674664859194
4,z,7,0.3,m1,na,13000000,0.8141609230769231,0.009817804115710626,0.018060508240640843,0.0018565594682895782,13,0.00042209520083459363,0.000776472392722652,0.8126552692307693,0.009954898409433215,0.018312702376146104,0,2,56,24,48,1.0,0.0,10584092,705.0,37737,0,0,0,2889.792016901076
4,z,7,0.5,m1,init,13000000,0.7068092307692309,0.014584512330554291,0.026829187262984847,0.0038519383375312773,13,0.000486387208114318,0.0008947418462173204,0.7040805384615385,0.014434015407648416,0.026552338093425314,0,2,56,24,48,1.0,0.0,9188520,1787.0,67372,0,0,0,3061.9351737672696
4,z,7,0.5,m1,na,13000000,0.7119573076923077,0.010374437975556355,0.01908447350764758,0.0030266441354925545,13,0.000606522603368467,0.0011157389521290386,0.7098091153846154,0.010495686998811584,0.01930751920685506,0,2,56,24,48,1.0,0.0,9255445,1407.0,53039,0,0,0,3210.7475315019256
4,z,7,0.8,m1,init,13000000,0.5981063076923078,0.011696638131872264,0.02151674925255754,0.008664466052115268,13,0.0010096452547770055,0.0018573100694527535,0.5929095384615385,0.01137088860674963,0.020917511183278097,0,2,56,24,48,1.0,0.0,7775382,5088.0,124940,0,0,0,3371.9630556947086
4,z,7,0.8,m1,na,13000000,0.5972714615384616,0.01800913997881305,0.03312901919419332,0.00891168943976752,13,0.0015851955884117353,0.002916073456968276,0.5919913076923077,0.01829993353636927,0.0336639534198788,0,2,56,24,48,1.0,0.0,7764529,5340.0,126604,0,0,0,3044.4065505197505
4,z,7,1.0,m1,init,13000000,0.5292905384615385,0.016492653268717072,0.030339340320820495,0.010343411060536635,13,0.0014339174713457897,0.0026377872284290356,0.5238173461538461,0.01634900430252487,0.03007508842629326,0,2,56,24,48,1.0,0.0,6880777,5763.0,130777,0,0,0,2909.6824952390743
4,z,7,1.0,m1,na,13000000,0.5367231538461539,0.018094610493615607,0.03328624793075502,0.013559338573690582,13,0.001077904365069006,0.0019828772746442636,0.5294758076923076,0.018150927105890276,0.033389846110967646,0,2,56,24,48,1.0,0.0,6977401,8887.0,170657,0,0,0,2844.94464993407
4,z,8,0.1,m1,init,13000000,1.0,0.0,0.0,0.0,13,0.0,0.0,1.0,0.0,0.0,3,-1,8,8,0,1.0,0.0,13000000,0.0,0,0,0,0,10.479728687787428
4,z,8,0.1,m1,na,13000000,1.0,0.0,0.0,0.0,13,0.0,0.0,1.0,0.0,0.0,3,-1,8,8,0,1.0,0.0,13000000,0.0,0,0,0,0,10.698274059221148
4,z,8,0.3,m1,init,13000000,1.0,0.0,0.0,3.846153846153846e-08,13,7.538461538461539e-08,1.386750490563073e-07,0.9999999615384615,7.538461537422906e-08,1.3867504903720093e-07,3,-1,8,8,0,1.0,0.0,13000000,0.0,1,0,0,0,12.980153718730435
4,z,8,0.3,m1,na,13000000,1.0,0.0,0.0,0.0,13,0.0,0.0,1.0,0.0,0.0,3,-1,8,8,0,1.0,0.0,13000000,0.0,0,0,0,0,13.063713501091115
4,z,8,0.5,m1,init,13000000,1.0,0.0,0.0,2.3076923076923078e-07,13,2.3838708515115474e-07,4.3852900965351456e-07,0.9999997692307693,2.3838708514409517e-07,4.38529009640528e-07,3,-1,8,8,0,1.0,0.0,13000000,0.0,6,0,0,0,19.075283737969585
4,z,8,0.5,m1,na,13000000,1.0,0.0,0.0,7.692307692307692e-08,13,1.0207125175055438e-07,1.8776690404970271e-07,0.9999999230769231,1.0207125171070958e-07,1.877669039764055e-07,3,-1,8,8,0,1.0,0.0,13000000,0.0,2,0,0,0,17.277739608311094
4,z,8,0.8,m1,init,13000000,1.0,0.0,0.0,1.7692307692307693e-06,13,5.158937401101244e-07,9.490210880907892e-07,0.9999982307692309,5.158937401068973e-07,9.490210880848527e-07,3,-1,8,8,0,1.0,0.0,13000000,0.0,46,0,0,0,21.644444198929705
4,z,8,0.8,m1,na,13000000,1.0,0.0,0.0,1.6153846153846152e-06,13,3.705877840942968e-07,6.817210498023292e-07,0.9999983846153846,3.705877840779379e-07,6.817210497722359e-07,3,-1,8,8,0,1.0,0.0,13000000,0.0,42,0,0,0,20.014713157201186
4,z,8,1.0,m1,init,13000000,1.0,0.0,0.0,4.5e-06,13,9.862620445463877e-07,1.8142950880897704e-06,0.9999955,9.862620445389899e-07,1.8142950880761615e-06,3,-1,8,8,0,1.0,0.0,13000000,0.0,117,0,0,0,25.232535637100227
4,z,8,1.0,m1,na,13000000,1.0,0.0,0.0,4.576923076923077e-06,13,8.512121534479609e-07,1.5658617681401756e-06,0.999995423076923,8.512121534442718e-07,1.5658617681333892e-06,3,-1,8,8,0,1.0,0.0,13000000,1.0,117,0,0,0,20.304949291981757
4,z,9,0.1,m1,init,13000000,0.9342663076923077,0.0036398432329145824,0.006695735413736807,0.013247143597057651,13,0.0015819203707560184,0.0029100484747254227,0.9218924230769231,0.004068684778513283,0.007484618159504839,0,2,56,40,48,1.0,0.0,12145462,11535.0,298651,0,0,0,1864.0693904700456
4,z,9,0.1,m1,na,13000000,0.9335976923076923,0.002163206847131384,0.00397936388100357,0.014036707360518744,13,0.0010645001564209863,0.001958219335058828,0.9204947692307692,0.002557651009029041,0.004704970335610417,0,2,56,40,48,1.0,0.0,12136770,14135.0,312406,0,0,0,1805.5409273989499
4,z,9,0.3,m1,init,13000000,0.8211094615384614,0.008976298010606091,0.016512501398513093,0.03877003125434919,13,0.004025881907180422,0.007405879410868249,0.789342923076923,0.010922599166670986,0.020092852733047183,0,2,56,40,48,1.0,0.0,10674423,37842.0,750246,0,0,0,2592.523550181184
4,z,9,0.3,m1,na,13000000,0.819143,0.009325177319365028,0.01715428825396145,0.041060348114737015,13,0.003304250510010613,0.006078390122868012,0.7855152307692308,0.009514565314775581,0.017502680156211495,0,2,56,40,48,1.0,0.0,10648859,35885.0,802552,0,0,0,2631.73027097492
4,z,9,0.5,m1,init,13000000,0.7180995384615384,0.01808332203293242,0.033265482051257934,0.06519341161556332,13,0.005235727190448238,0.00963147084158272,0.6713576923076924,0.018182977310182025,0.03344880460839774,0,2,56,40,48,1.0,0.0,9335294,52935.0,1109418,0,0,0,2987.5974571191473
4,z,9,0.5,m1,na,13000000,0.7188493846153846,0.013393506558468948,0.024638252374909703,0.0658826681884128,13,0.005493269876960843,0.010105237862930652,0.6715265,0.013714732335495746,0.02522916870657852,0,2,56,40,48,1.0,0.0,9345042,51903.0,1126589,0,0,0,2771.154409359675
4,z,9,0.8,m1,init,13000000,0.5956598461538462,0.010052100784818866,0.018491512656018484,0.10709139733056763,13,0.007988040927337963,0.014694536303072419,0.5319738461538461,0.011795897036930646,0.021699342656503664,0,2,56,40,48,1.0,0.0,7743578,67351.0,1521134,0,0,0,2648.3418939558323
4,z,9,0.8,m1,na,13000000,0.5896564615384615,0.01116852774233439,0.020545254819606482,0.10583268091415056,13,0.0060133064769472356,0.011061880019241313,0.5273175769230769,0.01165386746987753,0.021438069755155723,0,2,56,40,48,1.0,0.0,7665534,78428.0,1463955,0,0,0,2546.343735423987
4,z,9,1.0,m1,init,13000000,0.5152229230769231,0.018238442393696562,0.033550836344423025,0.13672267036759947,13,0.012915148862224208,0.023758281353571317,0.4450438076923077,0.01903084024821934,0.035008505270468705,0,2,56,40,48,1.0,0.0,6697898,73717.0,1677223,0,0,0,2476.9846862149425
4,z,9,1.0,m1,na,13000000,0.5310093076923077,0.010454929998229865,0.019232543974492047,0.13125719809377503,13,0.006219661354415949,0.011441483637432913,0.4613061153846154,0.009578693602697926,0.017620648436982786,0,2,56,40,48,1.0,0.0,6903121,87238.0,1637807,0,0,0,2729.2681490925606
4,z,10,0.1,m1,init,13000000,0.9635038461538462,0.003581458069333233,0.006588331994849609,0.000515691569124148,13,7.855400118082368e-05,0.00014450534650526454,0.9630071153846154,0.003592416721945669,0.006608491170310903,1,1,40,24,32,1.0,0.0,12525550,125.0,12665,0,0,0,439.7830717046745
4,z,10,0.1,m1,na,13000000,0.9655982307692308,0.0023764647234047883,0.004371666027840465,0.0004722065994817795,13,6.74622228399074e-05,0.00012410127735003264,0.965142576923077,0.0024157754314671075,0.0044439807082453054,1,1,40,24,32,1.0,0.0,12552777,114.0,11619,0,0,0,395.757575913216
4,z,10,0.3,m1,init,13000000,0.891552,0.008080070926507697,0.01486383165046394,0.0016754186055186542,13,0.00012678933668392858,0.0002332374768346795,0.8900594615384615,0.008109008333513131,0.014917063948799176,1,1,40,24,32,1.0,0.0,11590176,841.0,37124,0,0,0,749.6848725590389
4,z,10,0.3,m1,na,13000000,0.8893221538461538,0.010285946260976916,0.018921687071744575,0.002054172000888068,13,0.00023569671524295333,0.000433579894013726,0.8874976153846154,0.010329986708844533,0.019002702425306356,1,1,40,24,32,1.0,0.0,11561188,1184.0,45070,0,0,0,804.1460086451843
4,z,10,0.5,m1,init,13000000,0.8406711538461539,0.008089809639462507,0.014881746665216796,0.0034249847446564904,13,0.000357257086205452,0.0006571983381819468,0.8377968461538461,0.008222720673756517,0.015126245414819859,1,1,40,24,32,1.0,0.0,10928725,2294.0,70144,0,0,0,1019.913028780371
4,z,10,0.5,m1,na,13000000,0.8391943076923076,0.009619887426756934,0.017696427235389518,0.0032401594899174276,13,0.00036070965481672576,0.000663549569386031,0.8364788076923078,0.00968788777596867,0.01782151843224277,1,1,40,24,32,1.0,0.0,10909526,2317.0,65969,0,0,0,991.3582390910015
4,z,10,0.8,m1,init,13000000,0.720780923076923,0.08474828261585414,0.15590014208110994,0.007498342567792332,13,0.0020615693371519726,0.003792394873992728,0.7159018461538462,0.08464776769128309,0.15571523814514548,1,1,40,24,32,1.0,0.0,9370152,5062.0,116732,0,0,0,1244.6794456928037
4,z,10,0.8,m1,na,13000000,0.753773923076923,0.013442002416986083,0.024727463754772548,0.007388803421005758,13,0.0009455042415951325,0.001739318379714256,0.7482216538461538,0.013673122246962908,0.02515262416179192,1,1,40,24,32,1.0,0.0,9799061,6316.0,131727,0,0,0,1270.4610775774345
4,z,10,1.0,m1,init,13000000,0.7071388461538461,0.023816545405791457,0.0438121304413252,0.010667741987850877,13,0.001351796999495992,0.0024867211202556977,0.6996677307692308,0.02422047698643628,0.044555189638158944,1,1,40,24,32,1.0,0.0,9192805,8900.0,176449,0,0,0,1266.1347406150308
4,z,10,1.0,m1,na,13000000,0.7043606153846154,0.019065931708963726,0.03507305836283851,0.010179381797441843,13,0.001256063763320007,0.0023106134203584434,0.697225923076923,0.019289007752760493,0.03548342168642876,1,1,40,24,32,1.0,0.0,9156688,8760.0,167982,0,0,0,1423.0733814511914
4,z,11,0.1,m1,init,13000000,0.9349029230769231,0.004142331473577152,0.0076200961877299625,0.0003360354432080437,13,5.4755695612133324e-05,0.00010072676946594145,0.9345886923076924,0.004136269759121094,0.0076089452579909105,0,2,56,24,48,1.0,0.0,12153738,69.0,8032,0,0,0,1680.4856401290745
4,z,11,0.1,m1,na,13000000,0.934436076923077,0.0023076232846501623,0.00424502759043918,0.00032114002174602504,13,4.777333683269115e-05,8.78822528317757e-05,0.934136076923077,0.002318331287661844,0.004264725679172058,0,2,56,24,48,1.0,0.0,12147669,48.0,7704,0,0,0,1649.4609076350462
4,z,11,0.3,m1,init,13000000,0.8105613076923077,0.009128418030705649,0.016792336364071035,0.001258749640581263,13,0.00024171385338956725,0.00044464882264595403,0.8095416153846154,0.009136994885299926,0.01680811406255158,0,2,56,24,48,1.0,0.0,10537297,353.0,25806,0,0,0,2491.737243517884
4,z,11,0.3,m1,na,13000000,0.8173364615384616,0.011460501647579181,0.021082360373921562,0.0012423382931463596,13,0.0002525529186404502,0.00046458800914603483,0.8163244615384616,0.011524252058801941,0.021199633525194817,0,2,56,24,48,1.0,0.0,10625374,423.0,25466,0,0,0,2541.3068896298064
4,z,11,0.5,m1,init,13000000,0.6942732307692308,0.029073568831789603,0.05348277713456586,0.0030498767966512727,13,0.0007508449497792662,0.001381229574669555,0.6921613076923077,0.029030967053461604,0.053404408309980375,0,2,56,24,48,1.0,0.0,9025552,1115.0,52680,0,0,0,2631.2811043190304
4,z,11,0.5,m1,na,13000000,0.714244923076923,0.016372854973397924,0.030118963332817245,0.0023574295552796364,13,0.000401339766340067,0.0007382913808274735,0.7125698461538461,0.01645467875096375,0.030269483651983443,0,2,56,24,48,1.0,0.0,9285184,964.0,41624,0,0,0,2768.7099979527993
4,z,11,0.8,m1,init,13000000,0.5859509230769231,0.016554935272155385,0.030453912237624302,0.0061886898786953455,13,0.0011945916172550535,0.0021975312904349733,0.5823330384615384,0.01656410125614939,0.030470773679093927,0,2,56,24,48,1.0,0.0,7617362,2768.0,88529,0,0,0,2751.0874012249988
4,z,11,0.8,m1,na,13000000,0.5741008461538462,0.01083151868537193,0.019925304087374893,0.004376569216298148,13,0.0004059551928931428,0.0007467817671005616,0.5715929230769231,0.010862600120018166,0.01998248046815652,0,2,56,24,48,1.0,0.0,7463311,1869.0,61468,0,0,0,2322.3349713491043
4,z,11,1.0,m1,init,13000000,0.515839076923077,0.03018138163226348,0.05552067297932296,0.00885759840774354,13,0.0013862422448770425,0.0025500854561829,0.5112410384615385,0.029801699122493093,0.054822221572499504,0,2,56,24,48,1.0,0.0,6705908,3843.0,111863,0,0,0,2648.6248100339435
4,z,11,1.0,m1,na,13000000,0.5000558461538461,0.020441336471604947,0.037603207544583565,0.00786202395738905,13,0.0010273497553937082,0.0018898786841364294,0.49613057692307694,0.020358249623799608,0.03745036372311477,0,2,56,24,48,1.0,0.0,6500726,3631.0,94795,0,0,0,2550.1763336478034
4,z,12,0.1,m1,init,13000000,0.9789203846153847,0.005076795746715017,0.009339105806040044,3.892651569147311e-08,13,7.62959707552873e-08,1.4035154830075987e-07,0.9789203461538462,0.005076773592921695,0.009339065052653426,2,0,24,8,16,1.0,0.0,12725965,0.0,1,0,0,0,31.758672783966176
4,z,12,0.1,m1,na,13000000,0.9824416153846154,0.0035935613499755146,0.006610596790235873,0.0,13,0.0,0.0,0.9824416153846154,0.0035935613499755146,0.006610596790235873,2,0,24,8,16,1.0,0.0,12771741,0.0,0,0,0,0,29.492738272994757
4,z,12,0.3,m1,init,13000000,0.9327236923076924,0.012550132824527417,0.023086809904447607,3.2392878907317514e-07,13,3.3852165424498084e-07,6.227332562424338e-07,0.9327233846153846,0.012549994776247844,0.023086555955391233,2,0,24,8,16,1.0,0.0,12125408,0.0,8,0,0,0,43.514977922081016
4,z,12,0.3,m1,na,13000000,0.9465378461538462,0.009826231205482714,0.018076010436700127,4.887480447336167e-07,13,3.4351366921072793e-07,6.319164021234974e-07,0.9465373846153846,0.009826261150204452,0.018076065522021383,2,0,24,8,16,1.0,0.0,12304992,0.0,12,0,0,0,43.64261464611627
4,z,12,0.5,m1,init,13000000,0.9174974615384616,0.012364165388710865,0.022744710350670494,1.6687580385332518e-06,13,8.90660239558918e-07,1.6384291646666933e-06,0.917495923076923,0.01236397362706243,0.022744357592274524,2,0,24,8,16,1.0,0.0,11927467,0.0,40,0,0,0,61.411069156834856
4,z,12,0.5,m1,na,13000000,0.9103593846153846,0.017317920886234715,0.031857475377422464,2.424624965853465e-06,13,1.4671812837961516e-06,2.698978239351075e-06,0.9103571538461538,0.017317488210702447,0.03185667944180143,2,0,24,8,16,1.0,0.0,11834672,1.0,56,0,0,0,65.42249894118868
4,z,12,0.8,m1,init,13000000,0.8917493076923078,0.01629451936466762,0.029974859733852045,8.60274384989238e-06,13,3.127816203368963e-06,5.753827398711171e-06,0.8917416538461538,0.016294642783500794,0.02997508677106192,2,0,24,8,16,1.0,0.0,11592741,5.0,189,0,0,0,115.62805090437178
4,z,12,0.8,m1,na,13000000,0.8674253846153847,0.02356867693635155,0.04335615979023522,1.3758290174371774e-05,13,7.368442556571495e-06,1.3554743601035455e-05,0.8674132307692308,0.023565812343088084,0.04335089017906442,2,0,24,8,16,1.0,0.0,11276530,12.0,292,0,0,0,113.02617679105606
4,z,12,1.0,m1,init,13000000,0.8468067692307693,0.026126496643641348,0.04806144045759525,1.2813154375069528e-05,13,3.3521551141156546e-06,6.1665138506392e-06,0.8467958076923078,0.026125127441392407,0.04805892171835288,2,0,24,8,16,1.0,0.0,11008488,5.0,275,0,0,0,121.51067585404962
4,z,12,1.0,m1,na,13000000,0.8155693846153846,0.033065111847501306,0.06082548785465194,1.8156304761864603e-05,13,6.939269986454857e-06,1.2765251913495554e-05,0.8155546538461539,0.033065280258299565,0.06082579765759502,2,0,24,8,16,1.0,0.0,10602402,13.0,357,0,0,0,147.45641669933684
4,z,13,0.1,m1,init,13000000,0.9373707692307692,0.002690795761323521,0.004949899025129141,3.6729403504541486e-05,13,7.571942182836261e-06,1.392909479340044e-05,0.9373363461538461,0.002691389185407899,0.004950990668478284,0,2,56,24,48,1.0,0.0,12185820,0.0,895,0,0,0,402.75208154297434
4,z,13,0.1,m1,na,13000000,0.9366086153846154,0.0034925496227955,0.00642477895259775,2.7252789732603496e-05,13,4.4782615702708965e-06,8.238062100281428e-06,0.9365831153846155,0.0034946161380383423,0.0064285804457965235,0,2,56,24,48,1.0,0.0,12175912,4.0,655,0,0,0,407.42956256400794
4,z,13,0.3,m1,init,13000000,0.8198870769230768,0.009893586471986264,0.018199914960705787,0.00028825778542339504,13,5.2617576166937526e-05,9.679355554108428e-05,0.8196507307692307,0.009890458059679261,0.01819416003673452,0,2,56,24,48,1.0,0.0,10658532,44.0,6057,0,0,0,798.4606514959596
4,z,13,0.3,m1,na,13000000,0.8177903076923076,0.00820094711023745,0.015086191486392526,0.00021505298870515174,13,3.0669541126153544e-05,5.641867506392764e-05,0.8176144615384615,0.008199836593385966,0.015084148616264824,0,2,56,24,48,1.0,0.0,10631274,38.0,4496,0,0,0,810.252042528009
4,z,13,0.5,m1,init,13000000,0.7168222307692308,0.015059929330111974,0.02770374867580753,0.0009192149436198134,13,0.0003157809905901421,0.0005809002823416166,0.7161691923076923,0.015127054582944385,0.027827230074259444,0,2,56,24,48,1.0,0.0,9318689,161.0,16657,0,0,0,1038.0919483840698
4,z,13,0.5,m1,na,13000000,0.7170845384615384,0.016751778949741926,0.03081601936659837,0.0007643206623254505,13,0.0001365850850642972,0.00025125741207292565,0.7165349615384616,0.016720124404073326,0.030757788709705688,0,2,56,24,48,1.0,0.0,9322099,198.0,13893,0,0,0,1113.5383170120185
4,z,13,0.8,m1,init,13000000,0.5768565384615385,0.011016860488411353,0.020266252747755297,0.002068835524790938,13,0.000501022523410401,0.0009216644889380397,0.575669,0.011097667844684467,0.020414903291876417,0,2,56,24,48,1.0,0.0,7499135,505.0,29866,0,0,0,1622.8369711791165
4,z,13,0.8,m1,na,13000000,0.5723612307692307,0.012118984751661448,0.022293684147286514,0.0018577381507965918,13,0.0002367963961124124,0.0004356028306267268,0.5713028076923077,0.012169014518425092,0.022385717254105812,0,2,56,24,48,1.0,0.0,7440696,492.0,26535,0,0,0,1421.4846846718574
4,z,13,1.0,m1,init,13000000,0.5011163846153847,0.011220494206196946,0.02064085061045393,0.0033723526446341992,13,0.0006417750438337751,0.0011805881774774618,0.4994355,0.011316212907370261,0.02081693157224026,0,2,56,24,48,1.0,0.0,6514513,755.0,42193,0,0,0,1679.5329605774023
4,z,13,1.0,m1,na,13000000,0.5123215384615385,0.027313440267776327,0.050244902752444094,0.0028420903116961275,13,0.000523916699301319,0.0009637798588789561,0.5108766538461539,0.027304972699070902,0.05022932609267576,0,2,56,24,48,1.0,0.0,6660180,735.0,36097,0,0,0,1628.9660368396435
4,z,14,0.1,m1,init,13000000,0.9674650769230768,0.0022735836174510105,0.004182409342742103,3.963803497771193e-08,13,7.769054855631538e-08,1.4291696757077545e-07,0.9674650384615385,0.002273568162941068,0.004182380913135963,1,1,40,8,32,1.0,0.0,12577046,0.0,1,0,0,0,42.74659017799422
4,z,14,0.1,m1,na,13000000,0.9655961538461538,0.0027448471101697933,0.005049330101544052,0.0,13,0.0,0.0,0.9655961538461538,0.0027448471101697933,0.005049330101544052,1,1,40,8,32,1.0,0.0,12552750,0.0,0,0,0,0,48.10438254510518
4,z,14,0.3,m1,init,13000000,0.9000604615384616,0.012680381269102092,0.023326410641928943,4.2272952395413755e-08,13,8.285498669501097e-08,1.5241729742691257e-07,0.9000604230769231,0.012680371775201477,0.023326393177262882,1,1,40,8,32,1.0,0.0,11700786,0.0,1,0,0,0,82.92770970705897
4,z,14,0.3,m1,na,13000000,0.9003537692307693,0.008538247768467561,0.01570667863868662,8.626927694148581e-08,13,1.1452227356885005e-07,2.1067139262000163e-07,0.9003536923076924,0.008538270959881349,0.01570672130084558,1,1,40,8,32,1.0,0.0,11704599,0.0,2,0,0,0,80.44928842701484
4,z,14,0.5,m1,init,13000000,0.8466510769230768,0.00784010402210576,0.014422396457486622,6.349335406586422e-07,13,5.600212159354764e-07,1.03019653540972e-06,0.8466505384615384,0.007840071869840697,0.014422337311241566,1,1,40,8,32,1.0,0.0,11006464,0.0,14,0,0,0,114.77776939608157
4,z,14,0.5,m1,na,13000000,0.8278241538461538,0.016453998933988193,0.030268233083124613,6.206412382578173e-07,13,5.659453529065346e-07,1.0410943821505476e-06,0.8278236538461539,0.016454213801943222,0.030268628347119162,1,1,40,8,32,1.0,0.0,10761714,0.0,13,0,0,0,133.99076885473914
4,z,14,0.8,m1,init,13000000,0.7562860769230769,0.020448817365849543,0.037616969150596424,2.6387811130696676e-06,13,9.691721224758248e-07,1.7828570318045161e-06,0.7562840769230769,0.020448720895566864,0.03761679168705012,1,1,40,8,32,1.0,0.0,9831719,0.0,52,0,0,0,217.04613984399475
4,z,14,0.8,m1,na,13000000,0.7412973846153845,0.02176355692062135,0.040035520619275226,1.993837511231652e-06,13,9.015401200105652e-07,1.658443433462271e-06,0.741295923076923,0.021763703566885038,0.040035790384899246,1,1,40,8,32,1.0,0.0,9636866,0.0,38,0,0,0,224.87152400112245
4,z,14,1.0,m1,init,13000000,0.7263337692307693,0.021447461614056064,0.0394540421316453,4.495704092484564e-06,13,1.4972101961174248e-06,2.7542184348208524e-06,0.7263305384615385,0.0214476925697751,0.039454466990159254,1,1,40,8,32,1.0,0.0,9442339,3.0,78,0,0,0,293.2060263667954
4,z,14,1.0,m1,na,13000000,0.7201161538461538,0.01899219854780466,0.03493742127444001,4.073151703347426e-06,13,1.4287236133129162e-06,2.628232778707094e-06,0.7201132692307692,0.01899267427491191,0.034938296406316696,1,1,40,8,32,1.0,0.0,9361510,1.0,73,0,0,0,266.6759552360745
4,z,15,0.1,m1,init,13000000,0.9402899230769232,0.004576541620735165,0.008418854835640666,0.0,13,0.0,0.0,0.9402899230769232,0.004576541620735165,0.008418854835640666,0,2,56,8,48,1.0,0.0,12223769,0.0,0,0,0,0,63.5911683262093
4,z,15,0.1,m1,na,13000000,0.9389062307692307,0.0026480098760772865,0.004871191523536582,0.0,13,0.0,0.0,0.9389062307692307,0.0026480098760772865,0.004871191523536582,0,2,56,8,48,1.0,0.0,12205781,0.0,0,0,0,0,48.02535181865096
4,z,15,0.3,m1,init,13000000,0.8175343076923076,0.01508295961416091,0.027746114425821276,4.6083798779701014e-08,13,9.032424560821398e-08,1.661574994683768e-07,0.8175342692307692,0.015082945682938706,0.02774608879840496,0,2,56,8,48,1.0,0.0,10627946,0.0,1,0,0,0,112.345029725926
4,z,15,0.3,m1,na,13000000,0.8287004615384616,0.00741852110171464,0.013646866438950887,0.0,13,0.0,0.0,0.8287004615384616,0.00741852110171464,0.013646866438950887,0,2,56,8,48,1.0,0.0,10773106,0.0,0,0,0,0,97.18606685299892
4,z,15,0.5,m1,init,13000000,0.7251170769230769,0.014196285060786894,0.026115017197842122,3.156386456118884e-07,13,3.270656433966859e-07,6.01659156994577e-07,0.7251168461538462,0.014196250198337486,0.026114953066031444,0,2,56,8,48,1.0,0.0,9426522,0.0,6,0,0,0,184.667424181127
4,z,15,0.5,m1,na,13000000,0.731864076923077,0.013651481940542833,0.025112815368723382,2.1328646096616696e-07,13,1.8128980404095688e-07,3.334947368308616e-07,0.7318639230769232,0.01365151476120575,0.025112875744531055,0,2,56,8,48,1.0,0.0,9514233,0.0,4,0,0,0,181.37492282222956
4,z,15,0.8,m1,init,13000000,0.5918321538461538,0.011978692777497644,0.02203560766443771,2.9451529591788086e-06,13,9.316863047663472e-07,1.7138993594299153e-06,0.5918304230769231,0.01197885204774682,0.022035900652728552,0,2,56,8,48,1.0,0.0,7693818,2.0,41,0,0,0,354.9187488598982
4,z,15,0.8,m1,na,13000000,0.591317,0.022939949655454997,0.04219957384658442,1.7447778201709188e-06,13,8.602770149927204e-07,1.5825371880915085e-06,0.5913159615384616,0.022939836851583583,0.04219936633630766,0,2,56,8,48,1.0,0.0,7687121,0.0,27,0,0,0,288.8552583596902
4,z,15,1.0,m1,init,13000000,0.4861480769230769,0.07671241035176234,0.14111761683046614,9.597873114483212e-05,13,0.00017982445378524284,0.00033079912689030485,0.48614030769230765,0.0767223391503565,0.141135881520484,0,2,56,8,48,1.0,0.0,6319925,3.0,196,0,0,0,465.89671336172614
4,z,15,1.0,m1,na,13000000,0.5406747692307692,0.017841749474126256,0.032821093149461675,5.042063297968312e-06,13,2.2067107993780675e-06,4.059392314937628e-06,0.5406720384615384,0.01784161375596462,0.032820843486813314,0,2,56,8,48,1.0,0.0,7028772,0.0,71,0,0,0,482.18749848217703
4,x,2,0.1,m2,8550000,0.9583187801809887,0.000799721997321245,0.005335572503953795,0.0,171,0.0,0.0,0.9355577777777777,0.0010631083427603148,0.00709282933488859,0,2,56,56,48,0.9890352496626181,0.0002549471647870251,7999019,0.0,0,203122,0,0,100.10176869196584
4,x,2,0.3,m2,8550000,0.8826733027520975,0.0022414959514459407,0.014954777042921032,7.526710791256009e-08,171,1.4752353150861778e-07,9.842451514902602e-07,0.8208503508771929,0.0026759394377451227,0.01785329018596843,0,2,56,56,48,0.9676545748987855,0.0006391684199369925,7018271,0.0,1,599199,0,0,228.5324107350025
4,x,2,0.5,m2,8550000,0.8091084931044297,0.0034659021385224625,0.02312375077044019,4.166180331484464e-07,171,3.617117995171341e-07,2.413263031808314e-06,0.7173009941520467,0.004038043601234963,0.02694095508274631,0,2,56,56,48,0.9475663157894737,0.001040084889324285,6132926,0.0,5,971334,0,0,328.22341991608846
4,x,2,0.8,m2,8550000,0.7130482751841629,0.004918695246923767,0.03281647272767532,1.9294918952772947e-06,171,1.0304596956343016e-06,6.875004610196329e-06,0.587104619883041,0.005361907181526864,0.035773487064674384,0,2,56,56,48,0.9183395951417005,0.001696637797219572,5019754,1.0,17,1512759,0,0,459.2128273859562
4,x,2,1.0,m2,8550000,0.6563009679657366,0.005542758389672304,0.03698008727914869,4.839733669321081e-06,171,1.5101387473826243e-06,1.0075319679437689e-05,0.5176929824561403,0.005617417322105074,0.03747819555727177,0,2,56,56,48,0.9022971659919028,0.0016348887692713375,4426296,1.0,40,1809945,0,0,566.9042028450349
4,x,3,0.1,m2,8600000,0.9833330634237484,0.0004131871412552181,0.002764744161033857,0.0,172,0.0,0.0,0.9639640697674419,0.00076123963883958,0.005093655238726943,1,1,40,40,32,0.9934328682170542,0.0001666454116614788,8290091,0.0,0,169432,0,0,180.93023943340813
4,x,3,0.3,m2,8600000,0.9510369675781714,0.0011616409943793304,0.007772846334644394,0.0,172,0.0,0.0,0.8966602325581395,0.002068977821611934,0.013844076401392374,1,1,40,40,32,0.9809303488372093,0.0004760531084963132,7711278,0.0,0,491997,0,0,366.43931263993727
4,x,3,0.5,m2,8600000,0.9190705086330229,0.0019736517827917428,0.01320622472860806,1.1965474869177432e-06,172,6.403232826124176e-07,4.284572001438964e-06,0.832345523255814,0.0032792681008295805,0.021942447934586273,1,1,40,40,32,0.9685091472868217,0.0007027928111873412,7158180,2.0,13,812464,0,0,501.38086078237393
4,x,3,0.8,m2,8600000,0.8729903293511101,0.003116637334708893,0.020854242576426534,3.6491510009522707e-06,172,1.1620898233040847e-06,7.775849567381134e-06,0.7471908720930233,0.004631649916823916,0.030991591424144187,1,1,40,40,32,0.9518993798449613,0.0011283591927828637,6425865,2.0,43,1240996,0,0,722.3932878208434
4,x,3,1.0,m2,8600000,0.8456203294076259,0.0036124269784937424,0.024171701872451774,6.088079555745125e-06,172,1.5730844045959747e-06,1.0525922731302367e-05,0.695495465116279,0.005347118871440016,0.03577898294041122,1,1,40,40,32,0.9407131007751938,0.0013396572828710423,5981297,2.0,68,1529602,0,0,765.0898337334365
5,x,2,0.1,m2,8350000,0.8051859102052907,0.002911215552328632,0.01919448777011231,0.0,167,0.0,0.0,0.7398631137724551,0.0034552781418425217,0.022781650085265105,0,3,144,144,128,0.9570037125748502,0.0010199889585757941,6177857,0.0,0,678147,0,0,1221.5487080786843
5,x,2,0.3,m2,8350000,0.5124066805613321,0.006470683996910769,0.042663094714377486,0.0,167,0.0,0.0,0.3996366467065869,0.006388749122374074,0.04212287434286213,0,3,144,144,128,0.8829161183515322,0.002721896148334245,3336966,0.0,0,1846673,0,0,1118.4931462351233
5,x,2,0.5,m2,8350000,0.33345027812254635,0.006418571695112692,0.042319503207133895,0.0,167,0.0,0.0,0.2213794011976048,0.005028801055655278,0.03315634264315956,0,3,144,144,128,0.8215269249735822,0.003153123465993439,1848518,0.0,0,2814917,0,0,956.0661072884686
5,x,2,0.8,m2,8350000,0.17003043613386198,0.005146235426885108,0.033930621483679896,0.0,167,0.0,0.0,0.08890826347305389,0.00334287138702445,0.022040519776687414,0,3,144,144,128,0.7457095808383234,0.0042522912070544205,742384,0.0,0,4010725,0,0,749.1807975973934
5,x,2,1.0,m2,8350000,0.1097125140329777,0.004256985310082818,0.028067537770115808,0.0,167,0.0,0.0,0.04875604790419162,0.0022774128378628,0.015015642805593142,0,3,144,144,128,0.7041394082423389,0.004348630370965759,407113,0.0,0,4666379,0,0,633.0590941137634
5,x,3,0.1,m2,8400000,0.8953642890096241,0.0025042188126515345,0.016560400792723886,0.0,168,0.0,0.0,0.8419058333333334,0.003100590356998088,0.020504206240498438,1,2,112,112,96,0.9724082417582418,0.0006150920492150311,7072009,0.0,0,502170,0,0,1782.5348916486837
5,x,3,0.3,m2,8400000,0.7159555702774891,0.006208483127125581,0.041056703344225766,0.0,168,0.0,0.0,0.5977184523809524,0.007365124788889968,0.04870557547776716,1,2,112,112,96,0.9233115384615386,0.001941422492105188,5020835,0.0,0,1395730,0,0,1810.5761655336246
5,x,3,0.5,m2,8400000,0.5742658238120406,0.008253273733918673,0.05457890508419117,0.0,168,0.0,0.0,0.4241575,0.008527097061419566,0.056389698944097816,1,2,112,112,96,0.8782326923076924,0.002660884120811311,3562923,0.0,0,2216165,0,0,1725.447533368133
5,x,3,0.8,m2,8400000,0.41174370382865,0.00910499704593338,0.060211351953534484,0.0,168,0.0,0.0,0.25511,0.007839100455380126,0.051839976898050595,1,2,112,112,96,0.8222883516483516,0.0034213272552046483,2142924,0.0,0,3234352,0,0,1532.4639939665794
5,x,3,1.0,m2,8400000,0.33767707172476263,0.00899853772428918,0.05950733638363198,0.0,168,0.0,0.0,0.18749869047619047,0.007010853120600662,0.046362776682894354,1,2,112,112,96,0.7920746703296703,0.004014558305596578,1574989,0.0,0,3784241,0,0,1440.8582368930802
5,x,5,0.1,m2,8400000,0.9534140006330398,0.0015876649441752344,0.010499229407297842,0.0,168,0.0,0.0,0.9035604761904762,0.0026263712414389562,0.017368194891348387,2,1,80,80,64,0.9825465476190477,0.00048509028106870366,7589908,0.0,0,439827,0,0,2529.1449748279992
5,x,5,0.3,m2,8400000,0.8694123826220848,0.003699896754011829,0.024467419871052647,0.0,168,0.0,0.0,0.7430783333333333,0.005554082554015531,0.036729151887883185,2,1,80,80,64,0.9514132142857143,0.0011229854574828198,6241858,0.0,0,1224387,0,0,2768.4446436120197
5,x,5,0.5,m2,8400000,0.7847613411027503,0.0061749420068715226,0.04083489589208223,0.0,168,0.0,0.0,0.6032911904761905,0.00805964910200181,0.05329846525533622,2,1,80,80,64,0.922493373015873,0.0018381664039652048,5067646,0.0,0,1953167,0,0,2588.109771906631
5,x,5,0.8,m2,8400000,0.6831220459531715,0.00816890783853228,0.05402099335787667,0.0,168,0.0,0.0,0.44995559523809525,0.008902689645462572,0.05887349297004443,2,1,80,80,64,0.8854337698412698,0.0023143326612220174,3779627,0.0,0,2887069,0,0,2251.641339965863
5,x,5,1.0,m2,8400000,0.6201739659326047,0.009356474407277495,0.06187437192332125,0.0,168,0.0,0.0,0.3729959523809524,0.008852709145076364,0.058542971885371275,2,1,80,80,64,0.866030119047619,0.002419052110831645,3133166,0.0,0,3376041,0,0,2112.151584581705
