n,lstate,i,p_error,sim_type,comp_type,decoder_type,shots,prep_rate,count_accept,LER,LER_error,N_samples,LER_undecided,prep_rate_SEM,prep_rate_SD,LER_SEM,LER_SD,LER_error_SEM,LER_error_SD,LER_undecided_SEM,LER_undecided_SD,eff,eff_SEM,eff_SD,skip,s_l,CNOT,hadamard,meas,cost,cost_SEM,count_accept,count_logerror,count_undecided,count_detect_discard,total_meta_shots,detect_normal,decoding_normal
5,x,2,0.5,m1,na,val,210000,0.3210857142857143,67428,0.0,0.0,21,0.0,0.007822787772484525,0.018290059751523122,0.0,0.0,0.0,0.0,0.0,0.0,0.3210857142857143,0.007822787772484525,0.018290059751523122,0,3,144,144,128,1.0,0.0,67428,0.0,0,0,0,0,155.71025388997077
5,x,2,0.5,normal,na,val,210000,0.28605238095238095,60071,0.0,0.0,21,0.0,0.00774546223568642,0.018109268871150462,0.0,0.0,0.0,0.0,0.0,0.0,0.28605238095238095,0.00774546223568642,0.018109268871150462,0,3,160,160,160,1.0,0.0,60071,0.0,0,0,0,0,160.15769346804154
5,x,3,0.5,m1,na,val,210000,0.4865333333333333,102172,0.0,0.0,21,0.0,0.014571612078894285,0.03406914048421729,0.0,0.0,0.0,0.0,0.0,0.0,0.4865333333333333,0.014571612078894285,0.03406914048421729,1,2,112,112,96,1.0,0.0,102172,0.0,0,0,0,0,191.8850773239974
5,x,3,0.5,normal,na,val,210000,0.45285238095238095,95099,0.0,0.0,21,0.0,0.014569084003845647,0.034063229721322946,0.0,0.0,0.0,0.0,0.0,0.0,0.45285238095238095,0.014569084003845647,0.034063229721322946,1,2,128,128,128,1.0,0.0,95099,0.0,0,0,0,0,216.0685836769917
5,x,4,0.5,m1,na,val,210000,0.29843333333333333,62671,7.72284262391301e-06,0.0,21,1.544568524782602e-05,0.007403056209731517,0.017308706864850792,1.51367715428695e-05,3.5390510904312744e-05,0.0,0.0,3.0273543085739e-05,7.078102180862549e-05,0.2984309523809524,0.007402448129579228,0.017307285143765862,0,3,144,112,128,1.0,0.0,62671,0.0,1,0,0,0,172.2599055469982
5,x,4,0.5,normal,na,val,210000,0.27538095238095234,57830,0.0,0.0,21,0.0,0.010588990592959166,0.024757577002760562,0.0,0.0,0.0,0.0,0.0,0.0,0.27538095238095234,0.010588990592959166,0.024757577002760562,0,3,160,128,160,1.0,0.0,57830,0.0,0,0,0,0,190.87325036800758
5,x,5,0.5,m1,na,val,210000,0.6718809523809524,141095,0.0,0.0,21,0.0,0.017589349009493722,0.0411247567658171,0.0,0.0,0.0,0.0,0.0,0.0,0.6718809523809524,0.017589349009493722,0.0411247567658171,2,1,80,80,64,1.0,0.0,141095,0.0,0,0,0,0,210.68490294898947
5,x,5,0.5,normal,na,val,210000,0.6325095238095239,132827,0.0,0.0,21,0.0,0.00728194239044623,0.01702553684210588,0.0,0.0,0.0,0.0,0.0,0.0,0.6325095238095239,0.00728194239044623,0.01702553684210588,2,1,96,96,96,1.0,0.0,132827,0.0,0,0,0,0,228.9562485679853
5,x,6,0.5,m1,na,val,210000,0.29023809523809524,60950,8.601706578585191e-06,0.0,21,1.7203413157170383e-05,0.007642665410560496,0.017868924875058277,1.6859344894026976e-05,3.941797150216625e-05,0.0,0.0,3.371868978805395e-05,7.88359430043325e-05,0.29023571428571426,0.007643470921860916,0.01787080819980691,0,3,144,112,128,1.0,0.0,60950,0.0,1,0,0,0,157.4260316959917
5,x,6,0.5,normal,na,val,210000,0.26563333333333333,55783,0.0,0.0,21,0.0,0.008897924412156154,0.02080378170750052,0.0,0.0,0.0,0.0,0.0,0.0,0.26563333333333333,0.008897924412156154,0.02080378170750052,0,3,160,128,160,1.0,0.0,55783,0.0,0,0,0,0,171.424572661992
5,x,7,0.5,m1,na,val,210000,0.4771714285714286,100206,5.240925337777638e-06,0.0,21,1.0481850675555276e-05,0.014073909705550905,0.032905488035541164,1.027221366204417e-05,2.401693707197803e-05,0.0,0.0,2.054442732408834e-05,4.803387414395606e-05,0.4771690476190476,0.014074653669313184,0.032907227459140626,1,2,112,80,96,1.0,0.0,100206,0.0,1,0,0,0,183.09040351099975
5,x,7,0.5,normal,na,val,210000,0.43040952380952385,90386,0.0,0.0,21,0.0,0.02080075778534149,0.04863318727743335,0.0,0.0,0.0,0.0,0.0,0.0,0.43040952380952385,0.02080075778534149,0.04863318727743335,1,2,128,96,128,1.0,0.0,90386,0.0,0,0,0,0,209.18176568998751
5,x,8,0.1,m1,na,val,5900000,0.791984406779661,4672708,6.741368773132125e-05,2.5769003874570476e-06,59,0.00012967357468772838,0.003038444664419115,0.01190751852767191,5.352384882898962e-06,2.0975738971548766e-05,1.7826996850709089e-06,6.986314339647509e-06,9.302815625213327e-06,3.6457287083067856e-05,0.7919310169491526,0.003038277748319174,0.011906864391502871,0,3,144,80,128,1.0,0.0,4672708,12.0,606,0,0,0,15726.392000649124
5,x,8,0.1,normal,na,val,5900000,0.7758874576271186,4577736,5.873320002733e-05,2.402674103166046e-06,59,0.00011266105184832792,0.0027456994629316486,0.01076026416052171,5.383901432036536e-06,2.1099250812056707e-05,1.6681125157375539e-06,6.537252733277509e-06,9.973982570260207e-06,3.9087558065749896e-05,0.7758418644067797,0.0027451185334062948,0.010757987525647486,0,3,160,96,160,1.0,0.0,4577736,11.0,516,0,0,0,15467.98742215312
5,x,8,0.15,m1,na,val,5900000,0.702521186440678,4144875,0.0001425687236355544,4.548471797648955e-06,59,0.0002760405036758109,0.003354500352592628,0.013146125571194189,1.1019615441730589e-05,4.3185343006834776e-05,2.4461676872452514e-06,9.586413535437474e-06,2.1584705126844116e-05,8.458942143064103e-05,0.7024211016949152,0.0033549563191975513,0.013147912482392443,0,3,144,80,128,1.0,0.0,4144875,19.0,1143,0,0,0,15009.087502268609
5,x,8,0.15,normal,na,val,5900000,0.6831866101694916,4030801,0.00015011173634048674,6.656736091194334e-06,59,0.00028691000049858476,0.002957388401849474,0.011589862932480623,9.776110750203702e-06,3.831210791817334e-05,3.243429136922537e-06,1.2710842818155966e-05,1.869592245386926e-05,7.326842105051996e-05,0.6830838983050848,0.002954546444959774,0.011578725440093408,0,3,160,96,160,1.0,0.0,4030801,27.0,1158,0,0,0,15008.768444059417
5,x,8,0.3,m1,na,val,5900000,0.49151457627118644,2899936,0.0005569131576721083,2.4653624189011156e-05,59,0.0010645190669661942,0.00447004087572673,0.017517875237442467,2.6819967654440193e-05,0.00010510616352391679,5.764064393204559e-06,2.258909117566533e-05,5.2913961500503964e-05,0.00020736727060330574,0.49124084745762714,0.004467483660916438,0.017507853635571828,0,3,144,80,128,1.0,0.0,2899936,71.0,3088,0,0,0,13431.659054466523
5,x,8,0.3,normal,na,val,5900000,0.46525762711864405,2745020,0.0005782814579479888,3.662994056555913e-05,59,0.0010833030347648595,0.0042060876319213025,0.016483455167905642,2.8680352479293582e-05,0.00011239692219066265,8.73206709798802e-06,3.422055105092554e-05,5.296954474614889e-05,0.000207585098670111,0.46498923728813557,0.0042085043098988644,0.016492926012686926,0,3,160,96,160,1.0,0.0,2745020,100.0,2967,0,0,0,13305.29287635535
5,x,8,0.5,m1,na,val,6110000,0.30496275,1901592,0.0017174408789963212,0.00010651528913848679,80,0.0032218511797156694,0.005198228896251252,0.02372161872371735,8.112114433237977e-05,0.00037018855742810815,3.0009068044246412e-05,0.00013694350222112582,0.0001677891075891803,0.0007656894907212919,0.304441375,0.0051963839166642364,0.023713199336424157,0,3,144,80,128,1.0,0.0,1901592,193.0,5895,0,0,0,12215.932176414004
5,x,8,0.5,normal,na,val,6110000,0.27607075000000003,1713602,0.0017669958299283105,0.0001696230883202958,80,0.0031947454832160294,0.004264002592993102,0.01945836664115907,8.699214096226276e-05,0.00039698028714257855,3.916678413934638e-05,0.00017873386080742676,0.00015535989963542788,0.0007089699929844113,0.275583125,0.004257483215178157,0.019428616086128007,0,3,160,96,160,1.0,0.0,1713602,289.0,5505,0,0,0,11989.885105903631
5,x,8,0.7,m1,na,val,5900000,0.1918093220338983,1131675,0.0033863610655849117,0.00027737214839719244,59,0.006217977834375439,0.004149940581210851,0.016263417576160767,0.00012933842678986877,0.0005068710749862326,4.2574698278775686e-05,0.00016684819523000345,0.0002428197620297009,0.0009515989707208696,0.191160593220339,0.004138380142966871,0.01621811277459891,0,3,144,80,128,1.0,0.0,1131675,309.0,7037,0,0,0,10734.918446241645
5,x,8,0.7,normal,na,val,5900000,0.17223372881355933,1016179,0.003721043797158235,0.00045288312038406904,59,0.006536321353548332,0.004262864645004846,0.01670596155189714,0.00028066563122036497,0.0010999151121536556,5.423368231404357e-05,0.00021253919300906772,0.0005181569632429415,0.0020306322219091994,0.171595,0.004253972416239878,0.016671113334975146,0,3,160,96,160,1.0,0.0,1016179,455.0,6627,0,0,0,10677.873282729182
5,x,8,0.9,m1,na,val,5900000,0.12646305084745763,746132,0.005653226036014206,0.0006212607262725655,59,0.010063930619483281,0.0030961601144482613,0.01213370260092584,0.00022394405006507135,0.0008776259632233661,6.72595856287771e-05,0.0002635870817121866,0.00040543265763313486,0.0015888710888907259,0.1257499152542373,0.0030842430398766462,0.012087000158745842,0,3,144,80,128,1.0,0.0,746132,456.0,7503,0,0,0,10058.493872624356
5,x,8,0.9,normal,na,val,5900000,0.10585084745762711,624520,0.006707736540328447,0.0010575467828013224,59,0.011300379515054249,0.003335004119065639,0.013069720769533331,0.0004180055316955623,0.0016381435777392474,0.00014475604874357968,0.0005672919940229634,0.0007026444904447622,0.0027536299694097396,0.10514830508474576,0.003324497229804296,0.013028544775771547,0,3,160,96,160,1.0,0.0,624520,639.0,7012,0,0,0,10049.73321794602
5,x,8,1.0,m1,na,val,5900000,0.09847593220338983,581008,0.007140992078393896,0.000817796388768699,59,0.012646391379250393,0.0035118487826369875,0.013762766501994716,0.0002766386320134045,0.0010841334959111992,0.0001291661010849641,0.000506195738835479,0.00046054968949732624,0.001804872086308467,0.0977778813559322,0.0034965881374897606,0.013702960767513922,0,3,144,80,128,1.0,0.0,581008,457.0,7323,0,0,0,9723.77851725649
5,x,8,1.0,normal,na,val,5900000,0.08280627118644068,488557,0.008287887505695982,0.0015377323821154593,59,0.013500310247161047,0.002839599928963752,0.011128255571432613,0.00035575894617080546,0.0013942022023704587,0.00017409086755649182,0.0006822537383032165,0.0005911433197863255,0.0023166622434477894,0.08212161016949153,0.0028185423250931922,0.011045731834478201,0,3,160,96,160,1.0,0.0,488557,730.0,6619,0,0,0,9428.738930543419
5,x,9,0.5,m1,na,val,210000,0.8192333333333334,172039,0.0,0.0,21,0.0,0.005467316579253282,0.01278285309832408,0.0,0.0,0.0,0.0,0.0,0.0,0.8192333333333334,0.005467316579253282,0.01278285309832408,3,0,48,48,32,1.0,0.0,172039,0.0,0,0,0,0,254.90900946801412
5,x,9,0.5,normal,na,val,210000,0.776947619047619,163159,0.0,0.0,21,0.0,0.007241178111636564,0.01693022796797548,0.0,0.0,0.0,0.0,0.0,0.0,0.776947619047619,0.007241178111636564,0.01693022796797548,3,0,64,64,64,1.0,0.0,163159,0.0,0,0,0,0,245.74597052998433
5,x,10,0.5,m1,na,val,210000,0.2929095238095238,61511,2.4942023312916606e-05,0.0,21,4.988404662583321e-05,0.00834369671335461,0.019507970288113137,3.5510857388504355e-05,8.302611835489953e-05,0.0,0.0,7.102171477700871e-05,0.00016605223670979906,0.29290238095238097,0.00834476234399625,0.0195104617845816,0,3,144,112,128,1.0,0.0,61511,0.0,3,0,0,0,157.54336583300028
5,x,10,0.5,normal,na,val,210000,0.26207142857142857,55035,1.889452289207853e-05,0.0,21,3.778904578415706e-05,0.00624225446453443,0.01459469570964544,2.554711393921376e-05,5.973039970107578e-05,0.0,0.0,5.109422787842752e-05,0.00011946079940215156,0.26206666666666667,0.006243667430106909,0.014597999292140463,0,3,160,128,160,1.0,0.0,55035,0.0,2,0,0,0,175.9000644650514
5,x,11,0.5,m1,na,val,210000,0.46949523809523813,98594,4.64618784008032e-05,0.0,21,9.29237568016064e-05,0.006169449822399974,0.01442447490172436,3.187605685243903e-05,7.452777723623349e-05,0.0,0.0,6.375211370487806e-05,0.00014905555447246698,0.4694738095238095,0.006174443017615252,0.014436149235925228,1,2,112,80,96,1.0,0.0,98594,0.0,9,0,0,0,219.6728112439887
5,x,11,0.5,normal,na,val,210000,0.4241190476190476,89065,3.17571901084874e-05,0.0,21,6.35143802169748e-05,0.01664100747484291,0.03890748795601713,2.6522924403889913e-05,6.201189221041685e-05,0.0,0.0,5.3045848807779825e-05,0.0001240237844208337,0.42410476190476193,0.016636655670870602,0.038897313225857585,1,2,128,96,128,1.0,0.0,89065,0.0,6,0,0,0,202.85145099101646
5,x,12,0.1,m1,na,val,5900000,0.7852637288135593,4633056,0.0005009538726037911,7.116569686358241e-06,59,0.0009876746058348658,0.0026758386281216604,0.010486482908356767,5.371159205492127e-05,0.00021049314638975093,2.845768037698359e-06,1.1152428092952623e-05,0.00010657498084048355,0.00041766222495513196,0.7848702542372881,0.00267301504536759,0.010475417423323509,0,3,144,80,128,1.0,0.0,4633056,33.0,4577,0,0,0,15733.932494360488
5,x,12,0.1,normal,na,val,5900000,0.7694937288135593,4540013,0.00043156712312589327,1.1263000134619057e-05,59,0.0008406082459825483,0.00283031500331831,0.01109186839431998,4.839106902188986e-05,0.00018964227247566612,3.466791625484941e-06,1.3586189669816406e-05,9.683167236787303e-05,0.0003794786675854562,0.7691616101694916,0.002828856812648111,0.011086153815204683,0,3,160,96,160,1.0,0.0,4540013,51.0,3817,0,0,0,15498.167822383344
5,x,12,0.15,m1,na,val,5900000,0.6944249152542372,4097107,0.0008283115694502056,2.1675886409563346e-05,59,0.0016132713660812845,0.00327645800421011,0.01284028136076967,7.6610514073442e-05,0.0003002329206210445,5.162524452169987e-06,2.0231685073496534e-05,0.00015140926759284613,0.0005933656387544338,0.6938505084745762,0.0032854245373594567,0.012875420773000908,0,3,144,80,128,1.0,0.0,4097107,89.0,6600,0,0,0,15125.58155430574
5,x,12,0.15,normal,na,val,5900000,0.6787803389830509,4004804,0.0008306625508639362,2.294262385446452e-05,59,0.0016154398540189434,0.0028422426824287533,0.011138612395177697,7.426530448831703e-05,0.0002910421570329611,5.593996389785436e-06,2.1922602848465688e-05,0.00014425343888395696,0.0005653222901525153,0.6782160169491525,0.0028326716172046556,0.011101103850816139,0,3,160,96,160,1.0,0.0,4004804,92.0,6475,0,0,0,14863.980815590825
5,x,12,0.3,m1,na,val,5900000,0.4828532203389831,2848834,0.0022258082054312307,8.595262987098375e-05,59,0.004279711151120494,0.0047082189153950715,0.01845128352143949,0.00018547492354454404,0.0007268673062859334,1.5382230309134244e-05,6.0282220883541895e-05,0.0003534754113695929,0.0013852531392947224,0.48177771186440677,0.004693877197992645,0.01839507902060134,0,3,144,80,128,1.0,0.0,2848834,245.0,12201,0,0,0,13335.855168469949
5,x,12,0.3,normal,na,val,5900000,0.45679237288135593,2695075,0.0022183665722557734,9.231796441570707e-05,59,0.0042520972156801316,0.005844057186325684,0.02290257908522781,0.00017667972312304268,0.0006923993387761032,1.521280858342845e-05,5.961826528762271e-05,0.0003330297479008755,0.001305127567348247,0.4557769491525424,0.005821181544308586,0.02281293054420261,0,3,160,96,160,1.0,0.0,2695075,251.0,11480,0,0,0,13095.040632018354
5,x,12,0.5,m1,na,val,6110000,0.2926355,1804504,0.00462153879021881,0.00025618517848255694,80,0.008730707223472505,0.004648056616198575,0.021210960320587068,0.00027840203130079564,0.0012704609531889862,4.9609922957012756e-05,0.0002263901226334855,0.0005134752539809656,0.0023431950462559363,0.2912909375,0.00464740170767303,0.021207971708378574,0,3,144,80,128,1.0,0.0,1804504,434.0,15416,0,0,0,11987.72155714759
5,x,12,0.5,normal,na,val,6110000,0.26922087499999997,1650838,0.005041427151150276,0.0003124071045945755,80,0.009458040093111401,0.004056578039067876,0.018511804594670545,0.0002914451293830637,0.0013299818796158201,5.547789818343958e-05,0.0002531680644632306,0.0005365029410779104,0.0024482796864872896,0.2678648125,0.004041920181259956,0.018444914867194965,0,3,160,96,160,1.0,0.0,1650838,506.0,15159,0,0,0,11597.600947862607
5,x,12,0.7,m1,na,val,5900000,0.18237508474576272,1076013,0.008762785020422803,0.0007061004967325821,59,0.016113369047380442,0.0038815851972198844,0.015211745730926146,0.0005518416963359494,0.0021626410710752436,9.008157078039819e-05,0.00035302534406182686,0.0009663996731318393,0.003787273846948082,0.18078525423728814,0.00387024299543657,0.015167296187559118,0,3,144,80,128,1.0,0.0,1076013,750.0,17260,0,0,0,10684.368461472448
5,x,12,0.7,normal,na,val,5900000,0.16777593220338985,989878,0.00869624430587208,0.0006558019592949622,59,0.016080884693154236,0.0036084912639233056,0.014141503738829346,0.00038670109377631466,0.0015154629908959588,6.54357435569116e-05,0.00025643953233713885,0.000689333823721995,0.002701466106604189,0.16631661016949154,0.003576716936766539,0.014016981678660171,0,3,160,96,160,1.0,0.0,989878,650.0,15920,0,0,0,10547.305514601758
5,x,12,0.9,m1,na,val,5900000,0.11580694915254237,683261,0.012494412362717816,0.0010886101652436242,59,0.022811604394948386,0.003310321543279346,0.012972990941958163,0.0005641863396387183,0.0022110191345517836,0.00010409347324408673,0.0004079373160151487,0.000996932201775247,0.0039069293584587895,0.11435661016949153,0.003259515148198293,0.012773883122804405,0,3,144,80,128,1.0,0.0,683261,743.0,15628,0,0,0,9991.124542980688
5,x,12,0.9,normal,na,val,5900000,0.09819135593220339,579329,0.014147921342173598,0.0012677496586335154,59,0.025760343367080163,0.0033518738927353353,0.013135832601314193,0.0007123283941658249,0.002791580722414745,0.00012861507050018737,0.0005040362764715997,0.0012682448745117564,0.004970190676077619,0.09680372881355932,0.003309397680563601,0.012969370368401702,0,3,160,96,160,1.0,0.0,579329,734.0,14906,0,0,0,9691.10102387378
5,x,12,1.0,m1,na,val,5900000,0.09133542372881356,538879,0.01569704357173153,0.0014332747042549356,59,0.028527537734953194,0.0032258072594845764,0.012641783527874307,0.0009345226401460495,0.0036623492875738637,0.00014764184733573123,0.0005786012999338358,0.00167109686283027,0.006548948246023112,0.0899034745762712,0.0031782010100824577,0.012455216925748257,0,3,144,80,128,1.0,0.0,538879,764.0,15369,0,0,0,9521.779819131829
5,x,12,1.0,normal,na,val,5900000,0.07630694915254238,450211,0.01654887126182823,0.001666952860702879,59,0.029763836802250695,0.0026163586771632418,0.010253383840812026,0.0007742267281810156,0.0030341573168642007,0.00015215248371526515,0.0005962782669985492,0.001348322180551495,0.005284009787704105,0.07504966101694915,0.002584154429277166,0.010127176941978639,0,3,160,96,160,1.0,0.0,450211,743.0,13350,0,0,0,9522.993341353489
5,x,13,0.5,m1,na,val,210000,0.6747190476190477,141691,5.260256214669703e-05,0.0,21,0.00010520512429339407,0.007418463069336607,0.017344728854831345,2.984118831649595e-05,6.977015524886455e-05,0.0,0.0,5.96823766329919e-05,0.0001395403104977291,0.6746833333333333,0.00741414909780242,0.017334642578759253,2,1,80,48,64,1.0,0.0,141691,0.0,15,0,0,0,227.46189340998535
5,x,13,0.5,normal,na,val,210000,0.6277333333333333,131824,7.293745195290545e-05,0.0,21,0.0001458749039058109,0.009326410565938241,0.021805603255432616,3.459253879511877e-05,8.087904464761644e-05,0.0,0.0,6.918507759023753e-05,0.00016175808929523288,0.6276880952380952,0.009332725713554669,0.021820368378890315,2,1,96,64,96,1.0,0.0,131824,0.0,19,0,0,0,242.19724815501104
5,x,14,0.5,m1,na,val,210000,0.2893142857142857,60756,0.009727872475004654,0.0010696585843670918,21,0.017316427781275127,0.0067991068825250895,0.015896643850646146,0.001126410821278763,0.0026336034959833195,0.00031407746151048744,0.0007343284395160144,0.0018762849720801301,0.004386845872380256,0.28649285714285716,0.006686554967495099,0.01563349197807616,0,3,144,80,128,1.0,0.0,60756,65.0,1055,0,0,0,185.11775919798674
5,x,14,0.5,normal,na,val,210000,0.26215238095238097,55052,0.009784828280893195,0.0006404969224422538,21,0.018288662716901882,0.006733929821764148,0.015744256700385047,0.0008951164782124743,0.002092826029189262,0.0002457695082875462,0.0005746211098162026,0.0015316992433548023,0.003581187614581616,0.2595952380952381,0.006735880148709428,0.015748816660005792,0,3,160,96,160,1.0,0.0,55052,35.0,1004,0,0,0,160.68891009399522
5,x,15,0.5,m1,na,val,210000,0.4854619047619047,101947,0.013604459072857214,0.001329200671114277,21,0.024550516803485876,0.011061065996447982,0.025861312344706643,0.0012084910592940516,0.00282551109994508,0.00023899623924073242,0.0005587848760869549,0.002274164738915433,0.005317108193305845,0.47888571428571425,0.011129117700878176,0.02602042055221793,1,2,112,48,96,1.0,0.0,101947,134.0,2494,0,0,0,230.54903094402835
5,x,15,0.5,normal,na,val,210000,0.45000476190476185,94501,0.015852064891465213,0.001977336205320457,21,0.02774945737228951,0.013570657038052526,0.03172885872814332,0.0010403961050539294,0.002432496889870847,0.0003021522852617985,0.0007064467952122864,0.0017591098422968209,0.004112884697993373,0.4429,0.01352385120691094,0.03161942440968841,1,2,128,64,128,1.0,0.0,94501,185.0,2614,0,0,0,211.9547305570013
5,x,16,0.5,m1,na,val,210000,0.3137190476190476,65881,0.15229062708516689,0.020425160686886875,21,0.26373093279656007,0.008029436886302246,0.018773215469056415,0.004477773590073623,0.010469253276217623,0.0023795854572560885,0.0055635869798429235,0.010735880505482995,0.02510101278998806,0.2658761904761905,0.006447287205570349,0.015074072268697163,0,3,144,48,128,1.0,0.0,65881,1335.0,17424,0,0,0,158.55696253399947
5,x,16,0.5,normal,na,val,210000,0.29496190476190476,61942,0.16740607945876373,0.029258724304282873,21,0.27629471030896174,0.008801131422215622,0.020577474971202773,0.003993699511789951,0.009337464446778385,0.0026011271540891862,0.0060815622835809985,0.0071437172999798204,0.016702359831899532,0.24564523809523808,0.007807941259455731,0.018255347879196287,0,3,160,64,160,1.0,0.0,61942,1800.0,17113,0,0,0,169.5802243050057
5,x,17,0.5,m1,na,val,210000,1.0,210000,0.0,0.0,21,0.0,0.0,0.0,0.0,0.0,0.0,0.0,0.0,0.0,1.0,0.0,0.0,4,-1,16,16,0,1.0,0.0,210000,0.0,0,0,0,0,234.1900470180044
5,x,17,0.5,normal,na,val,210000,1.0,210000,0.0,0.0,21,0.0,0.0,0.0,0.0,0.0,0.0,0.0,0.0,0.0,1.0,0.0,0.0,4,-1,32,32,32,1.0,0.0,210000,0.0,0,0,0,0,255.61807452499488
5,x,18,0.5,m1,na,val,210000,0.3154095238095238,66236,0.0001970853306327122,4.492073651223019e-05,21,0.0003043291882409641,0.006300575183619701,0.014731052398315087,9.806549465338381e-05,0.0002292819144451115,6.379675933716634e-05,0.00014915993814053344,0.00016037531711420323,0.0003749653215706036,0.31534761904761904,0.006302331000863449,0.014735157584756913,0,3,144,112,128,1.0,0.0,66236,3.0,20,0,0,0,157.99020165501133
5,x,18,0.5,normal,na,val,210000,0.2775809523809524,58292,7.720590993641047e-05,0.0,21,0.00015441181987282094,0.009957720604859551,0.02328163694948487,5.109876583918276e-05,0.0001194714093759585,0.0,0.0,0.00010219753167836552,0.000238942818751917,0.2775595238095238,0.009956763298270057,0.023279398719939136,0,3,160,128,160,1.0,0.0,58292,0.0,9,0,0,0,150.71708978098468
5,x,19,0.5,m1,na,val,210000,0.4943857142857143,103821,0.00010119971137066873,1.8903949034953402e-05,21,0.00016459152467143063,0.012081852374532645,0.02824796073549888,6.009274399776382e-05,0.00014049976943232445,3.705174010850867e-05,8.662877738626136e-05,9.198289759032139e-05,0.00021506050553521375,0.49433571428571427,0.012081318636638968,0.028246712830244262,1,2,112,80,96,1.0,0.0,103821,2.0,17,0,0,0,220.44036334702105
5,x,19,0.5,normal,na,val,210000,0.43920476190476193,92233,7.774936319181853e-05,1.0116644915880098e-05,21,0.00013526543655187687,0.011837209138043384,0.027675972904136113,3.618352721475948e-05,8.459885325108672e-05,1.982862403512499e-05,4.6360291106010706e-05,6.867086148391199e-05,0.0001605558269325787,0.43917142857142855,0.01184192298573167,0.02768699411018002,1,2,128,96,128,1.0,0.0,92233,1.0,12,0,0,0,207.18654440296814
5,x,20,0.5,m1,na,val,210000,0.2845142857142857,59748,0.009244871254834329,0.0007539425121926348,21,0.01698185748528339,0.006695580074447126,0.015654593118771435,0.0009652178523277461,0.0022567264644972472,0.00022035235173730418,0.0005151945568355767,0.001713878494539365,0.004007131598563061,0.2818785714285714,0.006599104110912832,0.015429027605689953,0,3,144,80,128,1.0,0.0,59748,45.0,1017,0,0,0,173.47767183498945
5,x,20,0.5,normal,na,val,210000,0.2609904761904762,54808,0.009121038520300828,0.0005889146971837896,21,0.017064247646234078,0.00656645139410253,0.015352683959552626,0.0008842616070365297,0.002067446810402139,0.0002455403698798743,0.0005740853730316219,0.0017364878096563408,0.004059993281182781,0.25861666666666666,0.006558920727612975,0.015335076893623109,0,3,160,96,160,1.0,0.0,54808,32.0,933,0,0,0,149.96010291702987
5,x,21,0.1,m1,na,val,5900000,0.9249227118644068,5457044,1.8333724018828578e-07,0.0,59,3.6667448037657156e-07,0.001860577724599049,0.007291514631572977,2.51892541723224e-07,9.871547580495703e-07,0.0,0.0,5.03785083446448e-07,1.9743095160991406e-06,0.9249225423728814,0.001860580410364367,0.0072915251569581055,2,1,80,48,64,1.0,0.0,5457044,0.0,2,0,0,0,16903.16927118064
5,x,21,0.1,normal,na,val,5900000,0.9116555932203391,5378768,7.421535023124925e-07,0.0,59,1.484307004624985e-06,0.0016953220308056508,0.00664388551438306,4.822657713163567e-07,1.8899763666781671e-06,0.0,0.0,9.645315426327134e-07,3.7799527333563342e-06,0.9116549152542374,0.0016952719093258895,0.0066436890907141085,2,1,96,64,96,1.0,0.0,5378768,0.0,8,0,0,0,17258.91948460322
5,x,21,0.15,m1,na,val,5900000,0.8880379661016948,5239424,1.431514546036795e-06,0.0,59,2.86302909207359e-06,0.002141062772833817,0.00839072204768992,7.813065190803768e-07,3.0619026769470716e-06,0.0,0.0,1.5626130381607537e-06,6.123805353894143e-06,0.8880366949152543,0.0021410613111589854,0.008390716319456544,2,1,80,48,64,1.0,0.0,5239424,0.0,15,0,0,0,17020.488767841132
5,x,21,0.15,normal,na,val,5900000,0.8708076271186441,5137765,2.3421332144474066e-06,0.0,59,4.684266428894813e-06,0.002057291577839658,0.008062426762882135,1.0587933967257566e-06,4.149360406699696e-06,0.0,0.0,2.117586793451513e-06,8.298720813399392e-06,0.870805593220339,0.0020574438671788924,0.008063023577479334,2,1,96,64,96,1.0,0.0,5137765,0.0,24,0,0,0,16820.781646515476
5,x,21,0.3,m1,na,val,5900000,0.790378813559322,4663235,8.028866444164842e-06,0.0,59,1.6057732888329684e-05,0.004197094207903268,0.016448210371653137,1.8847024677834382e-06,7.386058340006239e-06,0.0,0.0,3.7694049355668765e-06,1.4772116680012478e-05,0.7903724576271186,0.004196940072751501,0.016447606323405386,2,1,80,48,64,1.0,0.0,4663235,0.0,75,0,0,0,16306.153000677004
5,x,21,0.3,normal,na,val,5900000,0.7613137288135593,4491751,1.607424391103745e-05,2.219903063682247e-06,59,2.7708681694710415e-05,0.0029649245333279815,0.011619396669348747,2.662399025480247e-06,1.0433813751886287e-05,1.540427879836077e-06,6.0368627852556826e-06,4.931769580141102e-06,1.932736782651458e-05,0.7613015254237288,0.002965459679608441,0.011621493881887846,2,1,96,64,96,1.0,0.0,4491751,10.0,124,0,0,0,16326.088854110101
5,x,21,0.5,m1,na,val,6110000,0.679872,4158897,4.363699994895987e-05,1.2682674767466324e-06,80,8.473746494442646e-05,0.004475779095986632,0.020424788389589114,6.516679161970195e-06,2.9738239987187182e-05,1.1476281043501007e-06,5.237090722889893e-06,1.3036869808557349e-05,5.9492504297446744e-05,0.6798425,0.004476699226453189,0.020428987316673586,2,1,80,48,64,1.0,0.0,4158897,7.0,377,0,0,0,16117.782843947614
5,x,21,0.5,normal,na,val,6110000,0.634015,3884138,6.99499464190941e-05,4.33893610361382e-06,80,0.00013122202063096057,0.004706396887496092,0.0214771905500708,9.573220929608715e-06,4.368647502495677e-05,2.068485604577573e-06,9.439335555745315e-06,1.8041285631105908e-05,8.23296756584551e-05,0.6339708125,0.0047071081034390245,0.021480436115775044,2,1,96,64,96,1.0,0.0,3884138,22.0,528,0,0,0,16011.656239917073
5,x,21,0.7,m1,na,val,5900000,0.5812838983050848,3429575,0.00014431365684759094,1.2125556149314559e-05,59,0.00026437620139655273,0.006085075419352802,0.023847117950419165,1.9833196904012492e-05,7.772534493157979e-05,4.76445990317425e-06,1.8671689248039473e-05,3.4968862858192795e-05,0.00013704129196480004,0.5812006779661018,0.00608811315279292,0.023859022681693,2,1,80,48,64,1.0,0.0,3429575,41.0,900,0,0,0,15389.693429403938
5,x,21,0.7,normal,na,val,5900000,0.5333035593220339,3146491,0.0001966715730617748,1.8802615055541217e-05,59,0.00035573791601246717,0.007258661407466441,0.028446345002642256,1.852461810866488e-05,7.259708755931686e-05,5.5946482784264995e-06,2.192515756870211e-05,3.2845377490802236e-05,0.0001287194549237831,0.5331987288135593,0.007257448285600956,0.028441590836387805,2,1,96,64,96,1.0,0.0,3146491,59.0,1119,0,0,0,15087.036054511322
5,x,21,0.9,m1,na,val,5900000,0.5033291525423729,2969642,0.00030514940012209984,2.9563231340811106e-05,59,0.0005511723375625776,0.00916233508562273,0.035906750603815506,3.16692634326342e-05,0.0001241103204865862,6.932514060489667e-06,2.7168189233555893e-05,5.6828756236798496e-05,0.00022270916292089102,0.503176186440678,0.009161895142220957,0.03590502648677988,2,1,80,48,64,1.0,0.0,2969642,88.0,1629,0,0,0,15204.548883836716
5,x,21,0.9,normal,na,val,5900000,0.4459493220338983,2631101,0.0004484619353971933,4.909538015452273e-05,59,0.0007987331104853412,0.00595392564875677,0.023333148306160154,3.490807759650191e-05,0.0001368030774472643,1.02138831869401e-05,4.002771704622021e-05,5.873001209742249e-05,0.0002301600932114228,0.44574872881355937,0.005948247185466607,0.02331089468159094,2,1,96,64,96,1.0,0.0,2631101,130.0,2107,0,0,0,14728.609816974727
5,x,21,1.0,m1,na,val,5900000,0.460766779661017,2718524,0.0004225949234905724,3.7845582366342115e-05,59,0.0007694986822484605,0.008407710163562121,0.03294941182252901,4.253729831844317e-05,0.000166701626583943,9.1029695351633e-06,3.567409986632503e-05,7.525614009047404e-05,0.0002949251941106882,0.46057237288135594,0.00840524595407188,0.03293975470403522,2,1,80,48,64,1.0,0.0,2718524,102.0,2090,0,0,0,14712.326168776955
5,x,21,1.0,normal,na,val,5900000,0.4103001694915254,2420771,0.0006012219746785757,7.545441338710077e-05,59,0.0010515351225829498,0.006305238557272604,0.024709926700761053,4.6018254932650245e-05,0.00018034332816339795,1.3274718960367554e-05,5.202298525335614e-05,7.509625956288766e-05,0.0002942986300113836,0.4100541525423729,0.006304516293611856,0.024707096184206665,2,1,96,64,96,1.0,0.0,2420771,182.0,2539,0,0,0,14554.207134427736
5,x,22,0.5,m1,na,val,210000,0.28528571428571425,59910,0.010825339835805732,0.0005188606955385077,21,0.02061295828053445,0.007353120226588622,0.017191954098190406,0.0009761757178733828,0.002282346489149303,0.00016731024704710326,0.00039117952634444515,0.0018924320578126012,0.0044245985471873936,0.28218333333333334,0.007169540806619188,0.016762736451228152,0,3,144,80,128,1.0,0.0,59910,31.0,1241,0,0,0,165.31718576502317
5,x,22,0.5,normal,na,val,210000,0.25875238095238096,54338,0.011550567575181244,0.0007877460945445605,21,0.021525642961273368,0.006928387376904128,0.016198907958489644,0.0008822200399599765,0.0020626735268997744,0.00021632232463520833,0.0005057721567090065,0.0017258410457279643,0.004035100627301091,0.25575952380952377,0.006818070590554032,0.015940981925901078,0,3,160,96,160,1.0,0.0,54338,43.0,1171,0,0,0,141.2285989299926
5,x,23,0.5,m1,na,val,210000,0.46645238095238095,97955,0.014224099547411308,0.0012534364291065467,21,0.025941326236609524,0.010029905026691155,0.02345040765205627,0.001285799095032381,0.0030062610619855123,0.00022714210484236672,0.000531069331097827,0.002265483432841517,0.005296810875849314,0.4598333333333333,0.010045484486961185,0.0234868331908185,1,2,112,48,96,1.0,0.0,97955,122.0,2536,0,0,0,223.6358583359979
5,x,23,0.5,normal,na,val,210000,0.4291238095238095,90116,0.013311739753497991,0.0011005533536523574,21,0.024422372799691266,0.012145953692942815,0.028397832747621872,0.0007729723649170164,0.0018072471287455386,0.00025475154831127166,0.0005956215579304092,0.0013830444235813913,0.003233625388034843,0.42342142857142856,0.012045510831841057,0.028162992434348024,1,2,128,64,128,1.0,0.0,90116,100.0,2195,0,0,0,214.99797554998077
5,x,24,0.5,m1,na,val,210000,0.2936047619047619,61657,0.1438329580416726,0.010082758751914259,21,0.2675003985795167,0.008001088936999624,0.018706936579527822,0.003222013182663317,0.007533224132500116,0.001003114633925276,0.0023453309901431095,0.006666948847200785,0.01558765191157968,0.2513904761904762,0.007013820844906467,0.016398655577879086,0,3,144,48,128,1.0,0.0,61657,621.0,16488,0,0,0,175.4654640779845
5,x,24,0.5,normal,na,val,210000,0.2689142857142857,56472,0.1524141296377123,0.012312851078840184,21,0.2802025571177442,0.009215953761458088,0.02154734985361974,0.004941063080964096,0.01155244672554576,0.0012919740031564091,0.003020698298662939,0.00884436604938128,0.020678559640401658,0.22804761904761903,0.008533601336937287,0.01995197656994463,0,3,160,64,160,1.0,0.0,56472,689.0,15786,0,0,0,150.22554569401836
5,x,25,0.1,m1,na,val,5900000,0.9646984745762711,5691721,1.7637454777132807e-07,0.0,59,3.5274909554265614e-07,0.0007330177098671796,0.00287266115574422,2.4232622969170056e-07,9.496648412211416e-07,0.0,0.0,4.846524593834011e-07,1.8993296824422832e-06,0.9646983050847457,0.0007330747697369856,0.002872884770630105,3,0,48,16,32,1.0,0.0,5691721,0.0,2,0,0,0,16978.65588150383
5,x,25,0.1,normal,na,val,5900000,0.968998813559322,5717093,2.621521876954133e-07,0.0,59,5.243043753908266e-07,0.0006658430207615488,0.002609406779423755,2.91493865196957e-07,1.1423504404017304e-06,0.0,0.0,5.82987730393914e-07,2.284700880803461e-06,0.9689985593220339,0.0006658225654245433,0.002609326615941683,3,0,64,32,64,1.0,0.0,5717093,0.0,3,0,0,0,16995.900102908257
5,x,25,0.15,m1,na,val,5900000,0.9479494915254237,5592902,5.374009889073441e-07,0.0,59,1.0748019778146883e-06,0.0011983042794402733,0.004696096847283373,4.1106092967995544e-07,1.6109280163908709e-06,0.0,0.0,8.221218593599109e-07,3.2218560327817417e-06,0.9479489830508474,0.0011983538860308354,0.004696291253126313,3,0,48,16,32,1.0,0.0,5592902,0.0,6,0,0,0,17073.639780261088
5,x,25,0.15,normal,na,val,5900000,0.9539028813559323,5628027,7.988055072727664e-07,0.0,59,1.5976110145455327e-06,0.0009296305440401402,0.0036431773981850527,5.440394801399694e-07,2.1320645609947827e-06,0.0,0.0,1.0880789602799388e-06,4.264129121989565e-06,0.9539021186440678,0.0009295807897435164,0.00364298241348916,3,0,64,32,64,1.0,0.0,5628027,0.0,9,0,0,0,17060.2220709892
5,x,25,0.3,m1,na,val,5900000,0.897937627118644,5297832,3.4083969258547448e-06,0.0,59,6.8167938517094896e-06,0.001842016411328839,0.007218773737440155,1.298440502570957e-06,5.0885258903996346e-06,0.0,0.0,2.596881005141914e-06,1.0177051780799269e-05,0.8979345762711864,0.0018423236545228273,0.00721997780874274,3,0,48,16,32,1.0,0.0,5297832,0.0,36,0,0,0,16792.750858667074
5,x,25,0.3,normal,na,val,5900000,0.9090637288135593,5363476,8.976822630904073e-06,3.798104479200106e-07,59,1.7194024365968124e-05,0.0021984179021947033,0.008615494041571975,2.1692738984109348e-06,8.501280092215055e-06,5.218431761310331e-07,2.0450783129556804e-06,4.144996186859082e-06,1.624404073246134e-05,0.9090555932203389,0.0021990723472764184,0.008618058780376378,3,0,64,32,64,1.0,0.0,5363476,2.0,92,0,0,0,16851.525161964586
5,x,25,0.5,m1,na,val,6110000,0.833896875,5117703,2.8227401701075472e-05,8.930030884412762e-07,80,5.46687972252684e-05,0.0031348893484568203,0.014305766704264236,8.358526815424724e-06,3.814333500213168e-05,9.089831930769686e-07,4.148057571683507e-06,1.6718292304681756e-05,7.629232257342864e-05,0.8338734375,0.0031361009571460826,0.014311295764246522,3,0,48,16,32,1.0,0.0,5117703,6.0,228,0,0,0,16876.988395086744
5,x,25,0.5,normal,na,val,6110000,0.8523412499999999,5220852,5.580529151394087e-05,6.457914637298034e-06,80,9.869475375328565e-05,0.002540815315715793,0.011594766865741027,8.86122310561766e-06,4.0437341281536505e-05,5.961796208273674e-06,2.7206084876939654e-05,1.3169563624835082e-05,6.0098039794162824e-05,0.85229375,0.0025417714716601814,0.011599130191636421,3,0,64,32,64,1.0,0.0,5220852,26.0,492,0,0,0,16876.271765720674
5,x,25,0.7,m1,na,val,5900000,0.783888813559322,4624944,8.868628857000361e-05,6.924526769925966e-06,59,0.0001635235236001553,0.004178977936052689,0.016377213573442777,8.414663164345679e-06,3.2976660298245115e-05,2.4504264112408738e-06,9.603103269983557e-06,1.530052570900358e-05,5.9962024484626105e-05,0.7838193220338983,0.004178966224361532,0.016377167675888323,3,0,48,16,32,1.0,0.0,4624944,32.0,756,0,0,0,16530.923622097587
5,x,25,0.7,normal,na,val,5900000,0.8038523728813559,4742729,0.0001780583500929276,1.1395856743659205e-05,59,0.0003333249866985368,0.0040609430002848685,0.015914640336211684,1.3875995142506594e-05,5.437935769709693e-05,3.1831181274137814e-06,1.2474486872116251e-05,2.6362519557268576e-05,0.00010331344642878395,0.8037095762711863,0.004064567523659176,0.01592884466902016,3,0,64,32,64,1.0,0.0,4742729,54.0,1577,0,0,0,16589.261667778483
5,x,25,0.9,m1,na,val,5900000,0.730955593220339,4312638,0.00018893621264876734,1.3714828118730612e-05,59,0.00035044276906007345,0.0053696749916057,0.0210434980761268,1.8749866546747738e-05,7.347982535645677e-05,4.234867252569913e-06,1.6596241117278265e-05,3.31747006484151e-05,0.00013001005654203447,0.7308177118644068,0.005370729054194044,0.021047628896722945,3,0,48,16,32,1.0,0.0,4312638,59.0,1509,0,0,0,16261.065329131903
5,x,25,0.9,normal,na,val,5900000,0.7554089830508475,4456913,0.0004337197646875798,4.2777962597935606e-05,59,0.0007818836041792883,0.004751013118152763,0.018618991944166875,2.6164938123304573e-05,0.00010253913429033988,7.313351478922057e-06,2.8660672762750382e-05,4.403671036792045e-05,0.0001725777503023845,0.7550821186440677,0.004757222358129125,0.018643325657045406,3,0,64,32,64,1.0,0.0,4456913,190.0,3477,0,0,0,16502.78625871078
5,x,25,1.0,m1,na,val,5900000,0.7083354237288135,4179179,0.0002632444360713091,2.414663163175221e-05,59,0.00047819560887911374,0.0050441751485921045,0.019767879843935073,2.1094165632066146e-05,8.266702073958214e-05,5.449395946486948e-06,2.1355920664699308e-05,3.6219311779805003e-05,0.00014194174115723295,0.7081490677966101,0.005043955758931535,0.019767020066405277,3,0,48,16,32,1.0,0.0,4179179,101.0,1997,0,0,0,16070.352167108562
5,x,25,1.0,normal,na,val,5900000,0.7339244067796611,4330154,0.0006360912147169187,6.545345667978244e-05,59,0.0011412755160742725,0.005143170963878363,0.020155839683548765,3.0853835842542184e-05,0.00012091469897315254,7.6062898449332375e-06,2.9808684132380158e-05,5.488637724070672e-05,0.00021509707303998303,0.7334583898305085,0.005147722002791735,0.020173674986200717,3,0,64,32,64,1.0,0.0,4330154,283.0,4933,0,0,0,16398.981604051776
5,x,26,0.5,m1,na,val,210000,0.2874857142857143,60372,0.016134427384057966,0.0016446398099601068,21,0.028979575148195713,0.01061419766162285,0.024816512360005094,0.0014800125429848367,0.0034603415855673967,0.0003347320228261456,0.0007826198123094379,0.0028010303083783514,0.006548945618372089,0.2828904761904762,0.010640073172263013,0.024877010567226614,0,3,144,80,128,1.0,0.0,60372,99.0,1732,0,0,0,161.77091016298073
5,x,26,0.5,normal,na,val,200000,0.263395,52679,0.01626615349863926,0.0014065922221141263,20,0.02971912255305027,0.009587970570514526,0.02187689179789584,0.0009556157131157809,0.002180430300912065,0.0002761703713890727,0.0006301384936707445,0.0017856756304246164,0.00407437968917779,0.25912999999999997,0.009551319728487237,0.021793265497686017,0,3,160,96,160,1.0,0.0,52679,74.0,1558,0,0,0,143.21009745997435
5,x,27,0.5,m1,na,val,210000,0.47929047619047616,100651,0.01542587719541735,0.00150189969190238,21,0.027847955007029936,0.019225667611584035,0.04495054954905341,0.001682416309467256,0.003933571473756097,0.00033032115672810284,0.0007723069920162769,0.0028754555524318722,0.006722955472704141,0.4719452380952381,0.019173846904341107,0.04482939020542746,1,2,112,48,96,1.0,0.0,100651,150.0,2785,0,0,0,217.92922582200845
5,x,27,0.5,normal,na,val,210000,0.45070000000000005,94647,0.014958787409649984,0.0014709432366315923,21,0.02697568834603678,0.011430234246651873,0.02672444573793814,0.001134208042474753,0.0026518337798307366,0.0002593598693980384,0.0006063960376277407,0.0019162420657266614,0.004480267508189271,0.4440047619047619,0.011601310525587662,0.02712443043071091,1,2,128,64,128,1.0,0.0,94647,138.0,2536,0,0,0,199.8423469399786
5,x,28,0.5,m1,na,val,210000,0.2958047619047619,62119,0.14918641085194825,0.011469382505203633,21,0.27543405669348925,0.006347833912271005,0.014841545613259973,0.003939096892960795,0.0092098008580399,0.0014819210471792355,0.003464803761554628,0.006654456569834032,0.015558444357173797,0.2517214285714286,0.00590196065727314,0.013799072173778308,0,3,144,48,128,1.0,0.0,62119,713.0,17089,0,0,0,167.1395259290075
5,x,28,0.5,normal,na,val,210000,0.26942857142857146,56580,0.15343574909107444,0.013542160042953885,21,0.2797871780962411,0.006835103393512047,0.01598080545082576,0.00358515228571595,0.008382261085325146,0.0012264804986106316,0.002867571287382857,0.006923884149192901,0.0161883791922354,0.2281,0.005922461132558546,0.013847003285909914,0,3,160,64,160,1.0,0.0,56580,764.0,15830,0,0,0,172.49640259901207
5,x,29,0.5,m1,na,val,210000,0.687052380952381,144281,0.010700522133281569,0.0009068409083203778,21,0.01958736244992238,0.006926142719997725,0.01619365984104944,0.0007303948030841015,0.0017076987103751327,0.00014467137245852225,0.00033824873223690195,0.0013031327216046877,0.0030467879272078045,0.6797047619047619,0.006937989692827296,0.01622135864194107,2,1,80,16,64,1.0,0.0,144281,131.0,2824,0,0,0,249.92417069801013
5,x,29,0.5,normal,na,val,210000,0.6878,144438,0.01879071484420548,0.0020761620097457653,21,0.03342910566891943,0.00925747216757,0.021644421914202263,0.0011043216175323388,0.002581957859141844,0.00027885762525801385,0.0006519827427859582,0.0018167582917716358,0.004247669587490913,0.6748666666666667,0.008998145848512962,0.021038104318909845,2,1,96,32,96,1.0,0.0,144438,300.0,4832,0,0,0,255.15363883200916
5,x,30,0.5,m1,na,val,210000,0.2983571428571429,62655,0.1543042156467293,0.018310597087561102,21,0.2719872371183364,0.008770983798867716,0.020506988355889103,0.0034459830233403033,0.008056876555096794,0.001694404514567764,0.003961600482592696,0.005205785414945992,0.012171380467187297,0.25234999999999996,0.007681498621145919,0.017959718817398003,0,3,144,48,128,1.0,0.0,62655,1144.0,17035,0,0,0,146.96493793399713
5,x,30,0.5,normal,na,val,210000,0.2735142857142857,57438,0.1568152538680742,0.01977658710268531,21,0.2740773335307778,0.006261013293921891,0.014638554768633604,0.004389524471651612,0.010262922528675793,0.0019461476334325135,0.004550188185593706,0.006984187967974124,0.016329372464816957,0.23067380952380953,0.0058224805175953786,0.013613243726676775,0,3,160,64,160,1.0,0.0,57438,1130.0,15733,0,0,0,160.07989725298103
5,x,31,0.5,m1,na,val,210000,0.49235238095238093,103394,0.13999767592557322,0.020230137425423456,21,0.23953507700029952,0.010286898368528996,0.02405127063270503,0.009043954874004717,0.021145208057087462,0.0025290813644037033,0.005913115709735799,0.013265280930637089,0.031014874479336076,0.4235380952380952,0.010764248896746636,0.025167339473819567,1,2,112,16,96,1.0,0.0,103394,2085.0,24732,0,0,0,193.6525750509827
5,x,31,0.5,normal,na,val,210000,0.5006095238095238,105128,0.17122233808915144,0.030214415592948674,21,0.28201584499240556,0.014733318980385166,0.034447219115073785,0.002955213036619061,0.006909432364809771,0.0014778520001037907,0.0034552901308252584,0.0044189444139115346,0.010331707790077489,0.4149952380952381,0.012906600008436686,0.03017626097100959,1,2,128,32,128,1.0,0.0,105128,3162.0,29634,0,0,0,211.47834466599306
5,z,2,0.5,m1,na,val,210000,0.4938904761904762,103717,0.1336083910853384,0.018600896254323623,21,0.23001498966202955,0.01122359004557415,0.02624130150663082,0.003602736143875167,0.008423373004214932,0.0010998747624163976,0.0025715608947677105,0.005567262074211099,0.01301653054527001,0.42797142857142856,0.010415054706209343,0.02435090640730121,1,2,112,112,96,1.0,0.0,103717,1925.0,23836,0,0,0,227.13641358902532
5,z,2,0.5,normal,na,val,210000,0.45758095238095237,96092,0.13852077054956452,0.01959721471707583,21,0.2378471116649774,0.011134198425471765,0.02603229953437882,0.003304724652183195,0.007726607586538827,0.001491958962231349,0.003488272897037203,0.004153847248209056,0.009711897673572459,0.39426428571428573,0.01020758359913517,0.02386582882940137,1,2,128,128,128,1.0,0.0,96092,1878.0,22837,0,0,0,226.00071511103306
5,z,3,0.5,m1,na,val,210000,0.29495238095238097,61940,0.15995187274280878,0.02015595363705634,21,0.27959183821150485,0.006782058815564621,0.015856784637738482,0.00372049296119441,0.008698694192461115,0.0017212453230781237,0.004024355603364399,0.006713968980994108,0.01569758728009746,0.24781666666666669,0.006148690097176074,0.014375937650578947,0,3,144,112,128,1.0,0.0,61940,1251.0,17295,0,0,0,162.9005645200159
5,z,3,0.5,normal,na,val,210000,0.27505238095238094,57761,0.1579275964865022,0.018941292308994218,21,0.27797260835501597,0.007554094071723254,0.017661840760453563,0.0035302403350294764,0.00825387426360145,0.0015392469769146637,0.0035988345841547914,0.006574400963463316,0.015371270440847577,0.23161190476190477,0.006444258616094726,0.015066991278635434,0,3,160,128,160,1.0,0.0,57761,1094.0,16057,0,0,0,154.57532003302913
5,z,4,0.5,m1,na,val,210000,0.6893714285714286,144768,0.01034093542278226,0.0007652829347636497,21,0.01915130497603722,0.006247468692732015,0.014606886829750646,0.0006711027086589574,0.0015690708987344737,0.0001627995872653556,0.00038063338354645963,0.0012373993011332513,0.0028930999807798875,0.6822333333333334,0.005993896532677592,0.014014022739147152,2,1,80,80,64,1.0,0.0,144768,111.0,2776,0,0,0,214.46263807598734
5,z,4,0.5,normal,na,val,210000,0.6364666666666666,133658,0.011594752727984534,0.001039731731685994,21,0.02111004199259708,0.008742005272120226,0.020439235145507124,0.0008799001322337413,0.0020572494693687614,0.000173441284016022,0.0004055141901192629,0.0017753627928976605,0.004150884890031499,0.6290904761904762,0.008697538106332801,0.02033526874083313,2,1,96,96,96,1.0,0.0,133658,139.0,2820,0,0,0,236.2558024559985
5,z,5,0.5,m1,na,val,210000,0.2975761904761905,62491,0.1493834999009509,0.011529641943476773,21,0.27570771591494825,0.01017487963783575,0.023789365371146523,0.004391349219565872,0.010267188878390744,0.001506268897253638,0.0035217302237869675,0.007885793835675602,0.018437371003469184,0.2531761904761905,0.008954953231467926,0.02093711787142407,0,3,144,112,128,1.0,0.0,62491,720.0,17208,0,0,0,157.35152934303187
5,z,5,0.5,normal,na,val,200000,0.26627999999999996,53256,0.14863740187350688,0.012165460881428511,20,0.2729438819841568,0.005637057848502925,0.01286208626770536,0.0044592910469200475,0.010174773379968806,0.001130343156688549,0.002579106261487033,0.008918452715323318,0.020349251556714815,0.2266725,0.004669127346562851,0.010653557288283422,0,3,160,128,160,1.0,0.0,53256,649.0,14545,0,0,0,154.73306604298705
5,z,6,0.5,m1,na,val,210000,0.48070476190476186,100948,0.014410779347192546,0.0015040245984124683,21,0.025813509497560155,0.016791903975163464,0.039260291341130835,0.0026081141873711302,0.006097898308528798,0.0003452164402012293,0.0008071328920231272,0.0048114022437407335,0.011249293357562386,0.4739357142857143,0.017303363796287323,0.04045610937441076,1,2,112,80,96,1.0,0.0,100948,149.0,2545,0,0,0,189.09760391199234
5,z,6,0.5,normal,na,val,210000,0.4379619047619048,91972,0.017035813774189907,0.0018952075500626915,21,0.030281212448254425,0.012869665612508267,0.03008990655004558,0.0015198623678304702,0.003553512421682625,0.00038734697716424546,0.0009056361444221867,0.0025764037969145726,0.006023757867414623,0.4305309523809524,0.012840040126278601,0.030020640716807157,1,2,128,96,128,1.0,0.0,91972,174.0,2773,0,0,0,199.0670139020076
5,z,7,0.5,m1,na,val,210000,0.2894,60774,0.014825730692077219,0.0015680380006106518,21,0.026515385382933136,0.007470378660639191,0.017466110042021386,0.00132115766245652,0.0030889311189683266,0.0003857227269998525,0.0009018385682355156,0.002265099908189588,0.005295914176487913,0.2851261904761905,0.007517046328918772,0.01757522132895928,0,3,144,80,128,1.0,0.0,60774,95.0,1605,0,0,0,137.17117192003207
5,z,7,0.5,normal,na,val,200000,0.263245,52649,0.01641517880882347,0.0015841766370267977,20,0.029662004343593347,0.007314800422359272,0.016690194883917864,0.0010248672300673316,0.0023384416268800714,0.00035439244248851613,0.0008086179511392927,0.0019462408834525998,0.004440741751009448,0.2589175,0.007157363410870178,0.016330970537117833,0,3,160,96,160,1.0,0.0,52649,84.0,1563,0,0,0,164.97975724901335
5,z,8,0.1,m1,na,val,5900000,0.9647172881355932,5691832,8.753913655947734e-08,0.0,59,1.7507827311895467e-07,0.0007616653467790201,0.0029849298671992546,1.7157670765657558e-07,6.724008665559187e-07,0.0,0.0,3.4315341531315115e-07,1.3448017331118374e-06,0.9647172033898305,0.0007616405092899361,0.0029848325302739153,3,0,48,48,32,1.0,0.0,5691832,0.0,1,0,0,0,4961.070340833627
5,z,8,0.1,normal,na,val,5900000,0.9548416949152542,5633566,1.7698453992553042e-07,0.0,59,3.5396907985106083e-07,0.0008709484679792047,0.0034132051639954833,2.4316524660614227e-07,9.529529081623425e-07,0.0,0.0,4.863304932122845e-07,1.905905816324685e-06,0.9548415254237288,0.0008709120426080026,0.0034130624147173587,3,0,64,64,64,1.0,0.0,5633566,0.0,2,0,0,0,13446.335287395399
5,z,8,0.15,m1,na,val,5900000,0.9484179661016949,5595666,5.368293757656314e-07,0.0,59,1.0736587515312628e-06,0.0011883262798853516,0.004656993546847903,4.812245085410092e-07,1.8858957079336395e-06,0.0,0.0,9.624490170820183e-07,3.771791415867279e-06,0.9484174576271186,0.001188361074159837,0.004657129903936431,3,0,48,48,32,1.0,0.0,5595666,0.0,6,0,0,0,5620.021401194623
5,z,8,0.15,normal,na,val,5900000,0.9330167796610169,5504799,2.726344157788682e-07,0.0,59,5.452688315577364e-07,0.0014084369235364607,0.005519596574675117,3.9534813350770033e-07,1.5493503237859507e-06,0.0,0.0,7.906962670154007e-07,3.0987006475719014e-06,0.9330165254237288,0.001408442871466238,0.005519619884325891,3,0,64,64,64,1.0,0.0,5504799,0.0,3,0,0,0,14556.904693141812
5,z,8,0.3,m1,na,val,5900000,0.8986962711864407,5302308,4.328278205912474e-06,0.0,59,8.656556411824948e-06,0.002118780355999259,0.008303398327628187,1.3430313787527616e-06,5.263275389878004e-06,0.0,0.0,2.686062757505523e-06,1.0526550779756009e-05,0.898692372881356,0.002118533034771401,0.00830242908762935,3,0,48,48,32,1.0,0.0,5302308,0.0,46,0,0,0,5874.50802651071
5,z,8,0.3,normal,na,val,5900000,0.8693340677966102,5129071,2.7346208896993493e-06,0.0,59,5.4692417793986985e-06,0.00238272539793219,0.009337786254421112,1.0344118982166439e-06,4.0538104864956474e-06,0.0,0.0,2.0688237964332878e-06,8.107620972991295e-06,0.8693316949152543,0.002382823997166639,0.009338172660079493,3,0,64,64,64,1.0,0.0,5129071,0.0,28,0,0,0,15503.608148373896
5,z,8,0.5,m1,na,val,6110000,0.829678125,5093313,2.584455718328141e-05,2.447949362793851e-06,80,4.6793215640975126e-05,0.003675796667604775,0.016774145347411177,5.7741464427831e-06,2.6349763179799208e-05,3.1336343919219868e-06,1.4300039830548531e-05,1.027793804019254e-05,4.6902383931431595e-05,0.8296566875,0.003675747804274962,0.01677392236429471,3,0,48,48,32,1.0,0.0,5093313,7.0,248,0,0,0,7357.31735881848
5,z,8,0.5,normal,na,val,6100000,0.7897139240506329,4844046,2.038475392514827e-05,9.492790122295504e-07,79,3.887094982583744e-05,0.0037204320178267363,0.01687138933206621,5.226936654322852e-06,2.3703076117660508e-05,8.628209053688968e-07,3.912714262368883e-06,1.036934436010705e-05,4.702283094526855e-05,0.7896977848101265,0.003719906459582662,0.01686900603418307,3,0,64,64,64,1.0,0.0,4844046,6.0,180,0,0,0,16325.13968213235
5,z,8,0.7,m1,na,val,5900000,0.7844966101694916,4628530,8.057475401071647e-05,4.753234098514017e-06,59,0.00015164303982440492,0.004416662673663193,0.017308688630396953,6.826129828304638e-06,2.6751274543408795e-05,2.745788161657674e-06,1.0760611766563675e-05,1.2702507683156084e-05,4.978051677435851e-05,0.7844334745762711,0.004417194736592458,0.017310773759430995,3,0,48,48,32,1.0,0.0,4628530,22.0,701,0,0,0,9164.509909398155
5,z,8,0.7,normal,na,val,5900000,0.7307584745762712,4311475,6.739253737034526e-05,5.275731847580844e-06,59,0.00012423361104552883,0.004165596065362606,0.01632477066571336,9.543792128955154e-06,3.740166241319682e-05,2.394702706034388e-06,9.384724748910962e-06,1.6362374489235683e-05,6.412335879236044e-05,0.7307090677966102,0.004163441273323131,0.016316326139329915,3,0,64,64,64,1.0,0.0,4311475,23.0,537,0,0,0,16352.160803143634
5,z,8,0.9,m1,na,val,5900000,0.7303661016949152,4309160,0.0001829182531375741,1.3317788379219197e-05,59,0.0003392009295167098,0.004855398486260479,0.019028073182116,1.7847335550361382e-05,6.994284978236866e-05,4.370513689757334e-06,1.712783298167402e-05,3.229413979574635e-05,0.0001265591809046793,0.7302325423728814,0.004854875045833359,0.019026021844253223,3,0,48,48,32,1.0,0.0,4309160,58.0,1460,0,0,0,11099.761679767398
5,z,8,0.9,normal,na,val,5900000,0.6713776271186441,3961128,0.00016448211380369276,1.2307625272197714e-05,59,0.00030434897706299016,0.005252023063179381,0.020582425826249064,1.7897980005528132e-05,7.01413229667856e-05,3.827862168376314e-06,1.5001207764311649e-05,3.2276768209786224e-05,0.00012649110249466332,0.6712668644067796,0.005248339690070467,0.02056799086416062,3,0,64,64,64,1.0,0.0,3961128,49.0,1209,0,0,0,15981.776595321717
5,z,8,1.0,m1,na,val,5900000,0.7052077966101694,4160726,0.0002926839258114215,2.916671142457503e-05,59,0.000527034428773693,0.005473813600109725,0.02145161227505519,2.221342666368587e-05,8.705335089967442e-05,5.233240782919247e-06,2.0508818973108548e-05,4.004180980464686e-05,0.00015692192710098306,0.7050019491525423,0.005476969463398259,0.02146397995152436,3,0,48,48,32,1.0,0.0,4160726,121.0,2187,0,0,0,12906.805891835364
5,z,8,1.0,normal,na,val,5900000,0.6358306779661017,3751401,0.00023957955724990062,2.0596471983252568e-05,59,0.0004379661705332961,0.005295091279890023,0.020751208096481323,2.0312040443792458e-05,7.96019097374345e-05,4.851963717757086e-06,1.901461248952174e-05,3.7288399532637734e-05,0.00014613144465048272,0.6356780508474575,0.005291474213314664,0.020737032986509345,3,0,64,64,64,1.0,0.0,3751401,77.0,1647,0,0,0,15883.090770939132
5,z,9,0.5,m1,na,val,210000,0.2887952380952381,60647,0.14401379583412063,0.010147731095527931,21,0.2677321294771854,0.00614392640291569,0.014364799900815765,0.0041162171481715715,0.00962391666243443,0.0011818439680206525,0.002763208899531433,0.006890229307121692,0.01610969252831035,0.24724761904761902,0.005741947339051838,0.013424953223293524,0,3,144,112,128,1.0,0.0,60647,613.0,16224,0,0,0,146.93447454697161
5,z,9,0.5,normal,na,val,200000,0.259345,51869,0.14358580352132796,0.012122340797724528,20,0.26292692544720686,0.007908628122300488,0.018045132745133075,0.00433172434104133,0.009883704169753975,0.0023120475838978513,0.005275403637560964,0.007692584550498666,0.01755218569140784,0.22207499999999997,0.006633931039896727,0.015136653840056071,0,3,160,128,160,1.0,0.0,51869,627.0,13654,0,0,0,155.74243798001407
5,z,10,0.5,m1,na,val,210000,0.48487619047619046,101824,0.014240033833853815,0.0015047047022530302,21,0.02547065826320157,0.01739987778245711,0.04068176378627045,0.0018065700484944148,0.004223848977278418,0.000307183845987139,0.0007182108298488374,0.003397944012260546,0.007944559001737708,0.47799047619047624,0.01726054587909793,0.04035599899348181,1,2,112,80,96,1.0,0.0,101824,152.0,2588,0,0,0,201.27476461599144
5,z,10,0.5,normal,na,val,200000,0.43795,87590,0.013362992951999853,0.0012363784644364264,20,0.024253228975126856,0.010846980523823692,0.02474957734886332,0.0009324983202451578,0.0021276832989515727,0.00020093536910490917,0.00045847463714549793,0.0017010667984853063,0.0038813275466133483,0.432115,0.010845915885326561,0.02474714816105613,1,2,128,96,128,1.0,0.0,87590,108.0,2118,0,0,0,188.44281802397745
5,z,11,0.5,m1,na,val,210000,0.2763,58023,0.01128644589931472,0.0006741131048611553,21,0.02122466558890713,0.009829039641117875,0.022980774573542983,0.0007929240438229697,0.0018538951281475717,0.00020798573772003423,0.00048628080947616775,0.0013695056726395318,0.0032019711273173815,0.2731928571428571,0.009772470666793194,0.022848513549650704,0,3,144,80,128,1.0,0.0,58023,39.0,1227,0,0,0,150.28028803201596
5,z,11,0.5,normal,na,val,210000,0.26480952380952383,55610,0.011044084213873701,0.0005993707386918669,21,0.02088942695036367,0.006948165506888212,0.016245150192039003,0.0007354320748370339,0.0017194760976730285,0.00018657946127363,0.00043623189000535265,0.0015863808860633972,0.0037090359650084866,0.2618857142857143,0.0068864594483183696,0.016100878414368757,0,3,160,96,160,1.0,0.0,55610,33.0,1162,0,0,0,149.15694218698627
5,z,12,0.1,m1,na,val,5900000,0.9253928813559322,5459818,1.8307326504321067e-07,0.0,59,3.6614653008642133e-07,0.0015231484886691353,0.005969145682200728,2.515322462732347e-07,9.857427775068857e-07,0.0,0.0,5.030644925464694e-07,1.9714855550137714e-06,0.9253927118644069,0.001523145284736498,0.005969133126142792,2,1,80,48,64,1.0,0.0,5459818,0.0,2,0,0,0,9653.34774842579
5,z,12,0.1,normal,na,val,5900000,0.9124659322033898,5383549,7.426212239562912e-07,0.0,59,1.4852424479125824e-06,0.001328750055408351,0.005207307570448996,4.825655364777946e-07,1.891151131930789e-06,0.0,0.0,9.651310729555893e-07,3.782302263861578e-06,0.9124652542372882,0.0013287333892092886,0.005207242256416312,2,1,96,64,96,1.0,0.0,5383549,0.0,8,0,0,0,16635.52122925059
5,z,12,0.15,m1,na,val,5900000,0.8894833898305085,5247952,1.61919635351901e-06,0.0,59,3.23839270703802e-06,0.0023696494134135865,0.009286542099888322,7.06452544523296e-07,2.7685535502224867e-06,0.0,0.0,1.412905089046592e-06,5.537107100444973e-06,0.8894819491525424,0.002369635799924275,0.009286488749278352,2,1,80,48,64,1.0,0.0,5247952,0.0,17,0,0,0,10641.040725648869
5,z,12,0.15,normal,na,val,5900000,0.8739277966101695,5156174,2.823145455162932e-06,3.9347546847681123e-07,59,4.859339973372242e-06,0.0021715091475539333,0.008510039926118203,1.2936443710366527e-06,5.069730081552217e-06,7.7121191821455e-07,3.022342421581267e-06,1.900399015795914e-06,7.447572356854323e-06,0.8739253389830508,0.0021717568631193277,0.008511010711506882,2,1,96,64,96,1.0,0.0,5156174,2.0,25,0,0,0,16588.207271844614
5,z,12,0.3,m1,na,val,5900000,0.7919338983050848,4672410,1.1187998961501713e-05,8.56231498437699e-07,59,2.0663534926128026e-05,0.004108333909497787,0.0161003630304915,2.4204372823221453e-06,9.485577315862957e-06,1.176584543176766e-06,4.6109782453215025e-06,4.440532386746146e-06,1.740223288812653e-05,0.7919250847457627,0.0041088539773267265,0.016102401151304183,2,1,80,48,64,1.0,0.0,4672410,4.0,96,0,0,0,11627.596614159178
5,z,12,0.3,normal,na,val,5900000,0.7606886440677966,4488063,1.701575670514474e-05,8.883104323417424e-07,59,3.2254892545606e-05,0.0050267426446551295,0.01969956269929722,3.2309340932218377e-06,1.2661875342752365e-05,1.0481875325318753e-06,4.107796534936787e-06,5.706480406572859e-06,2.2363422301144204e-05,0.7606756779661017,0.005026440385346312,0.019698378159600956,2,1,96,64,96,1.0,0.0,4488063,4.0,145,0,0,0,16369.622557000024
5,z,12,0.5,m1,na,val,6110000,0.67340225,4122691,4.287134530630899e-05,3.012824114482032e-06,80,7.97170423836539e-05,0.00583503382560662,0.026627616908300115,7.439083372243165e-06,3.394754308290631e-05,1.9225667852338956e-06,8.773449026665775e-06,1.4347313408591648e-05,6.547258791041866e-05,0.6733735000000001,0.005835444576316204,0.026629491329745906,2,1,80,48,64,1.0,0.0,4122691,16.0,329,0,0,0,13021.8320243099
5,z,12,0.5,normal,na,val,6100000,0.6380217721518987,3909468,7.61436009987965e-05,9.997897911178452e-06,79,0.0001322914061752361,0.0043283358852994665,0.019628107577543595,1.337018526710403e-05,6.063102349466795e-05,8.912870492247924e-06,4.0418023342579e-05,2.0735496030566574e-05,9.403118370364866e-05,0.637973417721519,0.004329667722365516,0.019634147183041163,2,1,96,64,96,1.0,0.0,3909468,23.0,484,0,0,0,16054.02083842511
5,z,12,0.7,m1,na,val,5900000,0.5838089830508475,3444473,0.00012691391365945594,1.0812513200497741e-05,59,0.0002322028009179164,0.007109885288226176,0.027863298545659217,1.5241198577437383e-05,5.972952430893073e-05,3.9049095718718965e-06,1.5303152833569e-05,2.6074955035003478e-05,0.00010218649489437862,0.5837352542372881,0.007110933224679669,0.027867405358227473,2,1,80,48,64,1.0,0.0,3444473,37.0,796,0,0,0,14141.99616767047
5,z,12,0.7,normal,na,val,5900000,0.5323235593220339,3140709,0.00018835619822294466,1.996593429865382e-05,59,0.0003367805278485817,0.006085062223815387,0.02384706623774258,1.712106263629021e-05,6.709662115700644e-05,5.9706735037989464e-06,2.339878234470257e-05,3.0053439414831715e-05,0.00011777798386227624,0.5322233050847458,0.0060839033634466355,0.023842524719684514,2,1,96,64,96,1.0,0.0,3140709,63.0,1057,0,0,0,15501.066695875255
5,z,12,0.9,m1,na,val,5900000,0.49897474576271184,2943951,0.0002834926913917431,2.132287872706342e-05,59,0.0005243396253293594,0.007102306431582461,0.027833597370923207,2.6531394605434863e-05,0.00010397525962171435,6.518193530951154e-06,2.554448700206639e-05,4.8371304086746894e-05,0.00018956481464529353,0.49883322033898303,0.0070999107006497674,0.027824208616603462,2,1,80,48,64,1.0,0.0,2943951,63.0,1544,0,0,0,14538.708158004563
5,z,12,0.9,normal,na,val,5900000,0.45628491525423726,2692081,0.0004074705806404263,5.557008542230656e-05,59,0.0007038009904362396,0.005760308764755764,0.022574373048374497,3.079770587042015e-05,0.00012069472831157437,9.827621915668858e-06,3.851397769857153e-05,5.059276144255403e-05,0.00019827059919765548,0.4561,0.005763255162533979,0.022585919839581466,2,1,96,64,96,1.0,0.0,2692081,148.0,1886,0,0,0,14965.138661791803
5,z,12,1.0,m1,na,val,5900000,0.4704159322033898,2775454,0.00039413077997612494,3.998533519421761e-05,59,0.0007082908895638147,0.007202613352079564,0.028226695368810003,3.474432140383285e-05,0.00013616132480287292,8.858501259578662e-06,3.471604045025579e-05,5.9523506744369935e-05,0.00023326976057538038,0.47023101694915254,0.007201796645165426,0.028223494733687154,2,1,80,48,64,1.0,0.0,2775454,110.0,1962,0,0,0,14697.390385658713
5,z,12,1.0,normal,na,val,5900000,0.418034406779661,2466403,0.0005748341959946062,7.868145752262901e-05,59,0.0009923054769439546,0.006432455699740853,0.025208484564498798,8.261722374345746e-05,0.0003237729269682488,1.802136688484805e-05,7.062487021343405e-05,0.0001374181041404736,0.0005385349419891655,0.41779898305084745,0.006443634496017696,0.025252293729543778,2,1,96,64,96,1.0,0.0,2466403,189.0,2400,0,0,0,14733.349107239163
5,z,13,0.5,m1,na,val,210000,0.28446666666666665,59738,0.008639574279741621,0.0004931603168009121,21,0.01629282792588142,0.008237313100223343,0.01925924020654328,0.0009730002430526071,0.002274922073979083,0.0001985570772653633,0.000464236140988634,0.0019187450335637376,0.004486119569197149,0.28200000000000003,0.008108569080505716,0.018958230402650978,0,3,144,80,128,1.0,0.0,59738,30.0,976,0,0,0,182.09527724001236
5,z,13,0.5,normal,na,val,200000,0.26461,52922,0.009585278510872524,0.0006675034568090042,20,0.017835550108127037,0.004287097517950937,0.009781879057458082,0.0009746059261702505,0.0022237603083579815,0.00022876188772069525,0.0005219664608210704,0.0018418448149048524,0.004202541030747723,0.2620725,0.004237686584558535,0.009669138031032445,0,3,160,96,160,1.0,0.0,52922,35.0,945,0,0,0,140.4536300530017
5,z,14,0.5,m1,na,val,210000,0.4784380952380952,100472,8.868277075685796e-05,0.0,21,0.00017736554151371591,0.012613627938772328,0.02949127796807857,3.398358135025557e-05,7.945527240981415e-05,0.0,0.0,6.796716270051114e-05,0.0001589105448196283,0.4783952380952381,0.012609341623486049,0.029481256353664376,1,2,112,48,96,1.0,0.0,100472,0.0,18,0,0,0,167.52738593098184
5,z,14,0.5,normal,na,val,210000,0.46054761904761904,96715,5.820071221379181e-05,0.0,21,0.00011640142442758363,0.011360914266808715,0.026562372240589115,3.878938366415969e-05,9.06914728580078e-05,0.0,0.0,7.757876732831938e-05,0.0001813829457160156,0.4605214285714285,0.011364941255164206,0.026571787535977758,1,2,128,64,128,1.0,0.0,96715,0.0,11,0,0,0,212.42680977304553
5,z,15,0.5,m1,na,val,210000,0.3207904761904762,67366,0.00011321772138856601,1.544067691927614e-05,21,0.00019555408893857977,0.00741530954474892,0.017337355760377784,6.583066089630863e-05,0.00015391529928893046,3.0263726761781233e-05,7.075807076394046e-05,9.109094985139613e-05,0.00021297508817318835,0.32075476190476193,0.007419694165604877,0.017347607218013553,0,3,144,48,128,1.0,0.0,67366,1.0,13,0,0,0,163.2377910010182
5,z,15,0.5,normal,na,val,210000,0.2940333333333333,61747,9.363588348897207e-05,0.0,21,0.00018727176697794413,0.009440904033924814,0.022073294573609386,5.9642853532466563e-05,0.0001394479035590267,0.0,0.0,0.00011928570706493313,0.0002788958071180534,0.29400476190476194,0.00943405085374841,0.02205727150375758,0,3,160,64,160,1.0,0.0,61747,0.0,12,0,0,0,147.09285625399207
5,z,16,0.5,m1,na,val,210000,1.0,210000,0.0,0.0,21,0.0,0.0,0.0,0.0,0.0,0.0,0.0,0.0,0.0,1.0,0.0,0.0,4,-1,16,16,0,1.0,0.0,210000,0.0,0,0,0,0,213.16858394299925
5,z,16,0.5,normal,na,val,210000,1.0,210000,0.0,0.0,21,0.0,0.0,0.0,0.0,0.0,0.0,0.0,0.0,0.0,1.0,0.0,0.0,4,-1,32,32,32,1.0,0.0,210000,0.0,0,0,0,0,244.03418872298062
5,z,17,0.5,m1,na,val,210000,0.31798095238095236,66776,0.15202602958830905,0.020189414397396587,21,0.2636732303818249,0.006101936756291218,0.014266626056907048,0.004696102900363795,0.010979717863376917,0.002502286188956117,0.005850467281292846,0.008960700490961357,0.02095055524472366,0.2696190476190476,0.005209414443528598,0.012179865313196968,0,3,144,112,128,1.0,0.0,66776,1346.0,17620,0,0,0,137.89526610903704
5,z,17,0.5,normal,na,val,210000,0.2897571428571429,60849,0.1549291280618085,0.02276779743168783,21,0.2643226612602414,0.005664326873807099,0.013243472785813065,0.00487013921909933,0.011386623273722349,0.0020894100944506212,0.004885142814094287,0.008186255086260717,0.01913986407704438,0.24490952380952383,0.005413969933832699,0.01265812603673643,0,3,160,128,160,1.0,0.0,60849,1377.0,16082,0,0,0,169.98628057698807
5,z,18,0.5,m1,na,val,210000,0.48321428571428576,101475,0.013358010242098414,0.0014520307708491226,21,0.023811958942498587,0.011806638629742728,0.027604497563155996,0.0013039143367863922,0.0030486153816641753,0.00030528999988345716,0.0007137829251933684,0.0021980556585595836,0.0051391614474873976,0.4767952380952381,0.011926488806201277,0.027884713127275952,1,2,112,80,96,1.0,0.0,101475,146.0,2404,0,0,0,182.88731739095965
5,z,18,0.5,normal,na,val,210000,0.45449047619047617,95443,0.015875000441570534,0.001734587059018997,21,0.028280826765103077,0.014025980737347548,0.03279342776779983,0.0019525006375289867,0.00456504181935006,0.00033833012799238283,0.0007910323578618327,0.0035337652049704502,0.008262115581621545,0.447347619047619,0.014203387043628397,0.033208212373562335,1,2,128,96,128,1.0,0.0,95443,164.0,2672,0,0,0,199.33076404301391
5,z,19,0.5,m1,na,val,210000,0.29209523809523813,61340,0.009923473235419311,0.0009075099962580211,21,0.01803192647832258,0.007935591129700277,0.01855379950819982,0.0014116254768589472,0.003300449286037887,0.0002490658426856896,0.0005823281005791509,0.0025848801894463556,0.006043576087004957,0.2892214285714286,0.008019149813623222,0.01874916379087726,0,3,144,80,128,1.0,0.0,61340,55.0,1097,0,0,0,167.01831485600997
5,z,19,0.5,normal,na,val,210000,0.25411904761904763,53365,0.01001262657935459,0.0008123770886516912,21,0.018400498981405798,0.006351912439922673,0.014851081410039433,0.0010963368715146105,0.0025632891331054987,0.00032049624697455894,0.0007493358733215193,0.0018612136128070313,0.004351608298556352,0.25158095238095235,0.006348642829595771,0.014843436901459822,0,3,160,96,160,1.0,0.0,53365,43.0,980,0,0,0,154.20017188695783
5,z,20,0.5,m1,na,val,200000,0.67649,135298,8.206336188205299e-05,1.49655791679138e-05,20,0.00013419556542827837,0.012553014211818026,0.028642237857291888,3.996752679223232e-05,9.119398653058733e-05,2.933253516911105e-05,6.692810468422e-05,5.254425750612082e-05,0.00011989033837850992,0.676435,0.012557510236885092,0.02865249644675975,2,1,80,48,64,1.0,0.0,135298,2.0,18,0,0,0,118.84847482099576
5,z,20,0.5,normal,na,val,210000,0.6272380952380953,131720,6.8942360852222e-05,1.564496983973822e-05,21,0.00010659478202496755,0.0076409777501166565,0.01786497904254232,2.755718581068008e-05,6.443004587622677e-05,2.1154936745649488e-05,4.946127497905181e-05,5.028692106844043e-05,0.00011757327666448872,0.6271952380952381,0.007646518103758799,0.01787793265985964,2,1,96,64,96,1.0,0.0,131720,2.0,14,0,0,0,242.25342264400388
5,z,21,0.1,m1,na,val,5900000,0.7844816949152542,4628442,0.0005466163635143034,8.8346876126688e-06,59,0.0010755633518032693,0.0030556577539032842,0.011974975797620385,6.19063175133508e-05,0.00024260788139483593,2.8411611633387855e-06,1.1134373973872009e-05,0.00012177134636483658,0.00047721605068494895,0.7840525423728812,0.003048476388996223,0.011946832373885809,0,3,144,80,128,1.0,0.0,4628442,41.0,4982,0,0,0,10460.513550500385
5,z,21,0.1,normal,na,val,5900000,0.7692525423728813,4538590,0.0005305122902300272,5.062970146181081e-06,59,0.0010508986401676923,0.002120136989262428,0.008308714908149006,6.656758721252931e-05,0.0002608751731956083,2.6061129171806404e-06,1.0213231200136495e-05,0.00013103935561637118,0.0005135369332633326,0.7688443220338983,0.002116643603770628,0.008295024498395942,0,3,160,96,160,1.0,0.0,4538590,23.0,4771,0,0,0,15420.39629948372
5,z,21,0.15,m1,na,val,5900000,0.6946511864406779,4098442,0.0009027676062040299,2.1558545742826902e-05,59,0.001762418120922406,0.004457661804656855,0.017469362253202197,9.484577884859978e-05,0.0003716960463807187,5.938900600606077e-06,2.3274265864979433e-05,0.00018515679427376824,0.0007256205729719069,0.6940254237288135,0.004467901651031721,0.017509491718733387,0,3,144,80,128,1.0,0.0,4098442,88.0,7208,0,0,0,11534.416348390281
5,z,21,0.15,normal,na,val,5900000,0.6754510169491525,3985161,0.0008079024855080021,1.7714909909516105e-05,59,0.0015803751511969718,0.004598551029032431,0.01802150034847412,8.815194935448596e-05,0.00034546325048496877,5.548961798716026e-06,2.1746114451680075e-05,0.0001721442844608593,0.0006746251727583742,0.6749075423728813,0.004615721571783125,0.018088790879820082,0,3,160,96,160,1.0,0.0,3985161,70.0,6273,0,0,0,14675.90966222505
5,z,21,0.3,m1,na,val,5900000,0.48697762711864406,2873168,0.002116954580584301,8.203073313074083e-05,59,0.00406984769490712,0.00411570638879867,0.01612925542234519,0.00016898964998180715,0.0006622623119344706,1.3230816115168838e-05,5.1850932114214576e-05,0.0003207219346842887,0.0012568938392083762,0.48594872881355927,0.004123497998291358,0.016159790365265502,0,3,144,80,128,1.0,0.0,2873168,236.0,11669,0,0,0,11481.981276441831
5,z,21,0.3,normal,na,val,5900000,0.457848813559322,2701308,0.00224713324853693,8.441418244263864e-05,59,0.004325438132188583,0.0045339395377261916,0.01776829102107087,0.00016135444023584894,0.0006323402921006686,1.4956876207083886e-05,5.861527861195895e-05,0.0003131507336551386,0.0012272226664577055,0.4568202542372881,0.004526122624349207,0.017737656913444807,0,3,160,96,160,1.0,0.0,2701308,228.0,11681,0,0,0,13358.308555007214
5,z,21,0.5,m1,na,val,6100000,0.29817493670886075,1840773,0.004709928934196996,0.00026635090726579905,79,0.008887156053862396,0.004288996137637565,0.019449709962468534,0.0002924230364188628,0.0013260779590778622,4.657441726529594e-05,0.00021120534465669905,0.0005661885604991002,0.0025675479604979853,0.2967741139240506,0.004282051733455762,0.019418218526509205,0,3,144,80,128,1.0,0.0,1840773,490.0,16086,0,0,0,11364.828327079696
5,z,21,0.5,normal,na,val,6110000,0.268583625,1672686,0.0051173334834222735,0.00031327682376643725,80,0.009608113319311672,0.0046015479178165355,0.020998722338694674,0.0002961821524327836,0.0013515988297181814,5.2552522629244204e-05,0.00023981839385323677,0.0005586261671552782,0.0025492369056517605,0.26721456250000003,0.004593814614026173,0.020963432148968328,0,3,160,96,160,1.0,0.0,1672686,515.0,15808,0,0,0,11603.334466026623
5,z,21,0.7,m1,na,val,5900000,0.1849459322033898,1091181,0.008076798286467188,0.0005859488881212582,59,0.014981698796691862,0.005000448700894121,0.019596517998116316,0.00037747508479374353,0.0014793067053519415,5.7963697616663486e-05,0.0002271569436117227,0.0006896452034317367,0.002702686388713095,0.1834543220338983,0.00496540831223206,0.019459196399965677,0,3,144,80,128,1.0,0.0,1091181,636.0,16329,0,0,0,10719.913340099854
5,z,21,0.7,normal,na,val,5900000,0.16499203389830508,973453,0.008223611609804136,0.0005886063115158991,59,0.015270010596576475,0.0039128066314922565,0.015334101030468793,0.00045668475842387764,0.0017897256072877399,5.7934536513271565e-05,0.00022704266264982374,0.0008454509852699148,0.0033132817553761895,0.16363881355932205,0.003889914536322415,0.015244388010329185,0,3,160,96,160,1.0,0.0,973453,568.0,14832,0,0,0,10384.625860902248
5,z,21,0.9,m1,na,val,5900000,0.11516847457627119,679494,0.012907042260351616,0.0011362743325968876,59,0.023541535855509457,0.003038026635779547,0.011905880293535532,0.0006626899717995617,0.002597050132164985,0.00013479329573353631,0.0005282484440636981,0.0011296126418958831,0.004426897622978157,0.11368694915254238,0.0030111546950449776,0.01180057045000986,0,3,144,80,128,1.0,0.0,679494,764.0,15954,0,0,0,9963.489201022778
5,z,21,0.9,normal,na,val,5900000,0.10020440677966103,591206,0.012598677565636157,0.001166010109459058,59,0.0228653349123542,0.0033847414360903584,0.013264638923193949,0.0005328347362795,0.0020881537086173325,0.00012759573747390932,0.0005000415593591213,0.0009373226668904637,0.003673322457738035,0.09894025423728814,0.003339186201198438,0.013086110148304547,0,3,160,96,160,1.0,0.0,591206,686.0,13545,0,0,0,9372.839343665633
5,z,21,1.0,m1,na,val,5900000,0.0884235593220339,521699,0.015828211384165184,0.0014808590719709819,59,0.028694704624388404,0.0029014051230189177,0.011370467154857629,0.0006898685247276136,0.002703561574132602,0.00013029305616964426,0.0005106122216195248,0.0012218185774993176,0.004788248250625385,0.08702254237288136,0.002852603423930612,0.011179215642897986,0,3,144,80,128,1.0,0.0,521699,774.0,14984,0,0,0,9468.164339175215
5,z,21,1.0,normal,na,val,5900000,0.07690050847457627,453713,0.016207943285764394,0.0016294288795263728,59,0.029157028812476043,0.002365891777250102,0.009271816104460167,0.0007914449461077427,0.003101634684932442,0.0001730115121874477,0.0006780237965157814,0.0013691538539328404,0.005365648113935793,0.07565720338983051,0.00233402270862943,0.009146922757049855,0,3,160,96,160,1.0,0.0,453713,733.0,13205,0,0,0,9123.771915690275
5,z,22,0.5,m1,na,val,200000,0.4606,92120,2.0641900629502286e-05,9.587727708533077e-06,20,2.2108345841938416e-05,0.015541062609473617,0.035460073915676814,2.3082283292796475e-05,5.266689236591898e-05,1.8791946308724832e-05,4.28776218120765e-05,2.9833700142767795e-05,6.807161381589181e-05,0.46059,0.01553762530836542,0.03545223101880226,1,2,112,48,96,1.0,0.0,92120,1.0,2,0,0,0,198.37606808500277
5,z,22,0.5,normal,na,val,210000,0.43155238095238097,90626,2.086745201627319e-05,0.0,21,4.173490403254638e-05,0.010954534168299649,0.025612235729190438,2.383017732544179e-05,5.57161180704374e-05,0.0,0.0,4.766035465088358e-05,0.0001114322361408748,0.4315428571428572,0.010950226585174694,0.02560216438953104,1,2,128,64,128,1.0,0.0,90626,0.0,4,0,0,0,208.18718991495552
5,z,23,0.5,m1,na,val,200000,0.287325,57465,0.0,0.0,20,0.0,0.00638573001143545,0.014570333052581812,0.0,0.0,0.0,0.0,0.0,0.0,0.287325,0.00638573001143545,0.014570333052581812,0,3,144,48,128,1.0,0.0,57465,0.0,0,0,0,0,191.6164943999829
5,z,23,0.5,normal,na,val,210000,0.2607285714285714,54753,2.625651383681176e-05,0.0,21,5.251302767362352e-05,0.00718798775736298,0.01680586632272027,2.8272523950209136e-05,6.610254137208431e-05,0.0,0.0,5.654504790041827e-05,0.00013220508274416863,0.2607214285714286,0.00718554733707414,0.016800160500933987,0,3,160,64,160,1.0,0.0,54753,0.0,3,0,0,0,166.8582731800052
5,z,24,0.5,m1,na,val,200000,0.8286149999999999,165723,0.0,0.0,20,0.0,0.005335345089416233,0.012173667656484073,0.0,0.0,0.0,0.0,0.0,0.0,0.8286149999999999,0.005335345089416233,0.012173667656484073,3,0,48,16,32,1.0,0.0,165723,0.0,0,0,0,0,126.09759273399686
5,z,24,0.5,normal,na,val,210000,0.8470238095238096,177875,0.0,0.0,21,0.0,0.004055170614303559,0.00948118688571767,0.0,0.0,0.0,0.0,0.0,0.0,0.8470238095238096,0.004055170614303559,0.00948118688571767,3,0,64,32,64,1.0,0.0,177875,0.0,0,0,0,0,236.29145150298427
5,z,25,0.1,m1,na,val,5900000,0.7902393220338982,4662412,6.337089715129325e-05,4.109914174204016e-06,59,0.00011852196595417849,0.0024211230891238856,0.009488264959740022,5.883347613826715e-06,2.305655638121326e-05,2.2991176223974417e-06,9.010131402616273e-06,1.0646535856222448e-05,4.1723262051813124e-05,0.7901893220338982,0.002422642648799393,0.00949422004103602,0,3,144,80,128,1.0,0.0,4662412,19.0,552,0,0,0,9830.356193021638
5,z,25,0.1,normal,na,val,5900000,0.7773498305084745,4586364,6.377896361869027e-05,1.7474088824223165e-06,59,0.00012406310947253588,0.0028254720245492566,0.011072888993412362,5.2097272576826894e-06,2.0416670598420702e-05,1.426417412479402e-06,5.59006124619995e-06,1.0779241896202926e-05,4.2243330640952174e-05,0.7773002542372881,0.0028253284437006086,0.011072326306971001,0,3,160,96,160,1.0,0.0,4586364,8.0,569,0,0,0,15408.674209987046
5,z,25,0.15,m1,na,val,5900000,0.7019181355932204,4141317,0.00014630739918605726,5.80678636692301e-06,59,0.0002810012256382685,0.0035180872234084524,0.013787214651385058,8.613973124578357e-06,3.375774644801506e-05,2.700772548158547e-06,1.0584197741963412e-05,1.7070419485390967e-05,6.689815308395115e-05,0.7018154237288136,0.003517329388317508,0.013784244732106285,0,3,144,80,128,1.0,0.0,4141317,24.0,1164,0,0,0,11325.459761924343
5,z,25,0.15,normal,na,val,5900000,0.6831371186440678,4030509,0.00014516332677050445,7.220323429298153e-06,59,0.0002758860066824126,0.004032656854204203,0.01580378828994072,9.03744404746261e-06,3.5417308631004024e-05,2.9729849670763862e-06,1.165098512160004e-05,1.7389096676512657e-05,6.814703367146497e-05,0.6830379661016949,0.004032207555126362,0.015802027508460475,0,3,160,96,160,1.0,0.0,4030509,29.0,1112,0,0,0,14819.52491454035
5,z,25,0.3,m1,na,val,5900000,0.5002203389830508,2951300,0.0005555415233737167,2.875540309150006e-05,59,0.0010535722405644334,0.004590939823473752,0.017991672399895953,2.9078095405520362e-05,0.00011395565759195431,6.969177618082703e-06,2.7311871952692358e-05,5.491605848390274e-05,0.00021521339240476188,0.4999416101694915,0.004582567929285104,0.0179588633491568,0,3,144,80,128,1.0,0.0,2951300,85.0,3119,0,0,0,11502.65237945458
5,z,25,0.3,normal,na,val,5900000,0.4699757627118644,2772857,0.0005924853340949929,3.8877426157944485e-05,59,0.001107215815874097,0.004772660744481388,0.01870382795076155,2.550403576360832e-05,9.994908972404539e-05,1.1120199171911996e-05,4.3579525808563184e-05,5.00593541394323e-05,0.00019618020162711695,0.4696974576271187,0.004770890323347599,0.018696889755473928,0,3,160,96,160,1.0,0.0,2772857,106.0,3072,0,0,0,13211.340581816155
5,z,25,0.5,m1,na,val,6110000,0.303858375,1893414,0.0016752493903647663,0.00012933935142445227,80,0.003091820077880628,0.004973290013212192,0.022695131717067937,9.075368754773071e-05,0.00041414574401122875,3.3072138603475774e-05,0.0001509215307727894,0.00018314798093187193,0.0008357782353173489,0.3033491875,0.00496466760913513,0.022655784203505117,0,3,144,80,128,1.0,0.0,1893414,246.0,5846,0,0,0,11086.816284240776
5,z,25,0.5,normal,na,val,6110000,0.28037999999999996,1734657,0.0016900434042466713,0.00012362742546380006,80,0.0031328319575657424,0.004287684037569154,0.019566434640908962,0.00010437376165016297,0.0004762996451369899,3.293647201435807e-05,0.00015030242931249812,0.00019049302909012074,0.0008692966577252141,0.27990737499999996,0.00428413727766137,0.01955024934243207,0,3,160,96,160,1.0,0.0,1734657,227.0,5299,0,0,0,11751.287870937253
5,z,25,0.7,m1,na,val,5900000,0.19296983050847458,1138522,0.0032456899123640506,0.0002735761094543152,59,0.005944227605819471,0.004701590108435733,0.01842530554573073,0.00014053305892444172,0.0005507422999961449,4.0013959362436956e-05,0.00015681278255722954,0.0002708297603203112,0.0010613688070819553,0.19234279661016948,0.004683931215987126,0.018356101195402322,0,3,144,80,128,1.0,0.0,1138522,306.0,6787,0,0,0,10667.570723201381
5,z,25,0.7,normal,na,val,5900000,0.1722328813559322,1016174,0.0034854345114647472,0.0002938163254845322,59,0.00638323637196043,0.0035323360914440893,0.013843055280019686,0.00018163835619343274,0.0007118319833290967,3.880170930992482e-05,0.0001520620328958994,0.00033819774610075663,0.001325380703775803,0.17163305084745764,0.003521222467448576,0.013799501522011244,0,3,160,96,160,1.0,0.0,1016174,295.0,6488,0,0,0,10585.488276085816
5,z,25,0.9,m1,na,val,5900000,0.12372796610169491,729995,0.005697647345753957,0.0006280114238425029,59,0.01013927184382291,0.00357104686457427,0.01399476093840009,0.00024196068462495427,0.0009482322876828291,9.058846024123695e-05,0.00035501181948364367,0.0004596564887173608,0.0018013716754038628,0.12302296610169491,0.0035505239531415655,0.013914332635397438,0,3,144,80,128,1.0,0.0,729995,448.0,7423,0,0,0,9953.489626258612
5,z,25,0.9,normal,na,val,5900000,0.10365,611535,0.005733396491591832,0.0007969494440025719,59,0.009872894095178518,0.003403148894760041,0.013336776868545838,0.00019305256179312068,0.000756563706189985,9.408801991425319e-05,0.0003687264255559912,0.0003395805520858566,0.0013307998539352816,0.10305796610169492,0.0033881267112553888,0.013277905653775193,0,3,160,96,160,1.0,0.0,611535,473.0,6040,0,0,0,9740.645224425243
5,z,25,1.0,m1,na,val,5900000,0.10072661016949153,594287,0.007059235093622618,0.0008444480682480289,59,0.012429574050749178,0.004249018522075034,0.016651699261965105,0.00024900106246950087,0.0009758231898991693,0.000106232449265185,0.00041631986018313437,0.00045022194564748046,0.0017643981547996305,0.10001466101694914,0.004216871514453377,0.016525716684975416,0,3,144,80,128,1.0,0.0,594287,485.0,7431,0,0,0,9793.739807580365
5,z,25,1.0,normal,na,val,5900000,0.0829542372881356,489430,0.007177238636295728,0.0009305097361898436,59,0.012493457800211768,0.0026055153217205925,0.010210889252265631,0.00030824169963883944,0.0012079843982125836,0.00011858758955434308,0.0004647390608445562,0.0005346998877516742,0.0020954631475457114,0.08236169491525425,0.002593149536593564,0.010162428334996483,0,3,160,96,160,1.0,0.0,489430,444.0,6104,0,0,0,9289.610151410336
5,z,26,0.5,m1,na,val,210000,0.48406190476190475,101653,0.0,0.0,21,0.0,0.011392750451249444,0.026636806794180044,0.0,0.0,0.0,0.0,0.0,0.0,0.48406190476190475,0.011392750451249444,0.026636806794180044,1,2,112,48,96,1.0,0.0,101653,0.0,0,0,0,0,172.57341151300352
5,z,26,0.5,normal,na,val,210000,0.42333809523809524,88901,6.03383776217025e-06,0.0,21,1.20676755243405e-05,0.015196321122049394,0.03552974072788143,1.1826322013853689e-05,2.765051827622812e-05,0.0,0.0,2.3652644027707378e-05,5.530103655245624e-05,0.4233357142857143,0.01519718668701546,0.0355317644610324,1,2,128,64,128,1.0,0.0,88901,0.0,1,0,0,0,208.56837896097568
5,z,27,0.5,m1,na,val,210000,0.29141428571428574,61197,0.0,0.0,21,0.0,0.007795438358424749,0.018226115486144747,0.0,0.0,0.0,0.0,0.0,0.0,0.29141428571428574,0.007795438358424749,0.018226115486144747,0,3,144,48,128,1.0,0.0,61197,0.0,0,0,0,0,131.25113181299093
5,z,27,0.5,normal,na,val,210000,0.25966666666666666,54530,0.0,0.0,21,0.0,0.010051273758970934,0.023500368791432462,0.0,0.0,0.0,0.0,0.0,0.0,0.25966666666666666,0.010051273758970934,0.023500368791432462,0,3,160,64,160,1.0,0.0,54530,0.0,0,0,0,0,132.45667575598054
5,z,28,0.5,m1,na,val,210000,0.6827428571428571,143376,0.0,0.0,21,0.0,0.010067815228075387,0.023539043553818653,0.0,0.0,0.0,0.0,0.0,0.0,0.6827428571428571,0.010067815228075387,0.023539043553818653,2,1,80,16,64,1.0,0.0,143376,0.0,0,0,0,0,116.47905075299786
5,z,28,0.5,normal,na,val,210000,0.6815142857142857,143118,0.0,0.0,21,0.0,0.011610858733673976,0.02714675460739801,0.0,0.0,0.0,0.0,0.0,0.0,0.6815142857142857,0.011610858733673976,0.02714675460739801,2,1,96,32,96,1.0,0.0,143118,0.0,0,0,0,0,240.59444382097718
5,z,29,0.5,m1,na,val,210000,0.3012190476190476,63256,0.0,0.0,21,0.0,0.008750050524298572,0.020458045337901146,0.0,0.0,0.0,0.0,0.0,0.0,0.3012190476190476,0.008750050524298572,0.020458045337901146,0,3,144,48,128,1.0,0.0,63256,0.0,0,0,0,0,118.18676392202178
5,z,29,0.5,normal,na,val,210000,0.2654142857142857,55737,0.0,0.0,21,0.0,0.0077959194112475665,0.018227240211131396,0.0,0.0,0.0,0.0,0.0,0.0,0.2654142857142857,0.0077959194112475665,0.018227240211131396,0,3,160,64,160,1.0,0.0,55737,0.0,0,0,0,0,160.38590077000117
5,z,30,0.5,m1,na,val,210000,0.504295238095238,105902,0.0,0.0,21,0.0,0.008456261658939153,0.019771152626755873,0.0,0.0,0.0,0.0,0.0,0.0,0.504295238095238,0.008456261658939153,0.019771152626755873,1,2,112,16,96,1.0,0.0,105902,0.0,0,0,0,0,121.59785940499569
5,z,30,0.5,normal,na,val,210000,0.5011285714285714,105237,0.0,0.0,21,0.0,0.012807281824545498,0.029944050207965246,0.0,0.0,0.0,0.0,0.0,0.0,0.5011285714285714,0.012807281824545498,0.029944050207965246,1,2,128,32,128,1.0,0.0,105237,0.0,0,0,0,0,223.8674212069891
5,z,31,0.5,m1,na,val,210000,0.3201857142857143,67239,0.0,0.0,21,0.0,0.00893780145971778,0.02089701619165486,0.0,0.0,0.0,0.0,0.0,0.0,0.3201857142857143,0.00893780145971778,0.02089701619165486,0,3,144,16,128,1.0,0.0,67239,0.0,0,0,0,0,109.48469385198405
5,z,31,0.5,normal,na,val,210000,0.3235095238095238,67937,0.0,0.0,21,0.0,0.008744103577713257,0.02044414108643121,0.0,0.0,0.0,0.0,0.0,0.0,0.3235095238095238,0.008744103577713257,0.02044414108643121,0,3,160,32,160,1.0,0.0,67937,0.0,0,0,0,0,152.11463396202453
