n,lstate,i,p_error,sim_type,comp_type,decoder_type,shots,prep_rate,count_accept,LER,prep_rate_SEM,N_samples,prep_rate_SD,LER_SEM,LER_SD,eff,eff_SEM,eff_SD,skip,s_l,CNOT,hadamard,meas,cost,cost_SEM,count_accept,count_logerror,count_undecided,count_detect_discard,total_meta_shots,detect_normal,decoding_normal
4,x,2,1.0,m1,na,val,1000000,0.476305,476305,1.1662641260006385e-05,0.01906420425509546,10,0.030758320012640478,6.6175619186674765e-06,1.0676820520501613e-05,0.4762995,0.01906459928890776,0.030758957362946423,0,2,56,56,48,1.0,0.0,476305,0.0,11,0,0,0,106.62713325896766
4,x,2,1.0,normal,na,val,1000000,0.411547,411547,2.112238007201515e-05,0.016327854880954545,10,0.02634347486148663,1.3248157035402473e-05,2.137466889359989e-05,0.4115385,0.01632929504138158,0.026345798426356766,0,2,64,64,64,1.0,0.0,411547,2.0,13,0,0,0,437.76501307310537
4,x,3,1.0,m1,na,val,1000000,0.646416,646416,1.4562513253753567e-05,0.03860527773135918,10,0.06228602415024131,6.726743701685134e-06,1.0852975170161863e-05,0.646407,0.03860758314771508,0.062289743725057446,1,1,40,40,32,1.0,0.0,646416,0.0,18,0,0,0,133.87623272603378
4,x,3,1.0,normal,na,val,1000000,0.667385,667385,1.2981195418465657e-05,0.018964386073948646,10,0.030597272663498022,6.780686368655591e-06,1.0940006645003993e-05,0.6673765,0.01896671784220513,0.03060103475465423,1,1,48,48,48,1.0,0.0,667385,0.0,17,0,0,0,545.5427703600726
4,x,4,0.1,m1,na,val,38000000,0.9203156052631578,34971993,3.7528876989374e-05,0.002499054700462541,38,0.007859799892712616,2.555592024049878e-06,8.03761594843311e-06,0.9202810789473684,0.002499430061311609,0.00786098044356678,0,2,56,40,48,1.0,0.0,34971993,27.0,2570,0,0,0,2892.4754217751324
4,x,4,0.1,normal,na,val,38000000,0.906790552631579,34458041,4.273379526216608e-05,0.0033705539520594674,38,0.010600760193794799,4.966761391025949e-06,1.5621006871554095e-05,0.9067518947368421,0.0033729428312302768,0.010608273479617215,0,2,64,48,64,1.0,0.0,34458041,12.0,2914,0,0,0,20643.845778924122
4,x,4,0.15,m1,na,val,38000000,0.8825946315789474,33538596,0.00010143152243743505,0.0035958579732087476,38,0.011309365940171248,1.5897765181227408e-05,5.000020729544432e-05,0.8825053026315789,0.003600385052555928,0.011323604099008141,0,2,56,40,48,1.0,0.0,33538596,40.0,6709,0,0,0,3686.1623864010326
4,x,4,0.15,normal,na,val,38000000,0.866283447368421,32918771,9.966035519485749e-05,0.0037747535314151563,38,0.011872012003475603,1.2435517736683993e-05,3.911106105621626e-05,0.8661972499999999,0.0037776692073558035,0.011881182122657565,0,2,64,48,64,1.0,0.0,32918771,49.0,6453,0,0,0,19934.79489463166
4,x,4,0.3,m1,na,val,38000000,0.7789170000000001,29598846,0.0004463883347827794,0.005803583110365629,38,0.01825290254741435,6.192900133643549e-05,0.00019477347093275885,0.7785703157894737,0.005815038958025398,0.01828893243911321,0,2,56,40,48,1.0,0.0,29598846,263.0,25822,0,0,0,5645.537766526046
4,x,4,0.3,normal,na,val,39000000,0.7540266410256411,29407039,0.00039850960833645653,0.00709257952275294,39,0.022598543328098766,4.41409508163459e-05,0.0001406429334160624,0.7537259871794871,0.007088106968941582,0.02258429277218057,0,2,64,48,64,1.0,0.0,29407039,241.0,22969,0,0,0,20373.73098162329
4,x,4,0.5,m1,na,val,38000000,0.6471547105263158,24591879,0.0010952636831872806,0.025327940835180463,38,0.07965913936263071,0.0001306479974125554,0.0004109022166886791,0.6464493684210527,0.02530714461999658,0.07959373299523873,0,2,56,40,48,1.0,0.0,24591879,642.0,52322,0,0,0,6852.191382579738
4,x,4,0.5,normal,na,val,38000000,0.6320898421052632,24019414,0.001108949128930588,0.00885310609288256,38,0.027843985290171028,0.0001058089728274977,0.0003327807723150973,0.6313874736842106,0.008833730998934607,0.027783048504231432,0,2,64,48,64,1.0,0.0,24019414,772.0,51836,0,0,0,19740.78157782089
4,x,4,0.7,m1,na,val,38000000,0.5661787631578947,21514793,0.002307975880623306,0.008758300827894704,38,0.027545812380453512,0.0002472817132087768,0.0007777279875420112,0.5648784736842106,0.00878187330789855,0.027619950403831278,0,2,56,40,48,1.0,0.0,21514793,1700.0,95422,0,0,0,8539.192243049154
4,x,4,0.7,normal,na,val,39000000,0.5169414102564103,20160715,0.002234971995939523,0.010746247526177343,39,0.03423994606697513,0.00029243034759671144,0.0009317484364349034,0.5157868589743589,0.010729879293941515,0.03418779322128632,0,2,64,48,64,1.0,0.0,20160715,1608.0,86839,0,0,0,17244.299683767895
4,x,4,0.9,m1,na,val,38000000,0.4786496842105263,18188688,0.0035457999524169683,0.010987720216512412,38,0.034557579777231846,0.0003141385067515268,0.000987999903005549,0.4769484342105263,0.010931399483748038,0.03438044492329808,0,2,56,40,48,1.0,0.0,18188688,2631.0,124033,0,0,0,9688.932763682387
4,x,4,0.9,normal,na,val,38000000,0.4214087894736842,16013534,0.0035358625317087537,0.02244380471859136,38,0.07058821637101315,0.0004069847049190273,0.0012800113336719635,0.4199351052631579,0.022390105718927564,0.07041932715393512,0,2,64,48,64,1.0,0.0,16013534,2658.0,106684,0,0,0,16688.79479550023
4,x,4,1.0,m1,na,val,39000000,0.4496351875,17334921,0.004872709754464342,0.012613941800790281,48,0.04458773078099107,0.00046391794611138135,0.0016398560269549245,0.44743051041666665,0.0125105483174348,0.04422225574763756,0,2,56,40,48,1.0,0.0,17334921,3572.0,150838,0,0,0,11219.635592230945
4,x,4,1.0,normal,na,val,40000000,0.3959843265306122,15802872,0.0051425435353307,0.009494485952186495,49,0.03390887840066605,0.00041157790041632634,0.0014699210729154514,0.3939632551020408,0.00949846825426342,0.03392310090808365,0,2,64,48,64,1.0,0.0,15802872,4017.0,145823,0,0,0,17288.663421671838
4,x,5,1.0,m1,na,val,1000000,0.8435029999999999,843503,2.95996990175861e-05,0.026652108387329412,10,0.043000697423284745,2.438666320221895e-05,3.934561237266697e-05,0.8434785,0.02665772659559285,0.04300976187965293,2,0,24,24,16,1.0,0.0,843503,0.0,49,0,0,0,69.95341597212246
4,x,5,1.0,normal,na,val,1000000,0.7872239999999999,787224,4.2094083422106944e-05,0.012588067240042156,10,0.020309675417287114,1.1612444471617265e-05,1.8735598843133206e-05,0.787191,0.012591369001513164,0.020315002502255975,2,0,32,32,32,1.0,0.0,787224,0.0,66,0,0,0,434.0401328969747
4,x,6,0.1,m1,na,val,36500000,0.9224654,33612100,0.00038242076655507144,0.0021371859200284803,50,0.007710299268921168,4.366681709328035e-05,0.00015753623714026115,0.9221126599999999,0.0021377762423062303,0.007712428967317507,0,2,56,40,48,1.0,0.0,33612100,237.0,26259,0,0,0,13902.571898505907
4,x,6,0.1,normal,na,val,36500000,0.9096858600000001,33211056,0.00035519961252104446,0.0026144647455567964,50,0.009432172197736594,4.758723851486378e-05,0.0001716798931214379,0.90936239,0.002604238374208352,0.009395278644025283,0,2,64,48,64,1.0,0.0,33211056,226.0,25460,0,0,0,19822.140852142125
4,x,6,0.15,m1,na,val,36500000,0.88781596,32316182,0.000576996779619081,0.0027911808554120167,50,0.01006970872642809,5.290974354407556e-05,0.00019088182883090298,0.8873034200000001,0.002783030003450595,0.010040302998395595,0,2,56,40,48,1.0,0.0,32316182,392.0,35854,0,0,0,14511.74970166129
4,x,6,0.15,normal,na,val,36500000,0.86848412,31623892,0.0005587696998341674,0.006418863612264627,50,0.023157255039509675,6.700498485886583e-05,0.00024173305697452026,0.8679981999999999,0.0064096780188711506,0.02312411628758238,0,2,64,48,64,1.0,0.0,31623892,452.0,35799,0,0,0,20158.063743639912
4,x,6,0.3,m1,na,val,36500000,0.7858833799999999,28648537,0.0015609897932208614,0.00487682789848719,50,0.017594071825000165,0.00011986717007640775,0.0004324433102176997,0.7846571099999999,0.0048769385759694995,0.017594471114787232,0,2,56,40,48,1.0,0.0,28648537,1500.0,87623,0,0,0,12459.28796828189
4,x,6,0.3,normal,na,val,36600000,0.759981862745098,27744839,0.001491575766633273,0.0063843878817903986,51,0.02326206587646042,0.00014362030958359483,0.0005232929396818415,0.7588490490196078,0.006381728705694207,0.023252376939843153,0,2,64,48,64,1.0,0.0,27744839,1424.0,75682,0,0,0,18622.295247776783
4,x,6,0.5,m1,na,val,1500000,0.67464,1011960,0.0038261201798013033,0.013181929934977911,15,0.026047650565837997,0.0006041837607889776,0.0011938743079513653,0.6720523333333334,0.013052002510191474,0.025790912426851522,0,2,56,40,48,1.0,0.0,1011960,184.0,7395,0,0,0,684.6943882660707
4,x,6,0.5,normal,na,val,1600000,0.62336125,997378,0.003778908097454744,0.022152829505712505,16,0.045209856134107156,0.00043894558561668914,0.0008958073175850799,0.6209846875,0.021926389642266467,0.044747733963809114,0,2,64,48,64,1.0,0.0,997378,178.0,7249,0,0,0,777.7485000920133
4,x,6,0.7,m1,na,val,1500000,0.5820973333333334,873146,0.006523788560836529,0.019049356238170133,15,0.03764175482979862,0.0007631728858953425,0.0015080387129335281,0.578272,0.018703267590051396,0.03695787953873979,0,2,56,40,48,1.0,0.0,873146,311.0,10854,0,0,0,629.1218543691793
4,x,6,0.7,normal,na,val,1600000,0.52210625,835370,0.0067290306557016314,0.01186472470993322,16,0.0242137238978229,0.0006731443281311364,0.0013737639349615028,0.518583125,0.01168231404338591,0.023841457231399816,0,2,64,48,64,1.0,0.0,835370,283.0,10708,0,0,0,779.3174209740828
4,x,6,0.9,m1,na,val,1500000,0.49770533333333333,746558,0.010455828229564895,0.019832638043593136,15,0.03918952900724279,0.00145020662600137,0.002865625566868854,0.49246,0.019374158160532624,0.038283567297209886,0,2,56,40,48,1.0,0.0,746558,518.0,14700,0,0,0,654.8256174090784
4,x,6,0.9,normal,na,val,1600000,0.4436325,709812,0.009764678606345788,0.016477386772928124,16,0.03362731994475127,0.001221315669538612,0.002492480958242065,0.43926031249999997,0.016055278403902657,0.032765874293678894,0,2,64,48,64,1.0,0.0,709812,437.0,13117,0,0,0,760.6455096899881
4,x,6,1.0,m1,na,val,2500000,0.4620568,1155142,0.01274236237677727,0.013386893394774259,25,0.03415023825197515,0.0012791065213031123,0.0032630268400589604,0.4561616,0.013190703367471704,0.033649753488448224,0,2,56,40,48,1.0,0.0,1155142,1038.0,27400,0,0,0,1092.8484518640907
4,x,6,1.0,normal,na,val,2600000,0.38365961538461535,997515,0.011767132211181922,0.02983398152262526,26,0.07761431324083305,0.0008926519528513271,0.0023222702685896037,0.3791519230769231,0.029402694922103664,0.07649230365307248,0,2,64,48,64,1.0,0.0,997515,812.0,21816,0,0,0,1056.4164598517236
4,x,7,0.1,m1,na,val,36500000,0.95875022,35011900,0.0006379979509500054,0.0016645576243595295,50,0.006005203999287721,9.365146593699568e-05,0.00033786523791893175,0.9581382700000001,0.0016538160746408996,0.005966451842928049,1,1,40,24,32,1.0,0.0,35011900,589.0,46913,0,0,0,2745.5942952462356
4,x,7,0.1,normal,na,val,36500000,0.95239242,34786017,0.0004988897236117469,0.002253516403141154,50,0.00812998331722565,4.962164342701795e-05,0.00017901939061665953,0.95191735,0.002255005238667971,0.0081353545707822,1,1,48,32,48,1.0,0.0,34786017,388.0,33798,0,0,0,20603.07414585486
4,x,7,0.15,m1,na,val,36500000,0.9374405,34202644,0.0009746973516176452,0.0026663590220823642,50,0.009619390538736589,7.95858436290102e-05,0.0002871208659006393,0.9365269399999999,0.002669293331733654,0.009629976611453568,1,1,40,24,32,1.0,0.0,34202644,1112.0,67568,0,0,0,3448.8591909971437
4,x,7,0.15,normal,na,val,36500000,0.92669312,33857443,0.0007572370657608226,0.003244009761261366,50,0.011703373981751352,6.989710340229839e-05,0.00025216691735235967,0.92599169,0.0032486082605315434,0.011719963930818821,1,1,48,32,48,1.0,0.0,33857443,772.0,49348,0,0,0,21523.056264939194
4,x,7,0.3,m1,na,val,36500000,0.88432198,32282756,0.0027960060353459802,0.003909854524884608,50,0.014105533918361293,0.0003170495539538957,0.001143815763127397,0.8818523,0.003960360401335219,0.01428774334554495,1,1,40,24,32,1.0,0.0,32282756,4657.0,160380,0,0,0,4306.811543850927
4,x,7,0.3,normal,na,val,36500000,0.87137398,31692191,0.0021837564006416876,0.00533003231844317,50,0.019229091817931743,0.00019795183850184337,0.0007141484048622335,0.8694727299999999,0.005341404378982423,0.019270118660397913,1,1,48,32,48,1.0,0.0,31692191,3441.0,128982,0,0,0,19664.433084559918
4,x,7,0.5,m1,na,val,1500000,0.8287446666666667,1243117,0.004348990296978499,0.012808452267787013,15,0.02530965424685292,0.00036235667921290894,0.0007160211142748059,0.8251360000000001,0.012670811047926916,0.025037673556919337,1,1,40,24,32,1.0,0.0,1243117,329.0,10168,0,0,0,515.137120004103
4,x,7,0.5,normal,na,val,1500000,0.8039573333333333,1205936,0.003891484126929311,0.015504440504256981,15,0.03063695911492399,0.0006370038288030198,0.001258727153277784,0.8008426666666666,0.015632056938421245,0.030889130708914074,1,1,48,32,48,1.0,0.0,1205936,291.0,8762,0,0,0,880.7441858809907
4,x,7,0.7,m1,na,val,1500000,0.7538646666666667,1130797,0.007936186230686811,0.016001885632642723,15,0.03161991661384745,0.0009986968110592158,0.001973436794460611,0.7479056666666666,0.016192093758973163,0.03199577013710823,1,1,40,24,32,1.0,0.0,1130797,700.0,16477,0,0,0,657.8659274358652
4,x,7,0.7,normal,na,val,1600000,0.732738125,1172381,0.008430977405372459,0.02324896855542109,16,0.04744687460290018,0.0015543133826752477,0.003172068127908669,0.7266425,0.023693627072041964,0.04835434096335095,1,1,48,32,48,1.0,0.0,1172381,732.0,18042,0,0,0,1039.5527549380786
4,x,7,0.9,m1,na,val,1500000,0.726252,1089378,0.013610866460480034,0.017500073806351043,15,0.0345803542905093,0.0015686561110260838,0.0030996831601686303,0.7164136666666666,0.017784567728160023,0.03514251766870492,1,1,40,24,32,1.0,0.0,1089378,1338.0,26839,0,0,0,710.8219589408254
4,x,7,0.9,normal,na,val,1600000,0.666325,1066120,0.012843605653741092,0.03011446782156378,16,0.06145809759502813,0.0020685542546333814,0.004221539295170166,0.6579081250000001,0.03049683486236933,0.06223843849463129,1,1,48,32,48,1.0,0.0,1066120,1321.0,24292,0,0,0,732.2462117379182
4,x,7,1.0,m1,na,val,2500000,0.663716,1659290,0.01625637870961403,0.019203272218161163,25,0.04898793933204378,0.0018293402788059723,0.0046666843847091135,0.6530684,0.019646577920590377,0.05011882122599586,1,1,40,24,32,1.0,0.0,1659290,2600.0,48038,0,0,0,1148.5011647819192
4,x,7,1.0,normal,na,val,2600000,0.639305,1662193,0.015207511977429315,0.01568120532540394,26,0.04079529181167846,0.0016612673612803445,0.00432185443493024,0.6296703846153846,0.016017296098702633,0.04166964559299914,1,1,48,32,48,1.0,0.0,1662193,2666.0,44768,0,0,0,1320.1833193641505
4,x,8,1.0,m1,na,val,1000000,0.46497399999999994,464974,0.18568573787627757,0.02436822057441571,10,0.03931585690843381,0.014647778232025623,0.02363282748685475,0.37835,0.019070437350668643,0.030768376532479644,0,2,56,24,48,1.0,0.0,464974,7273.0,158702,0,0,0,385.42050646501593
4,x,8,1.0,normal,na,val,1000000,0.422267,422267,0.1917993608210095,0.01951481207935711,10,0.03148533381680359,0.008519091541832769,0.013744761667177122,0.341167,0.015271511207479688,0.024639162616542882,0,2,64,32,64,1.0,0.0,422267,8732.0,144736,0,0,0,410.24139337195083
4,x,9,1.0,m1,na,val,1000000,1.0,1000000,4.000000000000001e-06,0.0,10,0.0,2.4445494926923084e-06,3.944053188733078e-06,0.999996,2.4445494926623357e-06,3.9440531886847195e-06,3,-1,8,8,0,1.0,0.0,1000000,0.0,8,0,0,0,19.07057612220524
4,x,9,1.0,normal,na,val,1000000,1.0,1000000,0.00010249999999999998,0.0,10,0.0,1.3005272435097663e-05,2.0982797186690287e-05,0.9998975,1.3005272435090145e-05,2.0982797186678157e-05,3,-1,16,16,16,1.0,0.0,1000000,7.0,191,0,0,0,504.21925025689416
4,x,10,0.1,m1,na,val,36500000,0.92341896,33686697,0.0005839918879527897,0.0018564953960068318,50,0.006697655529377734,6.508485675707592e-05,0.00023480583451777282,0.92287951,0.0018491173968313017,0.006671038012803212,0,2,56,40,48,1.0,0.0,33686697,392.0,41686,0,0,0,16960.90644066711
4,x,10,0.1,normal,na,val,36500000,0.91169482,33317624,0.0005891762041826446,0.004156357485836343,50,0.014994839608522182,6.589241103298095e-05,0.000237719238113021,0.91115826,0.004163523517047088,0.015020692410886022,0,2,64,48,64,1.0,0.0,33317624,394.0,38738,0,0,0,17353.131684751832
4,x,10,0.15,m1,na,val,36500000,0.8885846599999999,32387044,0.0009356940795123386,0.00262928034333218,50,0.009485622246993257,9.14886925461508e-05,0.00033006262704731826,0.8877530299999999,0.0026232590300924296,0.009463899229526545,0,2,56,40,48,1.0,0.0,32387044,783.0,60339,0,0,0,17720.024509706127
4,x,10,0.15,normal,na,val,36600000,0.8637989803921569,31450958,0.0009903059131940307,0.007998347433894703,51,0.029142666196825706,9.448765569537474e-05,0.00034427389312720303,0.8629449509803923,0.007999824810534949,0.029148049145569746,0,2,64,48,64,1.0,0.0,31450958,795.0,61644,0,0,0,19637.749678334978
4,x,10,0.3,m1,na,val,36500000,0.7920054000000001,28888290,0.002642256926293403,0.005781586961247232,50,0.020858159930192056,0.00020871132450083307,0.0007529652697192096,0.7899117699999999,0.00575747928385788,0.020771186959984565,0,2,56,40,48,1.0,0.0,28888290,3219.0,144560,0,0,0,17799.24435014691
4,x,10,0.3,normal,na,val,36500000,0.7586582,27644920,0.0026795097229597494,0.008725734433246984,50,0.0314797244315403,0.00021614700718466183,0.0007797908903747541,0.7566258600000001,0.008708257057725353,0.03141667151955719,0,2,64,48,64,1.0,0.0,27644920,3143.0,135982,0,0,0,18102.792351958866
4,x,10,0.5,m1,na,val,1500000,0.672938,1009407,0.006282934688200097,0.017560726040753562,15,0.03470020382813748,0.0014043140534906247,0.0027749412969460315,0.6687546666666667,0.017907449363738087,0.03538533324429093,0,2,56,40,48,1.0,0.0,1009407,420.0,11710,0,0,0,770.860743403784
4,x,10,0.5,normal,na,val,1500000,0.6194246666666667,929137,0.005787064990986653,0.03995850129472048,15,0.07895847451727547,0.000794699770706639,0.0015703362128477885,0.6159026666666667,0.03985812856353617,0.07876013680488252,0,2,64,48,64,1.0,0.0,929137,281.0,10004,0,0,0,757.0139548259904
4,x,10,0.7,m1,na,val,1500000,0.5812913333333333,871937,0.010346037471872908,0.012968884345444322,15,0.025626669943263236,0.000698589132917004,0.0013804204477699165,0.5752729999999999,0.012788233170369279,0.025269701069519132,0,2,56,40,48,1.0,0.0,871937,643.0,16769,0,0,0,752.7649031730834
4,x,10,0.7,normal,na,val,1600000,0.51191125,819058,0.010129366988471777,0.038639223495111376,16,0.07885555815328853,0.0013367819455616984,0.0027281264195136703,0.506796875,0.03835372181957867,0.07827290167260953,0,2,64,48,64,1.0,0.0,819058,609.0,15148,0,0,0,602.1843850999721
4,x,10,0.9,m1,na,val,1500000,0.5056499999999999,758475,0.01368221560310734,0.018734758292186935,15,0.03702010554125577,0.0010082172491911537,0.001992249293610404,0.49870933333333334,0.018337369660469602,0.036234860871555065,0,2,56,40,48,1.0,0.0,758475,850.0,19122,0,0,0,626.9488932259264
4,x,10,0.9,normal,na,val,1600000,0.441481875,706371,0.013874155519538361,0.015759370850522293,16,0.03216198132759652,0.0011298071809136467,0.0023057289406400953,0.435333125,0.015373613225620007,0.03137472086861226,0,2,64,48,64,1.0,0.0,706371,822.0,18032,0,0,0,816.2564911189256
4,x,10,1.0,m1,na,val,2500000,0.46076839999999997,1151921,0.01964867954591647,0.030217051403671008,25,0.07708431480528319,0.0021193754801983266,0.005406570102546752,0.4518452,0.02970804831079391,0.07578583752753548,0,2,56,40,48,1.0,0.0,1151921,2026.0,40564,0,0,0,1107.6069299468072
4,x,10,1.0,normal,na,val,2600000,0.40605846153846153,1055752,0.018383879265489084,0.013779895904704173,26,0.03584895822110402,0.0011719278268886135,0.00304881778460583,0.3985598076923077,0.013379397661835055,0.03480704579480338,0,2,64,48,64,1.0,0.0,1055752,1840.0,35313,0,0,0,1110.9215720199863
4,x,11,0.1,m1,na,val,36500000,0.95880228,34956111,0.00039666993094525626,0.00172308119088958,50,0.006216338748025582,3.6725380683681184e-05,0.00013249370266881842,0.9584220000000001,0.0017248782668605948,0.006222822036828704,1,1,40,24,32,1.0,0.0,34956111,290.0,25334,0,0,0,13229.68050009926
4,x,11,0.1,normal,na,val,36500000,0.95145964,34672742,0.0005188313110931899,0.002496322460019808,50,0.009005951732185154,5.679291276836664e-05,0.00020489109051963323,0.95096663,0.0025145675991730745,0.009071774495547231,1,1,48,32,48,1.0,0.0,34672742,410.0,36925,0,0,0,18492.120447919937
4,x,11,0.15,m1,na,val,36500000,0.9401761999999999,34265071,0.0007680500976701636,0.0025289268499155966,50,0.009123578187245168,8.579393410047123e-05,0.00030951771728119894,0.93945513,0.00255795163241119,0.009228290536863018,1,1,40,24,32,1.0,0.0,34265071,804.0,52679,0,0,0,15853.150604923198
4,x,11,0.15,normal,na,val,36500000,0.93042666,33937218,0.0009428364567735378,0.0040782751718040034,50,0.014713143007792568,7.755980522400277e-05,0.0002798115521500009,0.9295510400000001,0.004103798933209385,0.01480522476682896,1,1,48,32,48,1.0,0.0,33937218,910.0,59066,0,0,0,22302.54015443509
4,x,11,0.3,m1,na,val,36500000,0.88029312,32043360,0.002213300367291068,0.004619088045580315,50,0.016664226938405906,0.0001994485911677047,0.000719548220983609,0.87834783,0.0046578997499300305,0.016804247445217593,1,1,40,24,32,1.0,0.0,32043360,3402.0,133914,0,0,0,16504.324233180378
4,x,11,0.3,normal,na,val,36500000,0.86874736,31536542,0.00245619462538582,0.006733359415629569,50,0.024291857668152846,0.0002164935268018847,0.0007810410249214503,0.8666229400000001,0.006813411755369972,0.024580661506317582,1,1,48,32,48,1.0,0.0,31536542,4189.0,149821,0,0,0,22752.54931130208
4,x,11,0.5,m1,na,val,1500000,0.8197906666666667,1229686,0.0052835225591542695,0.013468439848303797,15,0.026613797567284162,0.0006814414219195656,0.0013465363665869283,0.8154816666666667,0.013776928813991082,0.027223375437996206,1,1,40,24,32,1.0,0.0,1229686,437.0,12053,0,0,0,838.3091257630731
4,x,11,0.5,normal,na,val,1500000,0.7869860000000001,1180479,0.005241547322390339,0.01845641928707372,15,0.036470104351764225,0.0012062054950627197,0.002383476425756013,0.7829283333333333,0.01911946770142354,0.037780295916308146,1,1,48,32,48,1.0,0.0,1180479,433.0,11307,0,0,0,878.1160957280081
4,x,11,0.7,m1,na,val,1500000,0.7390466666666666,1108570,0.0093462913978975,0.02317632407658971,15,0.04579669243619282,0.0014308573481199142,0.002827391163299457,0.7322056666666666,0.023567172572444443,0.04656901371952732,1,1,40,24,32,1.0,0.0,1108570,783.0,18957,0,0,0,809.2390106350067
4,x,11,0.7,normal,na,val,1500000,0.7479453333333334,1121918,0.008640412931622472,0.020775604462482222,15,0.041052841882952114,0.0017265540666727825,0.003411691401301213,0.7415656666666667,0.021412910508025552,0.042312166220108555,1,1,48,32,48,1.0,0.0,1121918,860.0,17419,0,0,0,824.0811315938481
4,x,11,0.9,m1,na,val,1500000,0.6929833333333334,1039475,0.014289635515497227,0.026081813018713065,15,0.0515379731940671,0.0017794007714564066,0.003516117119428211,0.68304,0.02545819570391167,0.05030569795190771,1,1,40,24,32,1.0,0.0,1039475,1390.0,27050,0,0,0,854.7752478098846
4,x,11,0.9,normal,na,val,1600000,0.68658125,1098530,0.013547808119010338,0.025036516818649115,16,0.05109493228295738,0.0026919873944567505,0.00549385182542194,0.67747,0.025944558140285727,0.05294807783731781,1,1,48,32,48,1.0,0.0,1098530,1536.0,26084,0,0,0,948.4093166220118
4,x,11,1.0,m1,na,val,2500000,0.6648148,1662037,0.01515209008026135,0.020462277659838622,25,0.05219968790775159,0.0016557263167396217,0.00422379162433577,0.654785,0.020401261516327863,0.05204403448042822,1,1,40,24,32,1.0,0.0,1662037,2250.0,45649,0,0,0,1250.7650873679668
4,x,11,1.0,normal,na,val,2600000,0.629036923076923,1635496,0.018875445898772845,0.019417586579934563,26,0.05051563922345088,0.001931728339850995,0.005025469642785927,0.6173442307692307,0.019975122099381452,0.05196609049548188,1,1,48,32,48,1.0,0.0,1635496,3295.0,54212,0,0,0,1243.8528040599776
4,x,12,1.0,m1,na,val,1000000,0.46877199999999997,468772,0.17340578839316953,0.022819812333188787,10,0.03681764426044784,0.013466950929958036,0.021727672487954125,0.3873045,0.018501985632189123,0.029851232568075505,0,2,56,24,48,1.0,0.0,468772,5194.0,152547,0,0,0,427.82854730519466
4,x,12,1.0,normal,na,val,1000000,0.417239,417239,0.18456826802095647,0.014441606500410922,10,0.023300188578159138,0.012587895505360373,0.020309398339354624,0.339986,0.009860861832553532,0.015909583205658703,0,2,64,32,64,1.0,0.0,417239,6452.0,141602,0,0,0,309.7387869330705
4,x,13,0.1,m1,na,val,38000000,0.9778719473684211,37159134,0.00014575992084497547,0.0027029977254499314,38,0.008501222973855535,3.078738308783033e-05,9.682968133744467e-05,0.9777295789473683,0.0027090534205505635,0.008520268796139234,2,0,24,8,16,1.0,0.0,37159134,50.0,10720,0,0,0,2536.410255492956
4,x,13,0.1,normal,na,val,38000000,0.9778364210526316,37157784,0.00023464624264806717,0.002248735240941673,38,0.007072517861342174,4.630131985730147e-05,0.0001456227063695381,0.9776070789473683,0.002253336499052391,0.007086989320489617,2,0,32,16,32,1.0,0.0,37157784,88.0,17254,0,0,0,21801.438227784878
4,x,13,0.15,m1,na,val,38000000,0.9608950789473684,36514013,0.00037581465979456943,0.005872754851397867,38,0.018470455225490307,7.217376526435431e-05,0.0002269943720625416,0.9605341710526316,0.005875413322243195,0.018478816406564503,2,0,24,8,16,1.0,0.0,36514013,171.0,27087,0,0,0,2994.036931747105
4,x,13,0.15,normal,na,val,38000000,0.9689022631578947,36818286,0.0004888224849310423,0.003229672271417512,38,0.010157671925983025,7.910931449521697e-05,0.0002488074316528531,0.9684294736842105,0.003254765878613631,0.010236594060465044,2,0,32,16,32,1.0,0.0,36818286,266.0,35400,0,0,0,22615.558927908947
4,x,13,0.3,m1,na,val,38000000,0.931114947368421,35382368,0.001146716913397082,0.008983590926867464,38,0.028254374340064715,0.00026880072691573916,0.0008454076352079706,0.9300506184210526,0.009013440701340237,0.028348255139934827,2,0,24,8,16,1.0,0.0,35382368,940.0,79009,0,0,0,3529.9544757328113
4,x,13,0.3,normal,na,val,38000000,0.9383207368421053,35656188,0.001931481373527305,0.005927849220731059,38,0.01864373303253228,0.00034915303314383695,0.00109812441157702,0.9365123552631578,0.005989745121279371,0.018838402397872277,2,0,32,16,32,1.0,0.0,35656188,2211.0,133015,0,0,0,23137.650441058096
4,x,13,0.5,m1,na,val,38000000,0.8956980263157894,34036525,0.0031598443008708523,0.01192626115956313,38,0.03750939351789591,0.000738176178252335,0.00232164467850858,0.8928909342105263,0.012080935840039997,0.03799586227617976,2,0,24,8,16,1.0,0.0,34036525,4187.0,204965,0,0,0,4829.672337552765
4,x,13,0.5,normal,na,val,38000000,0.9037092105263158,34340950,0.005166167358232029,0.009729727835957092,38,0.030601056386250478,0.0008706960949804875,0.0027384342858306748,0.8990582368421052,0.00988179108036166,0.031079311892956808,2,0,32,16,32,1.0,0.0,34340950,8808.0,335858,0,0,0,22133.30285823805
4,x,13,0.7,m1,na,val,38000000,0.8473473684210525,32199200,0.006453308414528576,0.018370030107709948,38,0.05777575042394331,0.001364474727447891,0.0042914219982536006,0.8419103552631578,0.018457674797789706,0.05805140254374614,2,0,24,8,16,1.0,0.0,32199200,11354.0,390505,0,0,0,5742.661451725056
4,x,13,0.7,normal,na,val,38000000,0.8607586578947369,32708829,0.010670693859583292,0.012978157975586423,38,0.040817723855841044,0.0018090988598652694,0.005689813441075855,0.851590552631579,0.01305824950107155,0.04106962044830006,2,0,32,16,32,1.0,0.0,32708829,24576.0,647624,0,0,0,22206.843404836894
4,x,13,0.9,m1,na,val,38000000,0.8223831842105264,31250561,0.009310430017951144,0.021500945582449738,38,0.06762282144159547,0.0018902520979787055,0.005945049235674192,0.8147725394736842,0.02154980190002458,0.06777647989475458,2,0,24,8,16,1.0,0.0,31250561,20167.0,538075,0,0,0,6621.692585928948
4,x,13,0.9,normal,na,val,38000000,0.8309231315789474,31575079,0.015584859369150226,0.01567424668013479,38,0.04929721720459842,0.0026587994203352617,0.008362214478469635,0.8180269605263157,0.015877994967030604,0.04993802781318082,2,0,32,16,32,1.0,0.0,31575079,43468.0,893173,0,0,0,21136.832880834176
4,x,13,1.0,m1,na,val,39000000,0.8194263333333334,31803838,0.011802556780568267,0.017609038683339774,48,0.062244387085694394,0.0020410344928303618,0.007214643758332166,0.8099309270833334,0.01812370797103986,0.06406363883139202,2,0,24,8,16,1.0,0.0,31803838,27986.0,685064,0,0,0,7884.229042353982
4,x,13,1.0,normal,na,val,40000000,0.8233428367346938,32566323,0.016201095524525366,0.014225686028214363,49,0.05080602152933701,0.0017695876347705152,0.006319955838466126,0.8101884285714286,0.014866624552413256,0.0530950876871902,2,0,32,16,32,1.0,0.0,32566323,52189.0,973641,0,0,0,23298.216188896797
4,x,14,1.0,m1,na,val,1000000,0.47464700000000004,474647,0.18931888469951144,0.014063744461595798,10,0.02269054333123529,0.012477073102230663,0.02013059670177133,0.3847525,0.012522800411241,0.020204373460823884,0,2,56,24,48,1.0,0.0,474647,9777.0,160235,0,0,0,347.64395318500465
4,x,14,1.0,normal,na,val,1000000,0.40805199999999997,408052,0.17686158419572012,0.016692811089786177,10,0.026932297752368273,0.007060569372953847,0.011391571834776027,0.335981,0.014986423461514175,0.024179200060290586,0,2,64,32,64,1.0,0.0,408052,8170.0,127802,0,0,0,376.8151449619909
4,x,15,1.0,m1,na,val,1000000,0.676022,676022,0.14240278651782481,0.024997840956214143,10,0.040331690820550076,0.02137070774270516,0.03447964881466528,0.5799615,0.027893647802179705,0.04500380576808046,1,1,40,8,32,1.0,0.0,676022,13725.0,164671,0,0,0,510.1809718949953
4,x,15,1.0,normal,na,val,1000000,0.687847,687847,0.1746073151142305,0.03360706989514359,10,0.05422188079241319,0.01658050942526915,0.026751109464153003,0.5679565,0.03170878738070427,0.05115917855358681,1,1,48,16,48,1.0,0.0,687847,21060.0,197661,0,0,0,576.384399876988
4,z,2,1.0,m1,na,val,1000000,0.674609,674609,0.14958563191309776,0.023378700462273565,10,0.03771935826306932,0.013984540608979893,0.02256275528341562,0.573953,0.024559345576807754,0.03962421931933381,1,1,40,40,32,1.0,0.0,674609,15156.0,171000,0,0,0,449.9516802919097
4,z,2,1.0,normal,na,val,1000000,0.63267,632670,0.1470180173627996,0.03391237793189318,10,0.0547144669067413,0.016079126224357705,0.025942174313425468,0.5404325,0.036246283122172214,0.05848000580682826,1,1,48,48,48,1.0,0.0,632670,13988.0,156499,0,0,0,517.306858487078
4,z,3,1.0,m1,na,val,1000000,0.46701999999999994,467020,0.16195720260872173,0.024460859155911365,10,0.03946532064146106,0.007826044629075457,0.01262659494796227,0.39114250000000006,0.018716870842323572,0.030197929863743242,0,2,56,40,48,1.0,0.0,467020,8053.0,135649,0,0,0,414.56928232399514
4,z,3,1.0,normal,na,val,1000000,0.365634,365634,0.21691558461047,0.08126805666025269,10,0.13111844901123224,0.0725463873214175,0.11704684691451077,0.2987495,0.06598162596623362,0.10645521519112573,0,2,64,48,64,1.0,0.0,365634,7779.0,118211,0,0,0,368.6743848370388
4,z,4,0.1,m1,na,val,38000000,0.9815393421052633,37298495,0.00011145883661028934,0.0019553208592148364,38,0.00614969759430677,2.153363450419765e-05,6.772563166963872e-05,0.9814300394736842,0.001960381287946536,0.006165613195191829,2,0,24,24,16,1.0,0.0,37298495,29.0,8249,0,0,0,1847.2107133051031
4,z,4,0.1,normal,na,val,38000000,0.966365552631579,36721891,9.791159604559922e-05,0.00395879422990278,38,0.012450840094737488,2.154879677367307e-05,6.777331866263417e-05,0.9662708815789474,0.003957195385998334,0.012445811556087934,2,0,32,32,32,1.0,0.0,36721891,16.0,7163,0,0,0,20436.36399307981
4,z,4,0.15,m1,na,val,38000000,0.9644725,36649955,0.0003198082459044605,0.0045941127712485555,38,0.014448986274644492,7.175817461164288e-05,0.00022568729408342053,0.9641650394736843,0.004614623626693975,0.014513495154501949,2,0,24,24,16,1.0,0.0,36649955,153.0,23061,0,0,0,2669.8129420229816
4,z,4,0.15,normal,na,val,38000000,0.9527308684210526,36203773,0.00027793433224230525,0.004893731648903684,38,0.015391320358813436,6.663122255107226e-05,0.00020956247006570007,0.9524654605263159,0.004880755129571526,0.015350507788670089,2,0,32,32,32,1.0,0.0,36203773,103.0,19965,0,0,0,20631.95939621696
4,z,4,0.3,m1,na,val,38000000,0.9315673684210527,35399560,0.001433370259714379,0.00898575401053955,38,0.02826117747439012,0.00040006897807729126,0.0012582606176597666,0.9302333157894737,0.008995249989644771,0.028291043365496305,2,0,24,24,16,1.0,0.0,35399560,1363.0,98662,0,0,0,3706.742623695056
4,z,4,0.3,normal,na,val,38000000,0.9013091578947368,34249748,0.0009043883012326636,0.009504192578176968,38,0.029891723375422407,0.00019146080947634277,0.0006021651504876238,0.900490355263158,0.009461534245797642,0.02975755826243137,2,0,32,32,32,1.0,0.0,34249748,722.0,60785,0,0,0,22147.712654445902
4,z,4,0.5,m1,na,val,38000000,0.8958281578947368,34041470,0.003127389559864927,0.011890006539246734,38,0.0373953687785333,0.0006374367085093195,0.002004808046908828,0.8930572236842105,0.01209538438530945,0.03804130452861933,2,0,24,24,16,1.0,0.0,34041470,3943.0,202705,0,0,0,4544.516673103906
4,z,4,0.5,normal,na,val,38000000,0.8541201578947369,32456566,0.0027398594578478858,0.014732190315919047,38,0.04633434708053843,0.0005781441807154048,0.001818326573131157,0.8517694736842106,0.014643560196916929,0.046055595679180536,2,0,32,32,32,1.0,0.0,32456566,3331.0,171990,0,0,0,22347.522988625802
4,z,4,0.7,m1,na,val,38000000,0.8595902368421052,32664429,0.005866822767083097,0.016140911920233796,38,0.05076493033764188,0.0011666034289215914,0.0036690951597734087,0.8546080526315789,0.016392262211008278,0.051555454445856436,2,0,24,24,16,1.0,0.0,32664429,9971.0,358704,0,0,0,5929.526892948721
4,z,4,0.7,normal,na,val,38000000,0.7945025,30191095,0.005297696906867482,0.020213261655555956,38,0.06357291489550256,0.0011098137082374761,0.003490485287625522,0.7902665789473684,0.02004110747191222,0.06303147119125606,2,0,32,32,32,1.0,0.0,30191095,8504.0,304922,0,0,0,21606.203433610906
4,z,4,0.9,m1,na,val,38000000,0.8367441315789473,31796277,0.008680620273091836,0.016530104759744528,38,0.05198898431199658,0.0020621289818760083,0.006485620801941135,0.8295599078947369,0.016889306704330177,0.05311871364725038,2,0,24,24,16,1.0,0.0,31796277,18570.0,508861,0,0,0,6361.847212112218
4,z,4,0.9,normal,na,val,38000000,0.7386033157894737,28066926,0.008335825892988114,0.0242266532302299,38,0.07619546960076672,0.0019330955524784004,0.0060797965779463775,0.7323731710526316,0.023860807496325003,0.07504484482270049,2,0,32,32,32,1.0,0.0,28066926,15224.0,443043,0,0,0,23064.89014954114
4,z,4,1.0,m1,na,val,39000000,0.8152352708333334,31397350,0.012194730626388374,0.018491452023039916,48,0.06536353961148456,0.002510889855247508,0.008875487349995811,0.8053732291666668,0.018661848525894732,0.06596585675511027,2,0,24,24,16,1.0,0.0,31397350,30937.0,737651,0,0,0,7525.512931074947
4,z,4,1.0,normal,na,val,39000000,0.7430027083333334,28617031,0.009161782988896366,0.020094334737551914,48,0.07102940553007375,0.0017864076189535397,0.006314589304195252,0.7361600729166667,0.019886799993065828,0.07029581222030695,2,0,32,32,32,1.0,0.0,28617031,18356.0,502110,0,0,0,22064.4189448721
4,z,5,1.0,m1,na,val,1000000,0.442289,442289,0.16470186393396527,0.024316244535806827,10,0.03923199840549661,0.012408005713325327,0.020019162895148112,0.36893699999999996,0.016718203538663417,0.02697326610635881,0,2,56,40,48,1.0,0.0,442289,4956.0,136792,0,0,0,469.0724294129759
4,z,5,1.0,normal,na,val,1000000,0.396488,396488,0.17083242182025823,0.025723331817911935,10,0.04150220283310274,0.0193211563699367,0.03117288834554633,0.32892350000000004,0.023052028670660064,0.03719230371774965,0,2,64,48,64,1.0,0.0,396488,4406.0,126317,0,0,0,375.44079508510185
4,z,6,0.1,m1,na,val,35500000,0.9591556326530613,34043009,0.0004534453455557682,0.0019909802653801847,49,0.007110643804929231,5.8561662839128945e-05,0.00020914879585403197,0.9587209387755101,0.001999683674259509,0.007141727408069675,1,1,40,24,32,1.0,0.0,34043009,313.0,30373,0,0,0,9798.83267596789
4,z,6,0.1,normal,na,val,35500000,0.9508590408163266,33707567,0.0005939278488410986,0.004912948519731638,49,0.01754624471332728,5.840601418111148e-05,0.00020859290778968385,0.950294969387755,0.004920764726284929,0.01757415973673189,1,1,48,32,48,1.0,0.0,33707567,519.0,40192,0,0,0,19993.080071588047
4,z,6,0.15,m1,na,val,35500000,0.9391561836734694,33312516,0.0007298174824950862,0.002576135237637966,49,0.009200482991564165,6.111921489965761e-05,0.00021828291035592002,0.9384706734693878,0.0025719519142407507,0.009185542550859824,1,1,40,24,32,1.0,0.0,33312516,672.0,46072,0,0,0,12406.439013506111
4,z,6,0.15,normal,na,val,36500000,0.9296965199999999,33932931,0.0009888726516192124,0.0028134009208018386,50,0.01014987178211968,9.86154731260321e-05,0.0003557738253945768,0.92877893,0.002857344140895849,0.010308405194954616,1,1,48,32,48,1.0,0.0,33932931,1124.0,65409,0,0,0,22258.616936717008
4,z,6,0.3,m1,na,val,36500000,0.87946302,32065089,0.0020952019939890322,0.004933617197401585,50,0.017798949877863422,0.0001679938452708681,0.0006060693223909921,0.8776224899999999,0.004955945112299786,0.01787950202089543,1,1,40,24,32,1.0,0.0,32065089,2862.0,129279,0,0,0,13802.352256292128
4,z,6,0.3,normal,na,val,36500000,0.8598827,31279735,0.002680097875233439,0.006568890411747777,50,0.023698504872541562,0.00029511827423793453,0.001064694555947524,0.8575912200000001,0.006680546229171184,0.024101324187128386,1,1,48,32,48,1.0,0.0,31279735,4459.0,158301,0,0,0,21263.586924590985
4,z,6,0.5,m1,na,val,1500000,0.8111466666666666,1216720,0.004590325583483341,0.01231663210835022,15,0.024337811753573444,0.000749314034146521,0.0014806534568004956,0.8074290000000001,0.012388387144590965,0.024479600559883095,1,1,40,24,32,1.0,0.0,1216720,334.0,10485,0,0,0,771.8174711271422
4,z,6,0.5,normal,na,val,1500000,0.8058186666666667,1208728,0.005131515557757394,0.020495665770438164,15,0.040499679693030824,0.0006859035065741082,0.0013553534990136686,0.801719,0.02075900508801582,0.04102004132128587,1,1,48,32,48,1.0,0.0,1208728,423.0,11453,0,0,0,886.8319970560842
4,z,6,0.7,m1,na,val,1500000,0.7650106666666667,1147516,0.008210039371749939,0.015575187462821877,15,0.030776755947738613,0.0011363912200927004,0.002245522586834365,0.7587569999999999,0.015851705405572823,0.03132315869631103,1,1,40,24,32,1.0,0.0,1147516,740.0,17281,0,0,0,821.9584013170679
4,z,6,0.7,normal,na,val,1500000,0.749406,1124109,0.008692753295354147,0.01690177555876699,15,0.03339810982675515,0.0013332865091206347,0.0026345900232383887,0.7429156666666666,0.017069374317474146,0.033729286970284676,1,1,48,32,48,1.0,0.0,1124109,849.0,17773,0,0,0,809.0623082990642
4,z,6,0.9,m1,na,val,1500000,0.6872633333333333,1030895,0.012989509453032688,0.025978162225924393,15,0.051333157992897845,0.001829268937947867,0.0036146572104115396,0.678376,0.02598800505261866,0.05135260753568688,1,1,40,24,32,1.0,0.0,1030895,1285.0,24092,0,0,0,699.2570181021001
4,z,6,0.9,normal,na,val,1500000,0.6704686666666666,1005703,0.014084583651507407,0.018106246378902253,15,0.035778158514192235,0.00180312085507291,0.0035629882871921724,0.661101,0.018620252027768045,0.036793839798842105,1,1,48,32,48,1.0,0.0,1005703,1371.0,25361,0,0,0,773.6566767200129
4,z,6,1.0,m1,na,val,2500000,0.6514236,1628559,0.01930063300876594,0.054853231420202916,25,0.1399317128066401,0.006160704608373951,0.015716083184627427,0.6408176,0.05416782745006499,0.13818323329098212,1,1,40,24,32,1.0,0.0,1628559,2540.0,47950,0,0,0,1225.91328746808
4,z,6,1.0,normal,na,val,2500000,0.6400704,1600176,0.01772887511570492,0.022120203039544095,25,0.05642908938659208,0.0020482364992513726,0.0052250931103351335,0.628949,0.02272814996420958,0.057979974398493825,1,1,48,32,48,1.0,0.0,1600176,3029.0,49549,0,0,0,1362.1461435538367
4,z,7,0.1,m1,na,val,35500000,0.9250027551020409,32837185,0.0006186704408576083,0.002027159825766078,49,0.0072398565205931366,5.590717813651965e-05,0.00019966849334471305,0.9244301734693877,0.0020152361981580916,0.007197272136278899,0,2,56,24,48,1.0,0.0,32837185,365.0,42135,0,0,0,10602.406327469216
4,z,7,0.1,normal,na,val,36500000,0.91340662,33302846,0.000618974597253279,0.0024153353552877625,50,0.008713775553895898,6.20448693069782e-05,0.0002238385093101907,0.91284142,0.0024195896408561114,0.008729123687439182,0,2,64,32,64,1.0,0.0,33302846,380.0,43313,0,0,0,18252.624978789187
4,z,7,0.15,m1,na,val,35500000,0.8894987551020408,31560665,0.0009343740407814721,0.003467929773356623,49,0.012385463476273654,0.00010032988484527756,0.00035832101730456266,0.8886672857142857,0.0034586718067393073,0.01235239930978324,0,2,56,24,48,1.0,0.0,31560665,784.0,60062,0,0,0,13122.054094365216
4,z,7,0.15,normal,na,val,36500000,0.8764037,31986022,0.0010618313828216546,0.0027183260921471502,50,0.009806871496089683,0.0001004048729561074,0.0003622294210787619,0.8754732,0.0027191987732271446,0.009810019856852321,0,2,64,32,64,1.0,0.0,31986022,885.0,68726,0,0,0,19227.19739863515
4,z,7,0.3,m1,na,val,35500000,0.7894358979591837,28043891,0.002543282184466937,0.005370431077539308,49,0.019180110991211814,0.00024052314068618753,0.0008590112167363841,0.7874302755102041,0.005383763842277695,0.019227728008134628,0,2,56,24,48,1.0,0.0,28043891,3167.0,144101,0,0,0,15138.102393078152
4,z,7,0.3,normal,na,val,36500000,0.7682275199999999,28123755,0.00257437932470891,0.005717151709621899,50,0.02062569766809137,0.00018091157096514934,0.0006526724419620838,0.76624829,0.005688429478429225,0.020522076829075312,0,2,64,32,64,1.0,0.0,28123755,3081.0,137572,0,0,0,17222.630248392
4,z,7,0.5,m1,na,val,1500000,0.6876126666666666,1031419,0.006250620847723191,0.018142524989153083,15,0.035849845480174385,0.0007663584643646567,0.0015143334539333701,0.683292,0.017810949172042078,0.035194647716053955,0,2,56,24,48,1.0,0.0,1031419,415.0,12132,0,0,0,696.9806485240697
4,z,7,0.5,normal,na,val,1500000,0.6516993333333333,977549,0.007065566075546806,0.01771446846155363,15,0.03500400068291517,0.0009349469829714807,0.0018474663748139868,0.6470806666666667,0.01745930705209624,0.034499798698515535,0,2,64,32,64,1.0,0.0,977549,469.0,12918,0,0,0,659.3210017241072
4,z,7,0.7,m1,na,val,1500000,0.5866786666666666,880018,0.009152257443766179,0.016066063799123637,15,0.03174673343526108,0.0006202428301925144,0.0012256072203776342,0.5813,0.01584029467629944,0.03130061095934987,0,2,56,24,48,1.0,0.0,880018,551.0,15034,0,0,0,677.8493341611465
4,z,7,0.7,normal,na,val,1500000,0.562178,843267,0.010571254760074594,0.01896076671293647,15,0.037466700872717806,0.0010042889269492401,0.001984486882068839,0.5562386666666667,0.018793569408927558,0.03713631700845388,0,2,64,32,64,1.0,0.0,843267,632.0,16554,0,0,0,632.984619416995
4,z,7,0.9,m1,na,val,1500000,0.52314,784710,0.01476757109293452,0.018121432700092994,15,0.03580816686575443,0.0019614998681728806,0.003875947103582455,0.5153586666666666,0.017477122270447672,0.03453500178218091,0,2,56,24,48,1.0,0.0,784710,977.0,21390,0,0,0,605.5670499300468
4,z,7,0.9,normal,na,val,1500000,0.47067133333333333,706007,0.016903669142683552,0.016135852348776344,15,0.031884636440649296,0.0023026235479438164,0.004550011558046651,0.462696,0.015739053357861132,0.031100556908196988,0,2,64,32,64,1.0,0.0,706007,1103.0,21720,0,0,0,740.1422234289348
4,z,7,1.0,m1,na,val,2500000,0.4793228,1198307,0.01795357200565873,0.01829843352889742,25,0.046679677369636276,0.001493321756860857,0.0038094942777062678,0.4706722,0.01777780237897467,0.04535153668105783,0,2,56,24,48,1.0,0.0,1198307,2079.0,39095,0,0,0,993.4645828517387
4,z,7,1.0,normal,na,val,2500000,0.4339596,1084899,0.01933708838572197,0.014285617527447761,25,0.03644290185573409,0.0015121324236018066,0.0038574806724535884,0.42553359999999996,0.013834148013590716,0.035291193912221214,0,2,64,32,64,1.0,0.0,1084899,1989.0,38152,0,0,0,1001.820335781842
4,z,8,1.0,m1,na,val,1000000,1.0,1000000,2.5e-06,0.0,10,0.0,2.191346617949794e-06,3.5355339059327378e-06,0.9999974999999999,2.1913466179051366e-06,3.535533905860687e-06,3,-1,8,8,0,1.0,0.0,1000000,0.0,5,0,0,0,20.48439686599886
4,z,8,1.0,normal,na,val,1000000,1.0,1000000,2.4e-05,0.0,10,0.0,8.238219872440079e-06,1.3291601358251256e-05,0.999976,8.238219872445417e-06,1.3291601358259865e-05,3,-1,16,16,16,1.0,0.0,1000000,0.0,48,0,0,0,404.9671486869338
4,z,9,1.0,m1,na,val,1000000,0.465701,465701,0.17180033922083338,0.03253360598970173,10,0.052489946645894875,0.012410496029799685,0.020023180789104037,0.385149,0.023970637057863564,0.03867439289188074,0,2,56,40,48,1.0,0.0,465701,6176.0,148752,0,0,0,374.27694871101994
4,z,9,1.0,normal,na,val,1000000,0.385169,385169,0.21580557687054389,0.06057796974600071,10,0.09773691858476224,0.06246423999165799,0.1007802401454165,0.310492,0.05673884400004559,0.0915428463495525,0,2,64,48,64,1.0,0.0,385169,6004.0,137346,0,0,0,332.7948884629295
4,z,10,0.1,m1,na,val,35500000,0.9585404489795919,34030550,0.0006803644499500451,0.0019229651394656116,49,0.006867732640948613,9.118367440405525e-05,0.00032565598001448303,0.9578886632653061,0.001938490788723708,0.006923181388298958,1,1,40,24,32,1.0,0.0,34030550,580.0,44229,0,0,0,2328.535908583086
4,z,10,0.1,normal,na,val,36500000,0.9524611799999999,34733952,0.0005149030815491131,0.0023373044829743186,50,0.008432264538820705,6.786008941034274e-05,0.0002448180071121366,0.95197067,0.0023343058535466705,0.008421446420440319,1,1,48,32,48,1.0,0.0,34733952,364.0,33518,0,0,0,20366.682365453977
4,z,10,0.15,m1,na,val,35500000,0.9378518163265306,33271813,0.0010337634186284204,0.0024601308022406745,49,0.008786181436573837,0.00012236595189511182,0.0004370212567682565,0.9368824387755103,0.0024647461984790018,0.008802664994567864,1,1,40,24,32,1.0,0.0,33271813,1088.0,64743,0,0,0,3093.9561091639334
4,z,10,0.15,normal,na,val,36500000,0.93170828,33932224,0.0007968736235974648,0.0035240323307298782,50,0.012713607949896589,9.291634594744623e-05,0.0003352131546046654,0.9309667699999999,0.0035416353385797094,0.012777114104079728,1,1,48,32,48,1.0,0.0,33932224,924.0,56958,0,0,0,21161.37924222002
4,z,10,0.3,m1,na,val,36500000,0.8825112,32105196,0.0025201579369464305,0.005518721942664623,50,0.019909825046638536,0.0002258827489205008,0.0008149144056874716,0.8802930600000001,0.005581103272458394,0.020134877400294703,1,1,40,24,32,1.0,0.0,32105196,4435.0,154471,0,0,0,4272.814045740757
4,z,10,0.3,normal,na,val,36500000,0.8668107,31588920,0.0020737843504828424,0.005124646120694776,50,0.0184881225669623,0.00024640014881586406,0.0008889347760871018,0.8650146,0.0051374342668487685,0.018534258204025017,1,1,48,32,48,1.0,0.0,31588920,3344.0,124241,0,0,0,19835.67037582706
4,z,10,0.5,m1,na,val,1500000,0.8065566666666667,1209835,0.004888933930859853,0.013230665161879708,15,0.02614395195469733,0.000706762955383475,0.0013965720183247625,0.80262,0.013286656808492755,0.026254592115339707,1,1,40,24,32,1.0,0.0,1209835,370.0,11070,0,0,0,617.9381556160515
4,z,10,0.5,normal,na,val,1500000,0.789846,1184769,0.004569103306249812,0.01804807364181192,15,0.03566320849278705,0.0010044105522387951,0.0019847272150897185,0.7862513333333333,0.018144984086412918,0.03585470468565094,1,1,48,32,48,1.0,0.0,1184769,351.0,10082,0,0,0,863.6487986139837
4,z,10,0.7,m1,na,val,1500000,0.7622140000000001,1143321,0.008592826961182414,0.020499528073761434,15,0.04050731165040278,0.0009823547289195987,0.0019411446454967898,0.7556893333333333,0.020594783376202613,0.04069553726264392,1,1,40,24,32,1.0,0.0,1143321,715.0,18144,0,0,0,687.656621419068
4,z,10,0.7,normal,na,val,1500000,0.7337113333333334,1100567,0.007359304056973279,0.0207275461023934,15,0.0409578779909776,0.0011069013079045742,0.0021872501690865433,0.728329,0.02074705185273963,0.04099642158600119,1,1,48,32,48,1.0,0.0,1100567,574.0,14999,0,0,0,835.1571241009515
4,z,10,0.9,m1,na,val,1500000,0.7096913333333333,1064537,0.012922584166648618,0.021533657107394584,15,0.04255076293871439,0.0015738570684326134,0.0031099603139542547,0.7005389999999999,0.021457670690895922,0.042400612874613726,1,1,40,24,32,1.0,0.0,1064537,1081.0,25295,0,0,0,681.8026408659061
4,z,10,0.9,normal,na,val,1500000,0.6838286666666666,1025743,0.011678400052198211,0.01949780638417677,15,0.038527897659945555,0.0022024363669555657,0.004352040495051262,0.6758586666666666,0.01946618095933331,0.038465405443754,1,1,48,32,48,1.0,0.0,1025743,1106.0,21698,0,0,0,868.9867203980684
4,z,10,1.0,m1,na,val,2500000,0.6691712,1672928,0.016971641258195627,0.020065448102451405,25,0.0511873676082944,0.0014515224026960714,0.003702863272183856,0.6579134000000001,0.020277581052899177,0.051728523094130556,1,1,40,24,32,1.0,0.0,1672928,2724.0,50841,0,0,0,1064.3519728360116
4,z,10,1.0,normal,na,val,2500000,0.6232548,1558137,0.012728108042519542,0.01905323107683481,25,0.04860518131845615,0.0014886217054868177,0.003797504350731678,0.6153934,0.019193736201541443,0.0489636127590343,1,1,48,32,48,1.0,0.0,1558137,1581.0,36145,0,0,0,1387.5771371119772
4,z,11,0.1,m1,na,val,35500000,0.9217921224489796,32675355,0.00037379964912110747,0.004165572420520379,49,0.014877044359001355,4.3460828593337505e-05,0.0001552172449762054,0.9214474897959184,0.00416336694205143,0.014869167650183679,0,2,56,24,48,1.0,0.0,32675355,192.0,25164,0,0,0,7610.341668174136
4,z,11,0.1,normal,na,val,35500000,0.9133350204081633,32414416,0.0003580099817911212,0.0021059694181065377,49,0.007521319350380492,3.9548864214563425e-05,0.0001412459436234408,0.9130076530612244,0.0020921579448661787,0.007471992660236353,0,2,64,32,64,1.0,0.0,32414416,192.0,23085,0,0,0,17537.509883662045
4,z,11,0.15,m1,na,val,35500000,0.8863292653061225,31409770,0.0005674986043381291,0.0026677344002355233,49,0.009527622857984011,5.4646496719294824e-05,0.00019516605971176725,0.8858262040816327,0.002664880148499491,0.009517429101783896,0,2,56,24,48,1.0,0.0,31409770,412.0,36740,0,0,0,10574.101974440913
4,z,11,0.15,normal,na,val,35500000,0.871705693877551,30966770,0.0005463916641012252,0.0032735544115532924,49,0.011691265755547473,7.204805162018252e-05,0.0002573144700720804,0.8712301530612245,0.0032881169685246934,0.011743274887588192,0,2,64,32,64,1.0,0.0,30966770,309.0,31432,0,0,0,16621.517647075176
4,z,11,0.3,m1,na,val,35500000,0.781586918367347,27634055,0.0016641496797146407,0.010557032423956395,49,0.037703687228415696,0.00016059682851638925,0.0005735601018442473,0.7802868265306122,0.01054251404379114,0.037651835870682646,0,2,56,24,48,1.0,0.0,27634055,1696.0,88152,0,0,0,13231.708684978134
4,z,11,0.3,normal,na,val,36500000,0.7538841399999999,27666614,0.0016056814247172812,0.010068193862735822,50,0.036322898748169796,0.0001833495094020487,0.0006614677623745678,0.7526748499999999,0.010059670689533532,0.03629214980139139,0,2,64,32,64,1.0,0.0,27666614,1531.0,81273,0,0,0,16499.225455245003
4,z,11,0.5,m1,na,val,1500000,0.6700713333333332,1005107,0.003644992117396388,0.014790271325080918,15,0.02922575231016709,0.0007086634353847827,0.0014003273894445916,0.6676103333333334,0.014517406638383384,0.02868656843907135,0,2,56,24,48,1.0,0.0,1005107,183.0,7017,0,0,0,669.1110876289313
4,z,11,0.5,normal,na,val,1500000,0.63445,951675,0.003567276760060071,0.01773685779011228,15,0.03504824226283375,0.00046477316766183887,0.0009183973153665152,0.6321713333333334,0.017523748856609164,0.034627136471820696,0,2,64,32,64,1.0,0.0,951675,143.0,6550,0,0,0,623.6059042199049
4,z,11,0.7,m1,na,val,1500000,0.5840099999999999,876015,0.0068828053604952835,0.01838882523099288,15,0.03633653769181335,0.0007067479866762867,0.001396542439981061,0.5799913333333334,0.018286100548490673,0.03613355249560137,0,2,56,24,48,1.0,0.0,876015,377.0,11302,0,0,0,604.208938441996
4,z,11,0.7,normal,na,val,1500000,0.5358506666666667,803776,0.006149635203134257,0.01609773069193433,15,0.031809307592649834,0.0007476578067980707,0.001477380731832087,0.5325656666666666,0.016094782905133505,0.03180348273081933,0,2,64,32,64,1.0,0.0,803776,268.0,9319,0,0,0,661.2066096250783
4,z,11,0.9,m1,na,val,1500000,0.4870146666666667,730522,0.011463065081533856,0.014112942488280438,15,0.027887342460761837,0.0014165991807670432,0.002799216854776443,0.48140333333333335,0.013710505937337894,0.027092123042544682,0,2,56,24,48,1.0,0.0,730522,555.0,15724,0,0,0,587.2214266870869
4,z,11,0.9,normal,na,val,1500000,0.4053073333333333,607961,0.010771282734978349,0.05416640639176689,15,0.10703346422408988,0.0012924032612758206,0.0025538042385231667,0.4010376666666666,0.053641153639949896,0.10599555853004047,0,2,64,32,64,1.0,0.0,607961,477.0,11855,0,0,0,543.6473911289941
4,z,11,1.0,m1,na,val,2500000,0.44394599999999995,1109865,0.01464906842904837,0.03879322858879369,25,0.09896231782855534,0.0018153500509472992,0.004630995027926784,0.4376714,0.0381849693902885,0.09741063619971556,0,2,56,24,48,1.0,0.0,1109865,1168.0,29037,0,0,0,866.8386532721343
4,z,11,1.0,normal,na,val,2500000,0.3941172,985293,0.01402144519158919,0.03493994754559329,25,0.08913251924896248,0.004313979786550392,0.011005050475893858,0.3894182,0.03450380179181781,0.08801990253014749,0,2,64,32,64,1.0,0.0,985293,843.0,21809,0,0,0,978.9242692940752
4,z,12,1.0,m1,na,val,1000000,0.847618,847618,3.3866223669083164e-05,0.02402103582821985,10,0.03875570661922647,1.9156090176366216e-05,3.090656939841522e-05,0.84759,0.02403053113294745,0.03877102641005126,2,0,24,8,16,1.0,0.0,847618,1.0,54,0,0,0,54.749796467949636
4,z,12,1.0,normal,na,val,1000000,0.860563,860563,3.4869228695661456e-05,0.001284168340712739,10,0.002071886150883363,8.15058639843717e-06,1.3150212900535771e-05,0.860533,0.001286188512604419,0.002075145510292934,2,0,32,16,32,1.0,0.0,860563,1.0,58,0,0,0,429.44761688588187
4,z,13,0.1,m1,na,val,38000000,0.9225049210526317,35055187,4.0488690860462584e-05,0.0020102729586960726,38,0.006322527947130584,3.684424154537235e-06,1.1587916250564521e-05,0.9224675921052631,0.002011246168562214,0.006325588798419701,0,2,56,24,48,1.0,0.0,35055187,23.0,2791,0,0,0,2083.200066659949
4,z,13,0.1,normal,na,val,38000000,0.9054229999999999,34406074,4.0791849422907645e-05,0.005356500177370062,38,0.01684677790830909,3.864982536908317e-06,1.2155792077422546e-05,0.9053860789473684,0.005356531302448833,0.01684687580008022,0,2,64,32,64,1.0,0.0,34406074,21.0,2764,0,0,0,18770.03096729197
4,z,13,0.15,m1,na,val,38000000,0.8880426052631578,33745619,0.00010218838103048394,0.003266684779828219,38,0.010274080306152398,1.3806592238615035e-05,4.342324006581699e-05,0.887951894736842,0.0032674634330879314,0.010276529255671596,0,2,56,24,48,1.0,0.0,33745619,53.0,6788,0,0,0,3014.0487737273215
4,z,13,0.15,normal,na,val,38000000,0.8694671842105263,33039753,9.666944429348119e-05,0.00433837117765214,38,0.013644651039589726,9.413264914712169e-06,2.9605745945871558e-05,0.8693831447368422,0.004338209226519556,0.01364414168559508,0,2,64,32,64,1.0,0.0,33039753,40.0,6307,0,0,0,19673.211728283844
4,z,13,0.3,m1,na,val,38000000,0.7809462631578947,29675958,0.0003584366081507182,0.0057511369361535145,38,0.018087953603171846,3.595059546230528e-05,0.00011306854800148346,0.7806665789473685,0.005752667523464186,0.018092767467381372,0,2,56,24,48,1.0,0.0,29675958,205.0,20846,0,0,0,4457.0870413677185
4,z,13,0.3,normal,na,val,38000000,0.756371447368421,28742115,0.00037865787108788495,0.006664313972556529,38,0.020959995088065956,5.577286472067677e-05,0.00017541174911726238,0.7560852368421053,0.006664390612437316,0.020960236128858972,0,2,64,32,64,1.0,0.0,28742115,221.0,21310,0,0,0,18876.013374176982
4,z,13,0.5,m1,na,val,38000000,0.6663181842105262,25320091,0.0011467668848719977,0.008167959647655853,38,0.025689124912089436,0.00014762806322301416,0.00046430637763425394,0.6655542236842106,0.008160296106486853,0.02566502223836774,0,2,56,24,48,1.0,0.0,25320091,760.0,56541,0,0,0,6254.153737698973
4,z,13,0.5,normal,na,val,38000000,0.6223811315789474,23650483,0.001093547094201571,0.007568287956198182,38,0.023803091967188533,0.00011298915811428028,0.0003553632390119108,0.6217023157894737,0.0075767801703859935,0.023829800908033206,0,2,64,32,64,1.0,0.0,23650483,740.0,50110,0,0,0,17291.688611206133
4,z,13,0.7,m1,na,val,38000000,0.5730823421052631,21777129,0.0020477927020097464,0.010228053505158523,38,0.03216834502567098,0.00017379025944079217,0.000546589341263485,0.571912052631579,0.010227358177527339,0.03216615814435143,0,2,56,24,48,1.0,0.0,21777129,1461.0,86020,0,0,0,8029.240065290185
4,z,13,0.7,normal,na,val,38000000,0.5270111842105263,20026425,0.002202648733919925,0.010833455538978062,38,0.03407240052296846,0.0002729043092492938,0.0008583138496974094,0.5258516447368421,0.01081985691146066,0.03402963135465752,0,2,64,32,64,1.0,0.0,20026425,1310.0,85505,0,0,0,16960.08938636817
4,z,13,0.9,m1,na,val,38000000,0.48615963157894737,18474066,0.003654627978846244,0.012708308364725964,38,0.03996901736610434,0.00038797538840957505,0.0012202249577139346,0.48437786842105257,0.012639154404628896,0.03975152061101091,0,2,56,24,48,1.0,0.0,18474066,2648.0,130118,0,0,0,9588.423546494916
4,z,13,0.9,normal,na,val,38000000,0.4245235526315789,16131895,0.003465232479146598,0.011801775937114104,38,0.037117873901351274,0.00030950697554570333,0.0009734332316686276,0.4230609868421053,0.011792435974182048,0.037088498698144345,0,2,64,32,64,1.0,0.0,16131895,2416.0,106323,0,0,0,15946.99521667033
4,z,13,1.0,m1,na,val,39000000,0.44601416666666666,17411114,0.00475238414097052,0.010827326962129603,48,0.0382724089970793,0.0005121329567734381,0.0018102863293103478,0.44390784375,0.010827092040881408,0.03827157859802287,0,2,56,24,48,1.0,0.0,17411114,3401.0,145050,0,0,0,9882.729427503713
4,z,13,1.0,normal,na,val,39000000,0.3976699166666667,15382766,0.004825251605326745,0.020917887052345704,48,0.07394049624826518,0.0006640519475687128,0.0023472892082736217,0.3958536458333333,0.02080248013645793,0.0735325561628316,0,2,64,32,64,1.0,0.0,15382766,2866.0,126699,0,0,0,16933.12047288794
4,z,14,1.0,m1,na,val,1000000,0.6926370000000001,692637,1.7435588351991358e-05,0.02239428390853742,10,0.03613109373440618,8.554830409092887e-06,1.3802423004695693e-05,0.6926249999999999,0.022394939901385462,0.03613215211783913,1,1,40,8,32,1.0,0.0,692637,0.0,24,0,0,0,85.26154192490503
4,z,14,1.0,normal,na,val,1000000,0.7019529999999999,701953,8.778750831931395e-06,0.020622247845927096,10,0.03327207840083201,8.91641162936759e-06,1.438580066551769e-05,0.701947,0.02062444929779973,0.03327563023862628,1,1,48,16,48,1.0,0.0,701953,1.0,10,0,0,0,375.62302631890634
4,z,15,1.0,m1,na,val,1000000,0.486714,486714,1.560405055529659e-05,0.030859644651296075,10,0.049789165755881735,1.308796312306178e-05,2.1116210918962165e-05,0.48670650000000004,0.030859994809980848,0.04978973070434417,0,2,56,8,48,1.0,0.0,486714,1.0,13,0,0,0,82.27953408984467
4,z,15,1.0,normal,na,val,1000000,0.47694099999999995,476941,1.6002198455792195e-05,0.016342969627003403,10,0.026367861098103677,8.041765689843806e-06,1.2974640810868178e-05,0.4769335,0.016344386283438938,0.026370146741470122,0,2,64,16,64,1.0,0.0,476941,0.0,15,0,0,0,359.5676109329215
