n,N,i,lstate,sim_type,p_error,prob_threshold,count_accept,total_data,prep_rate,ler_clean,ler_all,total_params,model_mem_mb,train_time_sec,latency_us,train_pooled_loss,test_bce_loss
4,16,7,z,normal,0.05,0.05,0,0,0.0,0.0,0.0,440065,1.6787147521972656,3732.0229355648626,229.0849529672414,156252448.25257865,0.6576185905809938,0.7290919423103333
4,16,7,z,normal,0.05,0.1,0,12,0.0,1,1,440065,1.6787147521972656,3732.0229355648626,229.0849529672414,156252448.25257865,0.6576185905809938,0.7290919423103333
4,16,7,z,normal,0.05,0.15,0,116,0.0,1,1,440065,1.6787147521972656,3732.0229355648626,229.0849529672414,156252448.25257865,0.6576185905809938,0.7290919423103333
4,16,7,z,normal,0.05,0.2,5,589,0.008488964346349746,-0.1,0.0,440065,1.6787147521972656,3732.0229355648626,229.0849529672414,156252448.25257865,0.6576185905809938,0.7290919423103333
4,16,7,z,normal,0.05,0.25,8,2005,0.00399002493765586,0.0625,0.25,440065,1.6787147521972656,3732.0229355648626,229.0849529672414,156252448.25257865,0.6576185905809938,0.7290919423103333
4,16,7,z,normal,0.05,0.3,29,5174,0.005604947816003092,0.017241379310344827,0.13793103448275867,440065,1.6787147521972656,3732.0229355648626,229.0849529672414,156252448.25257865,0.6576185905809938,0.7290919423103333
4,16,7,z,normal,0.05,0.35,105,11281,0.0093076854888751,0.01904761904761905,0.1523809523809524,440065,1.6787147521972656,3732.0229355648626,229.0849529672414,156252448.25257865,0.6576185905809938,0.7290919423103333
4,16,7,z,normal,0.05,0.39999999999999997,237,20620,0.011493695441319108,0.014767932489451477,0.15189873417721522,440065,1.6787147521972656,3732.0229355648626,229.0849529672414,156252448.25257865,0.6576185905809938,0.7290919423103333
4,16,7,z,normal,0.05,0.44999999999999996,404,33064,0.01221872731671909,0.024752475247524754,0.15594059405940597,440065,1.6787147521972656,3732.0229355648626,229.0849529672414,156252448.25257865,0.6576185905809938,0.7290919423103333
4,16,7,z,normal,0.05,0.49999999999999994,628,47766,0.013147427040154085,0.03264331210191083,0.15286624203821653,440065,1.6787147521972656,3732.0229355648626,229.0849529672414,156252448.25257865,0.6576185905809938,0.7290919423103333
4,16,7,z,normal,0.05,0.5499999999999999,853,62811,0.013580423811115887,0.032825322391559206,0.15123094958968342,440065,1.6787147521972656,3732.0229355648626,229.0849529672414,156252448.25257865,0.6576185905809938,0.7290919423103333
4,16,7,z,normal,0.05,0.6,1076,76176,0.014125183784919134,0.03392193308550186,0.15055762081784385,440065,1.6787147521972656,3732.0229355648626,229.0849529672414,156252448.25257865,0.6576185905809938,0.7290919423103333
4,16,7,z,normal,0.05,0.65,1198,86403,0.013865259308125875,0.035058430717863104,0.1519198664440734,440065,1.6787147521972656,3732.0229355648626,229.0849529672414,156252448.25257865,0.6576185905809938,0.7290919423103333
4,16,7,z,normal,0.05,0.7,1281,93573,0.013689846430059953,0.03317720530835285,0.1498829039812647,440065,1.6787147521972656,3732.0229355648626,229.0849529672414,156252448.25257865,0.6576185905809938,0.7290919423103333
4,16,7,z,normal,0.05,0.75,1312,97526,0.01345282283698706,0.03277439024390244,0.14862804878048785,440065,1.6787147521972656,3732.0229355648626,229.0849529672414,156252448.25257865,0.6576185905809938,0.7290919423103333
4,16,7,z,normal,0.05,0.7999999999999999,1317,99286,0.013264710029611425,0.032649962034927864,0.14882308276385725,440065,1.6787147521972656,3732.0229355648626,229.0849529672414,156252448.25257865,0.6576185905809938,0.7290919423103333
4,16,7,z,normal,0.05,0.85,1317,99844,0.013190577300588919,0.032649962034927864,0.14882308276385725,440065,1.6787147521972656,3732.0229355648626,229.0849529672414,156252448.25257865,0.6576185905809938,0.7290919423103333
4,16,7,z,normal,0.05,0.9,1318,99990,0.013181318131813181,0.032245827010622154,0.14871016691957506,440065,1.6787147521972656,3732.0229355648626,229.0849529672414,156252448.25257865,0.6576185905809938,0.7290919423103333
4,16,7,z,normal,0.05,0.95,1318,100000,0.01318,0.032245827010622154,0.14871016691957506,440065,1.6787147521972656,3732.0229355648626,229.0849529672414,156252448.25257865,0.6576185905809938,0.7290919423103333
4,16,7,z,normal,0.05,1.0,1318,100000,0.01318,0.032245827010622154,0.14871016691957506,440065,1.6787147521972656,3732.0229355648626,229.0849529672414,156252448.25257865,0.6576185905809938,0.7290919423103333
4,16,7,z,normal,0.025,0.05,0,0,0.0,0.0,0.0,440065,1.6787147521972656,3732.0229355648626,229.0849529672414,156252448.25257865,0.6576185905809938,0.7268999814987183
4,16,7,z,normal,0.025,0.1,1,6,0.16666666666666666,0.0,0.0,440065,1.6787147521972656,3732.0229355648626,229.0849529672414,156252448.25257865,0.6576185905809938,0.7268999814987183
4,16,7,z,normal,0.025,0.15,2,72,0.027777777777777776,0.0,0.0,440065,1.6787147521972656,3732.0229355648626,229.0849529672414,156252448.25257865,0.6576185905809938,0.7268999814987183
4,16,7,z,normal,0.025,0.2,11,378,0.0291005291005291,-0.045454545454545456,0.0,440065,1.6787147521972656,3732.0229355648626,229.0849529672414,156252448.25257865,0.6576185905809938,0.7268999814987183
4,16,7,z,normal,0.025,0.25,49,1543,0.031756318859364877,0.0,0.020408163265306145,440065,1.6787147521972656,3732.0229355648626,229.0849529672414,156252448.25257865,0.6576185905809938,0.7268999814987183
4,16,7,z,normal,0.025,0.3,202,4447,0.045423881268270745,0.0024752475247524753,0.01980198019801982,440065,1.6787147521972656,3732.0229355648626,229.0849529672414,156252448.25257865,0.6576185905809938,0.7268999814987183
4,16,7,z,normal,0.025,0.35,579,10187,0.05683714538136841,0.0069084628670120895,0.032815198618307395,440065,1.6787147521972656,3732.0229355648626,229.0849529672414,156252448.25257865,0.6576185905809938,0.7268999814987183
4,16,7,z,normal,0.025,0.39999999999999997,1282,19506,0.06572336716907619,0.0070202808112324495,0.041341653666146616,440065,1.6787147521972656,3732.0229355648626,229.0849529672414,156252448.25257865,0.6576185905809938,0.7268999814987183
4,16,7,z,normal,0.025,0.44999999999999996,2394,32541,0.07356872868074121,0.007309941520467836,0.04260651629072687,440065,1.6787147521972656,3732.0229355648626,229.0849529672414,156252448.25257865,0.6576185905809938,0.7268999814987183
4,16,7,z,normal,0.025,0.49999999999999994,3739,47789,0.07823976228839273,0.005750200588392618,0.04172238566461617,440065,1.6787147521972656,3732.0229355648626,229.0849529672414,156252448.25257865,0.6576185905809938,0.7268999814987183
4,16,7,z,normal,0.025,0.5499999999999999,5157,63701,0.08095634291455393,0.005817335660267597,0.0424665503199535,440065,1.6787147521972656,3732.0229355648626,229.0849529672414,156252448.25257865,0.6576185905809938,0.7268999814987183
4,16,7,z,normal,0.025,0.6,6344,77716,0.0816305522672294,0.00591109709962169,0.041929382093316536,440065,1.6787147521972656,3732.0229355648626,229.0849529672414,156252448.25257865,0.6576185905809938,0.7268999814987183
4,16,7,z,normal,0.025,0.65,7131,88059,0.08097979763567609,0.005539195063805918,0.04206983592763991,440065,1.6787147521972656,3732.0229355648626,229.0849529672414,156252448.25257865,0.6576185905809938,0.7268999814987183
4,16,7,z,normal,0.025,0.7,7527,94642,0.07953128632108367,0.005513484788096187,0.04171648731234223,440065,1.6787147521972656,3732.0229355648626,229.0849529672414,156252448.25257865,0.6576185905809938,0.7268999814987183
4,16,7,z,normal,0.025,0.75,7729,98095,0.07879096793924258,0.005369388019148661,0.04114374433950063,440065,1.6787147521972656,3732.0229355648626,229.0849529672414,156252448.25257865,0.6576185905809938,0.7268999814987183
4,16,7,z,normal,0.025,0.7999999999999999,7786,99459,0.07828351380971053,0.005265861803236578,0.04084253788851788,440065,1.6787147521972656,3732.0229355648626,229.0849529672414,156252448.25257865,0.6576185905809938,0.7268999814987183
4,16,7,z,normal,0.025,0.85,7800,99915,0.0780663564029425,0.005192307692307692,0.04076923076923078,440065,1.6787147521972656,3732.0229355648626,229.0849529672414,156252448.25257865,0.6576185905809938,0.7268999814987183
4,16,7,z,normal,0.025,0.9,7801,99994,0.07801468088085285,0.00519164209716703,0.040764004614793015,440065,1.6787147521972656,3732.0229355648626,229.0849529672414,156252448.25257865,0.6576185905809938,0.7268999814987183
4,16,7,z,normal,0.025,0.95,7801,100000,0.07801,0.00519164209716703,0.040764004614793015,440065,1.6787147521972656,3732.0229355648626,229.0849529672414,156252448.25257865,0.6576185905809938,0.7268999814987183
4,16,7,z,normal,0.025,1.0,7801,100000,0.07801,0.00519164209716703,0.040764004614793015,440065,1.6787147521972656,3732.0229355648626,229.0849529672414,156252448.25257865,0.6576185905809938,0.7268999814987183
4,16,7,z,normal,0.01,0.05,0,0,0.0,0.0,0.0,440065,1.6787147521972656,3732.0229355648626,229.0849529672414,156252448.25257865,0.6576185905809938,0.7224040627479553
4,16,7,z,normal,0.01,0.1,0,0,0.0,0.0,0.0,440065,1.6787147521972656,3732.0229355648626,229.0849529672414,156252448.25257865,0.6576185905809938,0.7224040627479553
4,16,7,z,normal,0.01,0.15,6,32,0.1875,0.0,0.0,440065,1.6787147521972656,3732.0229355648626,229.0849529672414,156252448.25257865,0.6576185905809938,0.7224040627479553
4,16,7,z,normal,0.01,0.2,46,255,0.1803921568627451,0.0,0.0,440065,1.6787147521972656,3732.0229355648626,229.0849529672414,156252448.25257865,0.6576185905809938,0.7224040627479553
4,16,7,z,normal,0.01,0.25,206,1121,0.18376449598572703,0.0,0.0,440065,1.6787147521972656,3732.0229355648626,229.0849529672414,156252448.25257865,0.6576185905809938,0.7224040627479553
4,16,7,z,normal,0.01,0.3,766,3465,0.22106782106782108,-0.0006527415143603133,0.005221932114882533,440065,1.6787147521972656,3732.0229355648626,229.0849529672414,156252448.25257865,0.6576185905809938,0.7224040627479553
4,16,7,z,normal,0.01,0.35,2138,8810,0.24267877412031783,-0.00023386342376052386,0.007483629560336769,440065,1.6787147521972656,3732.0229355648626,229.0849529672414,156252448.25257865,0.6576185905809938,0.7224040627479553
4,16,7,z,normal,0.01,0.39999999999999997,4832,17953,0.26914721773519745,0.00031043046357615895,0.007864238410596025,440065,1.6787147521972656,3732.0229355648626,229.0849529672414,156252448.25257865,0.6576185905809938,0.7224040627479553
4,16,7,z,normal,0.01,0.44999999999999996,8958,31492,0.2844531944620856,0.0002790801518196026,0.00692118776512618,440065,1.6787147521972656,3732.0229355648626,229.0849529672414,156252448.25257865,0.6576185905809938,0.7224040627479553
4,16,7,z,normal,0.01,0.49999999999999994,14158,47940,0.29532749269920733,0.0003531572255968357,0.006498092950981804,440065,1.6787147521972656,3732.0229355648626,229.0849529672414,156252448.25257865,0.6576185905809938,0.7224040627479553
4,16,7,z,normal,0.01,0.5499999999999999,19252,64575,0.2981339527680991,0.00036359858715977563,0.006388946602950307,440065,1.6787147521972656,3732.0229355648626,229.0849529672414,156252448.25257865,0.6576185905809938,0.7224040627479553
4,16,7,z,normal,0.01,0.6,23684,79020,0.29972158947102,0.00042222597534200305,0.006248944435061632,440065,1.6787147521972656,3732.0229355648626,229.0849529672414,156252448.25257865,0.6576185905809938,0.7224040627479553
4,16,7,z,normal,0.01,0.65,26704,89476,0.29844874603245564,0.0004306470940683044,0.006216297183942454,440065,1.6787147521972656,3732.0229355648626,229.0849529672414,156252448.25257865,0.6576185905809938,0.7224040627479553
4,16,7,z,normal,0.01,0.7,28305,95706,0.29574948279104757,0.0004416180886769122,0.006147323794382653,440065,1.6787147521972656,3732.0229355648626,229.0849529672414,156252448.25257865,0.6576185905809938,0.7224040627479553
4,16,7,z,normal,0.01,0.75,29013,98626,0.29417192221118166,0.0004308413469823872,0.006204115396546417,440065,1.6787147521972656,3732.0229355648626,229.0849529672414,156252448.25257865,0.6576185905809938,0.7224040627479553
4,16,7,z,normal,0.01,0.7999999999999999,29220,99711,0.2930469055570599,0.0004106776180698152,0.006228610540725543,440065,1.6787147521972656,3732.0229355648626,229.0849529672414,156252448.25257865,0.6576185905809938,0.7224040627479553
4,16,7,z,normal,0.01,0.85,29255,99952,0.2926904914358892,0.00041018629294137753,0.006221158776277602,440065,1.6787147521972656,3732.0229355648626,229.0849529672414,156252448.25257865,0.6576185905809938,0.7224040627479553
4,16,7,z,normal,0.01,0.9,29257,99998,0.29257585151703036,0.0004101582527258434,0.006220733499675335,440065,1.6787147521972656,3732.0229355648626,229.0849529672414,156252448.25257865,0.6576185905809938,0.7224040627479553
4,16,7,z,normal,0.01,0.95,29257,100000,0.29257,0.0004101582527258434,0.006220733499675335,440065,1.6787147521972656,3732.0229355648626,229.0849529672414,156252448.25257865,0.6576185905809938,0.7224040627479553
4,16,7,z,normal,0.01,1.0,29257,100000,0.29257,0.0004101582527258434,0.006220733499675335,440065,1.6787147521972656,3732.0229355648626,229.0849529672414,156252448.25257865,0.6576185905809938,0.7224040627479553
4,16,7,z,normal,0.0075,0.05,0,0,0.0,0.0,0.0,440065,1.6787147521972656,3732.0229355648626,229.0849529672414,156252448.25257865,0.6576185905809938,0.7206590175628662
4,16,7,z,normal,0.0075,0.1,0,2,0.0,1,1,440065,1.6787147521972656,3732.0229355648626,229.0849529672414,156252448.25257865,0.6576185905809938,0.7206590175628662
4,16,7,z,normal,0.0075,0.15,5,28,0.17857142857142858,0.0,0.0,440065,1.6787147521972656,3732.0229355648626,229.0849529672414,156252448.25257865,0.6576185905809938,0.7206590175628662
4,16,7,z,normal,0.0075,0.2,36,225,0.16,-0.013888888888888888,0.0,440065,1.6787147521972656,3732.0229355648626,229.0849529672414,156252448.25257865,0.6576185905809938,0.7206590175628662
4,16,7,z,normal,0.0075,0.25,232,977,0.2374616171954964,0.0021551724137931034,0.008620689655172376,440065,1.6787147521972656,3732.0229355648626,229.0849529672414,156252448.25257865,0.6576185905809938,0.7206590175628662
4,16,7,z,normal,0.0075,0.3,965,3280,0.2942073170731707,0.0,0.005181347150259086,440065,1.6787147521972656,3732.0229355648626,229.0849529672414,156252448.25257865,0.6576185905809938,0.7206590175628662
4,16,7,z,normal,0.0075,0.35,2818,8466,0.33286085518544767,0.00035486160397445,0.0031937544357700798,440065,1.6787147521972656,3732.0229355648626,229.0849529672414,156252448.25257865,0.6576185905809938,0.7206590175628662
4,16,7,z,normal,0.0075,0.39999999999999997,6223,17609,0.3533988301436765,0.0004017354973485457,0.003213883978788412,440065,1.6787147521972656,3732.0229355648626,229.0849529672414,156252448.25257865,0.6576185905809938,0.7206590175628662
4,16,7,z,normal,0.0075,0.44999999999999996,11635,31261,0.37218898947570456,0.0003008165019338204,0.0032660077352815176,440065,1.6787147521972656,3732.0229355648626,229.0849529672414,156252448.25257865,0.6576185905809938,0.7206590175628662
4,16,7,z,normal,0.0075,0.49999999999999994,18156,47694,0.38067681469367215,0.00019277373870896672,0.003084379819343508,440065,1.6787147521972656,3732.0229355648626,229.0849529672414,156252448.25257865,0.6576185905809938,0.7206590175628662
4,16,7,z,normal,0.0075,0.5499999999999999,24977,64851,0.3851444079505328,0.00010009208471794051,0.003122873043199692,440065,1.6787147521972656,3732.0229355648626,229.0849529672414,156252448.25257865,0.6576185905809938,0.7206590175628662
4,16,7,z,normal,0.0075,0.6,30626,79260,0.38639919253091093,0.00019591197022138053,0.0033631554888003956,440065,1.6787147521972656,3732.0229355648626,229.0849529672414,156252448.25257865,0.6576185905809938,0.7206590175628662
4,16,7,z,normal,0.0075,0.65,34620,89789,0.3855706155542438,0.0001877527440785673,0.003408434430964724,440065,1.6787147521972656,3732.0229355648626,229.0849529672414,156252448.25257865,0.6576185905809938,0.7206590175628662
4,16,7,z,normal,0.0075,0.7,36717,95829,0.3831512381429421,0.00020426505433450445,0.0034316529128196605,440065,1.6787147521972656,3732.0229355648626,229.0849529672414,156252448.25257865,0.6576185905809938,0.7206590175628662
4,16,7,z,normal,0.0075,0.75,37631,98679,0.3813476018200428,0.00018601684781164465,0.0034545986022163078,440065,1.6787147521972656,3732.0229355648626,229.0849529672414,156252448.25257865,0.6576185905809938,0.7206590175628662
4,16,7,z,normal,0.0075,0.7999999999999999,37931,99702,0.38044372229243145,0.0001845456223142021,0.003453639503308681,440065,1.6787147521972656,3732.0229355648626,229.0849529672414,156252448.25257865,0.6576185905809938,0.7206590175628662
4,16,7,z,normal,0.0075,0.85,37992,99965,0.38005301855649476,0.00018424931564539902,0.003474415666456121,440065,1.6787147521972656,3732.0229355648626,229.0849529672414,156252448.25257865,0.6576185905809938,0.7206590175628662
4,16,7,z,normal,0.0075,0.9,37993,99997,0.3799413982419473,0.00018424446608585792,0.0034743242176190625,440065,1.6787147521972656,3732.0229355648626,229.0849529672414,156252448.25257865,0.6576185905809938,0.7206590175628662
4,16,7,z,normal,0.0075,0.95,37993,100000,0.37993,0.00018424446608585792,0.0034743242176190625,440065,1.6787147521972656,3732.0229355648626,229.0849529672414,156252448.25257865,0.6576185905809938,0.7206590175628662
4,16,7,z,normal,0.0075,1.0,37993,100000,0.37993,0.00018424446608585792,0.0034743242176190625,440065,1.6787147521972656,3732.0229355648626,229.0849529672414,156252448.25257865,0.6576185905809938,0.7206590175628662
4,16,7,z,normal,0.005,0.05,0,0,0.0,0.0,0.0,440065,1.6787147521972656,3732.0229355648626,229.0849529672414,156252448.25257865,0.6576185905809938,0.7206218838691711
4,16,7,z,normal,0.005,0.1,1,2,0.5,0.0,0.0,440065,1.6787147521972656,3732.0229355648626,229.0849529672414,156252448.25257865,0.6576185905809938,0.7206218838691711
4,16,7,z,normal,0.005,0.15,6,25,0.24,0.0,0.0,440065,1.6787147521972656,3732.0229355648626,229.0849529672414,156252448.25257865,0.6576185905809938,0.7206218838691711
4,16,7,z,normal,0.005,0.2,70,199,0.35175879396984927,0.0,0.0,440065,1.6787147521972656,3732.0229355648626,229.0849529672414,156252448.25257865,0.6576185905809938,0.7206218838691711
4,16,7,z,normal,0.005,0.25,374,917,0.4078516902944384,0.0,0.0,440065,1.6787147521972656,3732.0229355648626,229.0849529672414,156252448.25257865,0.6576185905809938,0.7206218838691711
4,16,7,z,normal,0.005,0.3,1439,3160,0.455379746835443,0.0,0.0,440065,1.6787147521972656,3732.0229355648626,229.0849529672414,156252448.25257865,0.6576185905809938,0.7206218838691711
4,16,7,z,normal,0.005,0.35,3897,8179,0.4764641154175327,0.0,0.0010264305876315216,440065,1.6787147521972656,3732.0229355648626,229.0849529672414,156252448.25257865,0.6576185905809938,0.7206218838691711
4,16,7,z,normal,0.005,0.39999999999999997,8574,17511,0.4896350865170464,0.0,0.0010496850944716751,440065,1.6787147521972656,3732.0229355648626,229.0849529672414,156252448.25257865,0.6576185905809938,0.7206218838691711
4,16,7,z,normal,0.005,0.44999999999999996,15675,31106,0.5039220729119784,3.189792663476874e-05,0.0011483253588516762,440065,1.6787147521972656,3732.0229355648626,229.0849529672414,156252448.25257865,0.6576185905809938,0.7206218838691711
4,16,7,z,normal,0.005,0.49999999999999994,24627,47926,0.5138546926511706,-2.0302919559832705e-05,0.0011369634953506402,440065,1.6787147521972656,3732.0229355648626,229.0849529672414,156252448.25257865,0.6576185905809938,0.7206218838691711
4,16,7,z,normal,0.005,0.5499999999999999,33921,65359,0.5189950886641472,5.8960525927891276e-05,0.001503493411161183,440065,1.6787147521972656,3732.0229355648626,229.0849529672414,156252448.25257865,0.6576185905809938,0.7206218838691711
4,16,7,z,normal,0.005,0.6,41588,79957,0.5201295696436835,7.213619313263441e-05,0.0014908146580744353,440065,1.6787147521972656,3732.0229355648626,229.0849529672414,156252448.25257865,0.6576185905809938,0.7206218838691711
4,16,7,z,normal,0.005,0.65,46939,90485,0.5187489639166712,6.391273780864527e-05,0.0015126014614712524,440065,1.6787147521972656,3732.0229355648626,229.0849529672414,156252448.25257865,0.6576185905809938,0.7206218838691711
4,16,7,z,normal,0.005,0.7,49650,96286,0.515651288868579,6.042296072507553e-05,0.001490433031218541,440065,1.6787147521972656,3732.0229355648626,229.0849529672414,156252448.25257865,0.6576185905809938,0.7206218838691711
4,16,7,z,normal,0.005,0.75,50810,98803,0.5142556400109308,5.9043495374926196e-05,0.0014760873843731037,440065,1.6787147521972656,3732.0229355648626,229.0849529672414,156252448.25257865,0.6576185905809938,0.7206218838691711
4,16,7,z,normal,0.005,0.7999999999999999,51201,99743,0.5133292561884042,6.835803988203356e-05,0.0014843460088670435,440065,1.6787147521972656,3732.0229355648626,229.0849529672414,156252448.25257865,0.6576185905809938,0.7206218838691711
4,16,7,z,normal,0.005,0.85,51274,99965,0.5129195218326414,6.82607169325584e-05,0.0014822327105356026,440065,1.6787147521972656,3732.0229355648626,229.0849529672414,156252448.25257865,0.6576185905809938,0.7206218838691711
4,16,7,z,normal,0.005,0.9,51284,99997,0.5128553856615699,6.824740659854925e-05,0.0014819436861399637,440065,1.6787147521972656,3732.0229355648626,229.0849529672414,156252448.25257865,0.6576185905809938,0.7206218838691711
4,16,7,z,normal,0.005,0.95,51284,100000,0.51284,6.824740659854925e-05,0.0014819436861399637,440065,1.6787147521972656,3732.0229355648626,229.0849529672414,156252448.25257865,0.6576185905809938,0.7206218838691711
4,16,7,z,normal,0.005,1.0,51284,100000,0.51284,6.824740659854925e-05,0.0014819436861399637,440065,1.6787147521972656,3732.0229355648626,229.0849529672414,156252448.25257865,0.6576185905809938,0.7206218838691711
4,16,7,z,normal,0.0025,0.05,0,0,0.0,0.0,0.0,440065,1.6787147521972656,3732.0229355648626,229.0849529672414,156252448.25257865,0.6576185905809938,0.7181708216667175
4,16,7,z,normal,0.0025,0.1,0,0,0.0,0.0,0.0,440065,1.6787147521972656,3732.0229355648626,229.0849529672414,156252448.25257865,0.6576185905809938,0.7181708216667175
4,16,7,z,normal,0.0025,0.15,13,19,0.6842105263157895,0.0,0.0,440065,1.6787147521972656,3732.0229355648626,229.0849529672414,156252448.25257865,0.6576185905809938,0.7181708216667175
4,16,7,z,normal,0.0025,0.2,90,149,0.6040268456375839,0.0,0.0,440065,1.6787147521972656,3732.0229355648626,229.0849529672414,156252448.25257865,0.6576185905809938,0.7181708216667175
4,16,7,z,normal,0.0025,0.25,439,739,0.5940460081190798,0.0,0.0,440065,1.6787147521972656,3732.0229355648626,229.0849529672414,156252448.25257865,0.6576185905809938,0.7181708216667175
4,16,7,z,normal,0.0025,0.3,1796,2795,0.6425760286225403,-0.00027839643652561246,0.0,440065,1.6787147521972656,3732.0229355648626,229.0849529672414,156252448.25257865,0.6576185905809938,0.7181708216667175
4,16,7,z,normal,0.0025,0.35,5135,7715,0.6655865197666883,-9.737098344693281e-05,0.0003894839337876821,440065,1.6787147521972656,3732.0229355648626,229.0849529672414,156252448.25257865,0.6576185905809938,0.7181708216667175
4,16,7,z,normal,0.0025,0.39999999999999997,11403,16745,0.6809793968348761,0.0,0.000350784881171573,440065,1.6787147521972656,3732.0229355648626,229.0849529672414,156252448.25257865,0.6576185905809938,0.7181708216667175
4,16,7,z,normal,0.0025,0.44999999999999996,21219,30554,0.6944753551089874,0.0,0.0003770205947499772,440065,1.6787147521972656,3732.0229355648626,229.0849529672414,156252448.25257865,0.6576185905809938,0.7181708216667175
4,16,7,z,normal,0.0025,0.49999999999999994,33465,47678,0.7018960526867738,0.0,0.0003884655610338905,440065,1.6787147521972656,3732.0229355648626,229.0849529672414,156252448.25257865,0.6576185905809938,0.7181708216667175
4,16,7,z,normal,0.0025,0.5499999999999999,46087,65143,0.707474325714198,0.0,0.0003471694838024231,440065,1.6787147521972656,3732.0229355648626,229.0849529672414,156252448.25257865,0.6576185905809938,0.7181708216667175
4,16,7,z,normal,0.0025,0.6,56837,80164,0.7090090314854548,0.0,0.00036947762900929604,440065,1.6787147521972656,3732.0229355648626,229.0849529672414,156252448.25257865,0.6576185905809938,0.7181708216667175
4,16,7,z,normal,0.0025,0.65,64078,90561,0.7075672750963439,-7.802990105808546e-06,0.00034333156465560233,440065,1.6787147521972656,3732.0229355648626,229.0849529672414,156252448.25257865,0.6576185905809938,0.7181708216667175
4,16,7,z,normal,0.0025,0.7,68087,96399,0.7063040073029804,-7.343545757633616e-06,0.0003524901963664062,440065,1.6787147521972656,3732.0229355648626,229.0849529672414,156252448.25257865,0.6576185905809938,0.7181708216667175
4,16,7,z,normal,0.0025,0.75,69782,98980,0.7050111133562336,0.0,0.0003725889197787602,440065,1.6787147521972656,3732.0229355648626,229.0849529672414,156252448.25257865,0.6576185905809938,0.7181708216667175
4,16,7,z,normal,0.0025,0.7999999999999999,70296,99805,0.7043334502279445,-7.112780243541596e-06,0.00036986457266419137,440065,1.6787147521972656,3732.0229355648626,229.0849529672414,156252448.25257865,0.6576185905809938,0.7181708216667175
4,16,7,z,normal,0.0025,0.85,70395,99977,0.7041119457475219,-7.102777185879679e-06,0.000369344413665762,440065,1.6787147521972656,3732.0229355648626,229.0849529672414,156252448.25257865,0.6576185905809938,0.7181708216667175
4,16,7,z,normal,0.0025,0.9,70403,99998,0.7040440808816176,-7.101970086501996e-06,0.00036930244449806526,440065,1.6787147521972656,3732.0229355648626,229.0849529672414,156252448.25257865,0.6576185905809938,0.7181708216667175
4,16,7,z,normal,0.0025,0.95,70403,100000,0.70403,-7.101970086501996e-06,0.00036930244449806526,440065,1.6787147521972656,3732.0229355648626,229.0849529672414,156252448.25257865,0.6576185905809938,0.7181708216667175
4,16,7,z,normal,0.0025,1.0,70403,100000,0.70403,-7.101970086501996e-06,0.00036930244449806526,440065,1.6787147521972656,3732.0229355648626,229.0849529672414,156252448.25257865,0.6576185905809938,0.7181708216667175
4,16,7,z,normal,0.001,0.05,0,0,0.0,0.0,0.0,440065,1.6787147521972656,3732.0229355648626,229.0849529672414,156252448.25257865,0.6576185905809938,0.7181813716888428
4,16,7,z,normal,0.001,0.1,1,1,1.0,0.0,0.0,440065,1.6787147521972656,3732.0229355648626,229.0849529672414,156252448.25257865,0.6576185905809938,0.7181813716888428
4,16,7,z,normal,0.001,0.15,12,14,0.8571428571428571,0.0,0.0,440065,1.6787147521972656,3732.0229355648626,229.0849529672414,156252448.25257865,0.6576185905809938,0.7181813716888428
4,16,7,z,normal,0.001,0.2,116,137,0.8467153284671532,0.0,0.0,440065,1.6787147521972656,3732.0229355648626,229.0849529672414,156252448.25257865,0.6576185905809938,0.7181813716888428
4,16,7,z,normal,0.001,0.25,594,724,0.8204419889502762,0.0,0.0,440065,1.6787147521972656,3732.0229355648626,229.0849529672414,156252448.25257865,0.6576185905809938,0.7181813716888428
4,16,7,z,normal,0.001,0.3,2281,2723,0.837679030481087,0.0,0.0,440065,1.6787147521972656,3732.0229355648626,229.0849529672414,156252448.25257865,0.6576185905809938,0.7181813716888428
4,16,7,z,normal,0.001,0.35,6330,7482,0.8460304731355253,7.898894154818325e-05,0.00031595576619269927,440065,1.6787147521972656,3732.0229355648626,229.0849529672414,156252448.25257865,0.6576185905809938,0.7181813716888428
4,16,7,z,normal,0.001,0.39999999999999997,14234,16623,0.8562834626722011,3.51271603203597e-05,0.00014050864128145601,440065,1.6787147521972656,3732.0229355648626,229.0849529672414,156252448.25257865,0.6576185905809938,0.7181813716888428
4,16,7,z,normal,0.001,0.44999999999999996,26276,30438,0.8632630264800578,-1.9028771502511797e-05,7.611508601002015e-05,440065,1.6787147521972656,3732.0229355648626,229.0849529672414,156252448.25257865,0.6576185905809938,0.7181813716888428
4,16,7,z,normal,0.001,0.49999999999999994,41453,47798,0.8672538599941421,1.2061853183123055e-05,9.649482546503219e-05,440065,1.6787147521972656,3732.0229355648626,229.0849529672414,156252448.25257865,0.6576185905809938,0.7181813716888428
4,16,7,z,normal,0.001,0.5499999999999999,56885,65569,0.8675593649437997,8.78966335589347e-06,7.031730684714521e-05,440065,1.6787147521972656,3732.0229355648626,229.0849529672414,156252448.25257865,0.6576185905809938,0.7181813716888428
4,16,7,z,normal,0.001,0.6,69978,80694,0.8672020224552012,0.0,7.145102746575205e-05,440065,1.6787147521972656,3732.0229355648626,229.0849529672414,156252448.25257865,0.6576185905809938,0.7181813716888428
4,16,7,z,normal,0.001,0.65,78753,90879,0.8665698346152576,0.0,6.348964483893216e-05,440065,1.6787147521972656,3732.0229355648626,229.0849529672414,156252448.25257865,0.6576185905809938,0.7181813716888428
4,16,7,z,normal,0.001,0.7,83676,96630,0.865942253958398,0.0,5.9754290358093876e-05,440065,1.6787147521972656,3732.0229355648626,229.0849529672414,156252448.25257865,0.6576185905809938,0.7181813716888428
4,16,7,z,normal,0.001,0.75,85764,99053,0.8658395000656214,0.0,5.829951961200397e-05,440065,1.6787147521972656,3732.0229355648626,229.0849529672414,156252448.25257865,0.6576185905809938,0.7181813716888428
4,16,7,z,normal,0.001,0.7999999999999999,86416,99829,0.8656402448186399,0.0,5.785965561933004e-05,440065,1.6787147521972656,3732.0229355648626,229.0849529672414,156252448.25257865,0.6576185905809938,0.7181813716888428
4,16,7,z,normal,0.001,0.85,86537,99983,0.8655171379134453,0.0,5.777875359669338e-05,440065,1.6787147521972656,3732.0229355648626,229.0849529672414,156252448.25257865,0.6576185905809938,0.7181813716888428
4,16,7,z,normal,0.001,0.9,86548,99997,0.8655059651789554,0.0,5.777141008456166e-05,440065,1.6787147521972656,3732.0229355648626,229.0849529672414,156252448.25257865,0.6576185905809938,0.7181813716888428
4,16,7,z,normal,0.001,0.95,86550,100000,0.8655,0.0,5.7770075101104545e-05,440065,1.6787147521972656,3732.0229355648626,229.0849529672414,156252448.25257865,0.6576185905809938,0.7181813716888428
4,16,7,z,normal,0.001,1.0,86550,100000,0.8655,0.0,5.7770075101104545e-05,440065,1.6787147521972656,3732.0229355648626,229.0849529672414,156252448.25257865,0.6576185905809938,0.7181813716888428
4,16,7,z,normal,0.01,0.5,1395,4769,0.2925141539106731,0.00035842293906810036,0.007168458781361964,440065,1.6787147521972656,3520.5335372127593,243.05045884102583,21359134.050846566,0.6216679701028159,0.7542721629142761
4,16,7,z,normal,0.01,0.51,1471,4999,0.29425885177035405,0.0006798096532970768,0.007477906186267869,440065,1.6787147521972656,3520.5335372127593,243.05045884102583,21359134.050846566,0.6216679701028159,0.7542721629142761
4,16,7,z,normal,0.01,0.52,1544,5239,0.2947127314372972,0.0009715025906735751,0.007772020725388629,440065,1.6787147521972656,3520.5335372127593,243.05045884102583,21359134.050846566,0.6216679701028159,0.7542721629142761
4,16,7,z,normal,0.01,0.53,1591,5430,0.29300184162062615,0.00031426775612822125,0.007542426147077341,440065,1.6787147521972656,3520.5335372127593,243.05045884102583,21359134.050846566,0.6216679701028159,0.7542721629142761
4,16,7,z,normal,0.01,0.54,1670,5654,0.29536611248673506,0.0008982035928143712,0.008383233532934131,440065,1.6787147521972656,3520.5335372127593,243.05045884102583,21359134.050846566,0.6216679701028159,0.7542721629142761
4,16,7,z,normal,0.01,0.55,1749,5883,0.2972972972972973,0.0005717552887364208,0.00800457404230992,440065,1.6787147521972656,3520.5335372127593,243.05045884102583,21359134.050846566,0.6216679701028159,0.7542721629142761
4,16,7,z,normal,0.01,0.5599999999999999,1827,6106,0.29921388797903703,0.0008210180623973727,0.008757525998905336,440065,1.6787147521972656,3520.5335372127593,243.05045884102583,21359134.050846566,0.6216679701028159,0.7542721629142761
4,16,7,z,normal,0.01,0.57,1885,6318,0.29835390946502055,0.0007957559681697613,0.008488063660477496,440065,1.6787147521972656,3520.5335372127593,243.05045884102583,21359134.050846566,0.6216679701028159,0.7542721629142761
4,16,7,z,normal,0.01,0.58,1939,6522,0.2973014412756823,0.0007735946364105209,0.008251676121712181,440065,1.6787147521972656,3520.5335372127593,243.05045884102583,21359134.050846566,0.6216679701028159,0.7542721629142761
4,16,7,z,normal,0.01,0.59,1994,6715,0.2969471332836932,0.0005015045135406219,0.008024072216649913,440065,1.6787147521972656,3520.5335372127593,243.05045884102583,21359134.050846566,0.6216679701028159,0.7542721629142761
4,16,7,z,normal,0.01,0.6,2054,6892,0.2980266976204295,0.00024342745861733204,0.007789678675754641,440065,1.6787147521972656,3520.5335372127593,243.05045884102583,21359134.050846566,0.6216679701028159,0.7542721629142761
4,16,7,z,normal,0.0075,0.5,1796,4726,0.3800253914515446,0.0,0.0033407572383074013,440065,1.6787147521972656,3520.5335372127593,243.05045884102583,21359134.050846566,0.6216679701028159,0.7526066303253174
4,16,7,z,normal,0.0075,0.51,1881,4959,0.3793103448275862,0.0,0.0031897926634768536,440065,1.6787147521972656,3520.5335372127593,243.05045884102583,21359134.050846566,0.6216679701028159,0.7526066303253174
4,16,7,z,normal,0.0075,0.52,1985,5182,0.38305673485140873,-0.00025188916876574307,0.003022670025188967,440065,1.6787147521972656,3520.5335372127593,243.05045884102583,21359134.050846566,0.6216679701028159,0.7526066303253174
4,16,7,z,normal,0.0075,0.53,2080,5400,0.3851851851851852,-0.0002403846153846154,0.0028846153846153744,440065,1.6787147521972656,3520.5335372127593,243.05045884102583,21359134.050846566,0.6216679701028159,0.7526066303253174
4,16,7,z,normal,0.0075,0.54,2167,5621,0.38551859099804303,0.0,0.0032302722658053007,440065,1.6787147521972656,3520.5335372127593,243.05045884102583,21359134.050846566,0.6216679701028159,0.7526066303253174
4,16,7,z,normal,0.0075,0.55,2261,5846,0.3867601778994184,0.0,0.003095975232198178,440065,1.6787147521972656,3520.5335372127593,243.05045884102583,21359134.050846566,0.6216679701028159,0.7526066303253174
4,16,7,z,normal,0.0075,0.5599999999999999,2355,6082,0.3872081552121013,0.0,0.002972399150743099,440065,1.6787147521972656,3520.5335372127593,243.05045884102583,21359134.050846566,0.6216679701028159,0.7526066303253174
4,16,7,z,normal,0.0075,0.57,2440,6304,0.3870558375634518,0.0,0.0028688524590163578,440065,1.6787147521972656,3520.5335372127593,243.05045884102583,21359134.050846566,0.6216679701028159,0.7526066303253174
4,16,7,z,normal,0.0075,0.58,2531,6520,0.38819018404907973,0.00019755037534571315,0.003160806005531369,440065,1.6787147521972656,3520.5335372127593,243.05045884102583,21359134.050846566,0.6216679701028159,0.7526066303253174
4,16,7,z,normal,0.0075,0.59,2610,6745,0.38695329873980727,0.0,0.0030651340996168397,440065,1.6787147521972656,3520.5335372127593,243.05045884102583,21359134.050846566,0.6216679701028159,0.7526066303253174
4,16,7,z,normal,0.0075,0.6,2694,6968,0.38662456946039037,-0.0001855976243504083,0.0029695619896065173,440065,1.6787147521972656,3520.5335372127593,243.05045884102583,21359134.050846566,0.6216679701028159,0.7526066303253174
4,16,7,z,normal,0.005,0.5,2468,4758,0.5187053383774696,0.0,0.0016207455429497752,440065,1.6787147521972656,3520.5335372127593,243.05045884102583,21359134.050846566,0.6216679701028159,0.7545995116233826
4,16,7,z,normal,0.005,0.51,2588,5001,0.51749650069986,0.0,0.0015455950540957941,440065,1.6787147521972656,3520.5335372127593,243.05045884102583,21359134.050846566,0.6216679701028159,0.7545995116233826
4,16,7,z,normal,0.005,0.52,2703,5224,0.5174196018376723,-0.0001849796522382538,0.0014798372179060104,440065,1.6787147521972656,3520.5335372127593,243.05045884102583,21359134.050846566,0.6216679701028159,0.7545995116233826
4,16,7,z,normal,0.005,0.53,2824,5449,0.518260231235089,-0.00017705382436260624,0.0014164305949008194,440065,1.6787147521972656,3520.5335372127593,243.05045884102583,21359134.050846566,0.6216679701028159,0.7545995116233826
4,16,7,z,normal,0.005,0.54,2924,5652,0.5173389950460014,-0.0001709986320109439,0.001367989056087593,440065,1.6787147521972656,3520.5335372127593,243.05045884102583,21359134.050846566,0.6216679701028159,0.7545995116233826
4,16,7,z,normal,0.005,0.55,3036,5867,0.5174705982614625,0.0,0.0016469038208168918,440065,1.6787147521972656,3520.5335372127593,243.05045884102583,21359134.050846566,0.6216679701028159,0.7545995116233826
4,16,7,z,normal,0.005,0.5599999999999999,3172,6100,0.52,0.0,0.0015762925598991062,440065,1.6787147521972656,3520.5335372127593,243.05045884102583,21359134.050846566,0.6216679701028159,0.7545995116233826
4,16,7,z,normal,0.005,0.57,3304,6342,0.5209713024282561,0.0001513317191283293,0.001815980629539915,440065,1.6787147521972656,3520.5335372127593,243.05045884102583,21359134.050846566,0.6216679701028159,0.7545995116233826
4,16,7,z,normal,0.005,0.58,3429,6551,0.5234315371698978,0.0,0.0017497812773403787,440065,1.6787147521972656,3520.5335372127593,243.05045884102583,21359134.050846566,0.6216679701028159,0.7545995116233826
4,16,7,z,normal,0.005,0.59,3545,6773,0.523401742211723,0.0,0.001692524682651575,440065,1.6787147521972656,3520.5335372127593,243.05045884102583,21359134.050846566,0.6216679701028159,0.7545995116233826
4,16,7,z,normal,0.005,0.6,3670,6998,0.5244355530151472,0.0,0.0016348773841962094,440065,1.6787147521972656,3520.5335372127593,243.05045884102583,21359134.050846566,0.6216679701028159,0.7545995116233826
4,16,7,z,normal,0.0025,0.5,3263,4717,0.691753232987068,0.0,0.00030646644192455774,440065,1.6787147521972656,3520.5335372127593,243.05045884102583,21359134.050846566,0.6216679701028159,0.7494321465492249
4,16,7,z,normal,0.0025,0.51,3413,4929,0.6924325420977886,0.0,0.00029299736302368373,440065,1.6787147521972656,3520.5335372127593,243.05045884102583,21359134.050846566,0.6216679701028159,0.7494321465492249
4,16,7,z,normal,0.0025,0.52,3577,5148,0.6948329448329449,0.0,0.0002795638803466671,440065,1.6787147521972656,3520.5335372127593,243.05045884102583,21359134.050846566,0.6216679701028159,0.7494321465492249
4,16,7,z,normal,0.0025,0.53,3742,5382,0.6952805648457823,0.0,0.00026723677177975524,440065,1.6787147521972656,3520.5335372127593,243.05045884102583,21359134.050846566,0.6216679701028159,0.7494321465492249
4,16,7,z,normal,0.0025,0.54,3915,5615,0.697239536954586,0.0,0.00025542784163479215,440065,1.6787147521972656,3520.5335372127593,243.05045884102583,21359134.050846566,0.6216679701028159,0.7494321465492249
4,16,7,z,normal,0.0025,0.55,4080,5846,0.6979131029763941,0.0,0.0002450980392156854,440065,1.6787147521972656,3520.5335372127593,243.05045884102583,21359134.050846566,0.6216679701028159,0.7494321465492249
4,16,7,z,normal,0.0025,0.5599999999999999,4230,6057,0.6983655274888558,0.0,0.00023640661938528762,440065,1.6787147521972656,3520.5335372127593,243.05045884102583,21359134.050846566,0.6216679701028159,0.7494321465492249
4,16,7,z,normal,0.0025,0.57,4412,6297,0.7006511037001747,0.0,0.0002266545784225249,440065,1.6787147521972656,3520.5335372127593,243.05045884102583,21359134.050846566,0.6216679701028159,0.7494321465492249
4,16,7,z,normal,0.0025,0.58,4580,6539,0.7004129071723505,0.0,0.00021834061135372895,440065,1.6787147521972656,3520.5335372127593,243.05045884102583,21359134.050846566,0.6216679701028159,0.7494321465492249
4,16,7,z,normal,0.0025,0.59,4750,6767,0.7019358652283139,0.0,0.0002105263157894388,440065,1.6787147521972656,3520.5335372127593,243.05045884102583,21359134.050846566,0.6216679701028159,0.7494321465492249
4,16,7,z,normal,0.0025,0.6,4899,6966,0.7032730404823428,0.0,0.0002041232904674839,440065,1.6787147521972656,3520.5335372127593,243.05045884102583,21359134.050846566,0.6216679701028159,0.7494321465492249
4,16,7,z,normal,0.001,0.5,4135,4737,0.8729153472662022,-0.00012091898428053205,0.0,440065,1.6787147521972656,3520.5335372127593,243.05045884102583,21359134.050846566,0.6216679701028159,0.7555040717124939
4,16,7,z,normal,0.001,0.51,4347,4979,0.873066880899779,-0.00011502185415228893,0.0,440065,1.6787147521972656,3520.5335372127593,243.05045884102583,21359134.050846566,0.6216679701028159,0.7555040717124939
4,16,7,z,normal,0.001,0.52,4569,5216,0.8759585889570553,-0.0001094331363536879,0.0,440065,1.6787147521972656,3520.5335372127593,243.05045884102583,21359134.050846566,0.6216679701028159,0.7555040717124939
4,16,7,z,normal,0.001,0.53,4796,5477,0.87566185868176,-0.0001042535446205171,0.0,440065,1.6787147521972656,3520.5335372127593,243.05045884102583,21359134.050846566,0.6216679701028159,0.7555040717124939
4,16,7,z,normal,0.001,0.54,4994,5699,0.876294086681874,-0.00010012014417300761,0.0,440065,1.6787147521972656,3520.5335372127593,243.05045884102583,21359134.050846566,0.6216679701028159,0.7555040717124939
4,16,7,z,normal,0.001,0.55,5188,5919,0.8764994086838993,-9.637625289128758e-05,0.0,440065,1.6787147521972656,3520.5335372127593,243.05045884102583,21359134.050846566,0.6216679701028159,0.7555040717124939
4,16,7,z,normal,0.001,0.5599999999999999,5399,6156,0.8770305393112411,-9.260974254491573e-05,0.0,440065,1.6787147521972656,3520.5335372127593,243.05045884102583,21359134.050846566,0.6216679701028159,0.7555040717124939
4,16,7,z,normal,0.001,0.57,5607,6386,0.8780144065142499,-8.917424647761727e-05,0.0,440065,1.6787147521972656,3520.5335372127593,243.05045884102583,21359134.050846566,0.6216679701028159,0.7555040717124939
4,16,7,z,normal,0.001,0.58,5789,6591,0.8783189197390381,-8.637070305752289e-05,0.0,440065,1.6787147521972656,3520.5335372127593,243.05045884102583,21359134.050846566,0.6216679701028159,0.7555040717124939
4,16,7,z,normal,0.001,0.59,5980,6806,0.8786364972083456,-8.361204013377926e-05,0.0,440065,1.6787147521972656,3520.5335372127593,243.05045884102583,21359134.050846566,0.6216679701028159,0.7555040717124939
4,16,7,z,normal,0.001,0.6,6170,7031,0.8775423126155597,-8.103727714748784e-05,0.0,440065,1.6787147521972656,3520.5335372127593,243.05045884102583,21359134.050846566,0.6216679701028159,0.7555040717124939
